ds,y,open,high,low,volume
2005-01-03,1002.9956,1000.0037,1004.6467,994.6744,1065665
2005-01-04,1000.7060,1000.1266,1008.4844,997.2866,1006456
2005-01-05,1005.3889,1002.0695,1005.9783,996.8991,1193092
2005-01-06,995.1643,1007.2783,1009.7708,984.9984,813150
2005-01-07,988.0372,990.1592,997.0545,986.5708,1258018
2005-01-10,965.4103,987.5384,990.4168,965.1574,1238726
2005-01-11,955.6396,960.6101,966.7538,950.6169,1708205
2005-01-12,952.8107,953.1451,958.6174,949.2180,1199932
2005-01-13,953.7685,953.1381,961.0636,952.6868,1849609
2005-01-14,957.5228,949.3785,958.2046,945.7535,2223132
2005-01-17,948.6426,959.6271,960.0390,945.4968,1144944
2005-01-18,949.9015,950.5074,954.1620,942.0751,989071
2005-01-19,946.3877,950.4349,951.1036,940.1990,1010474
2005-01-20,953.4993,945.8913,959.3572,939.2197,941647
2005-01-21,938.4761,955.1349,957.4819,937.9925,1739723
2005-01-24,937.3909,940.3434,942.3441,936.0394,1914150
2005-01-25,933.6589,936.2802,938.1107,933.0345,1133673
2005-01-26,930.7763,930.8722,933.0906,924.9701,1454696
2005-01-27,936.1120,930.7180,937.7639,925.6520,1186846
2005-01-28,927.2969,937.5022,939.1571,919.3669,643379
2005-01-31,919.4304,926.5692,927.3534,908.8490,925308
2005-02-01,919.5748,917.9483,921.9223,917.1113,1116944
2005-02-02,925.1671,921.1843,929.9407,920.8212,1193090
2005-02-03,924.7396,922.7761,928.6417,918.3841,1247852
2005-02-04,920.6324,924.9350,925.4545,911.9677,833901
2005-02-07,906.3889,921.4064,925.0268,899.0876,1464367
2005-02-08,910.5245,904.3989,911.1446,897.2012,1729881
2005-02-09,913.3470,913.8544,915.1230,912.6079,883609
2005-02-10,911.7551,915.8121,916.0421,908.2129,976031
2005-02-11,918.0717,908.9977,918.7426,904.8445,1175896
2005-02-14,914.2121,916.5669,918.9962,914.1777,1045931
2005-02-15,903.9382,913.5793,916.9893,897.0606,953654
2005-02-16,904.0926,901.6273,910.2929,895.2827,1104434
2005-02-17,890.4264,902.7550,905.8686,890.3286,1194348
2005-02-18,892.1998,888.6827,894.7108,888.0211,853190
2005-02-21,899.4861,889.4766,901.7822,888.1733,1170513
2005-02-22,894.6639,898.4873,901.3434,893.3046,1130285
2005-02-23,903.4189,894.7130,906.4600,893.0241,995550
2005-02-24,907.4874,900.2783,911.9183,899.6401,1391745
2005-02-25,915.4443,909.2319,919.5997,907.1979,1855842
2005-02-28,919.1472,912.6152,921.4045,908.6646,2073487
2005-03-01,913.9776,922.4521,930.0155,910.3743,866480
2005-03-02,920.0627,913.9506,927.2937,904.8125,1266856
2005-03-03,918.3769,920.1593,920.3272,914.6441,743578
2005-03-04,911.2421,918.0265,924.9629,909.1340,1143682
2005-03-07,905.1755,912.0983,914.8760,901.0065,894075
2005-03-08,900.1554,905.5830,907.0697,898.7476,2140641
2005-03-09,903.3705,897.3072,903.7385,897.2499,753321
2005-03-10,907.4261,902.4478,907.7586,902.1230,1062718
2005-03-11,909.5733,909.7154,918.4946,906.8299,640729
2005-03-14,899.9345,903.3167,908.4458,899.7544,810391
2005-03-15,905.6737,898.0335,906.3158,897.8397,1143191
2005-03-16,911.2156,905.7516,913.4744,904.8767,849159
2005-03-17,907.6295,912.2540,916.7117,902.5029,1113225
2005-03-18,898.9131,907.6150,914.4605,893.2028,1006401
2005-03-21,903.0658,900.4865,913.8259,899.4652,1141866
2005-03-22,896.0452,903.2331,904.3167,895.3344,1656681
2005-03-23,896.6833,896.7207,902.9209,894.4423,1033955
2005-03-24,903.3816,893.1386,907.1882,889.5751,1413426
2005-03-25,905.0325,903.6009,906.0383,902.7904,1177286
2005-03-28,911.5683,907.9638,911.7963,905.7161,953226
2005-03-29,918.0760,914.7311,918.3441,913.3634,828083
2005-03-30,923.7855,917.9422,925.3671,917.0336,1082151
2005-03-31,913.3965,924.0057,924.9523,910.0084,1507362
2005-04-01,915.8372,911.7687,922.3232,910.4460,974177
2005-04-04,916.2175,916.2314,920.3335,914.3208,2126584
2005-04-05,914.3577,915.7033,919.8744,913.0896,795236
2005-04-06,920.4815,912.2213,924.0108,908.0616,1818828
2005-04-07,924.6081,920.9891,932.3155,920.2190,964482
2005-04-08,922.2583,921.9896,927.9939,918.2887,866832
2005-04-11,917.4892,920.6469,921.7478,916.7193,1222172
2005-04-12,916.1857,918.0430,918.1930,915.4162,1116698
2005-04-13,928.4873,917.0991,930.6652,916.8965,688041
2005-04-14,915.9249,929.2919,935.1576,912.4360,1434367
2005-04-15,902.8907,915.5885,917.2561,899.8927,1425313
2005-04-18,910.0711,908.3240,913.8483,902.6906,1173900
2005-04-19,900.4630,909.6459,910.2056,895.0007,1665052
2005-04-20,911.9016,903.0485,914.2373,900.5447,1150564
2005-04-21,908.0210,910.9069,917.5776,900.6906,1530240
2005-04-22,909.3317,907.5487,914.3017,899.0302,947563
2005-04-25,912.8682,909.7493,914.6726,904.8590,1268314
2005-04-26,902.9094,910.0573,913.7910,900.7831,670132
2005-04-27,910.8454,906.1022,917.2775,904.2828,1089696
2005-04-28,928.5599,908.1532,929.4165,900.6076,981178
2005-04-29,913.5640,929.0181,931.1625,908.1679,839633
2005-05-02,920.0100,916.7052,926.1799,913.7659,1078637
2005-05-03,914.7464,919.8677,924.6347,913.0072,905017
2005-05-04,910.7317,911.1754,916.0687,902.3212,1225399
2005-05-05,900.3564,908.9975,913.5588,897.6243,1905970
2005-05-06,901.7206,898.2683,902.9418,894.2441,1454693
2005-05-09,906.5177,901.3211,906.7629,895.7421,1173500
2005-05-10,914.7433,906.6487,919.3677,906.4503,718140
2005-05-11,907.2610,916.4021,925.6554,906.9623,1677158
2005-05-12,894.4465,903.4497,907.1661,888.8841,1347066
2005-05-13,886.1083,892.3435,895.3838,882.2132,1382927
2005-05-16,873.2834,883.6080,893.0940,863.8783,1102798
2005-05-17,873.6580,873.9342,874.7884,873.3929,2172883
2005-05-18,857.8631,871.0041,876.1815,851.1835,1520906
2005-05-19,851.3265,860.1241,867.8326,849.3905,1879922
2005-05-20,848.4857,843.8203,854.2391,838.3234,892276
2005-05-23,834.9829,847.7539,852.7780,828.0156,1564738
2005-05-24,826.1981,833.9094,844.0874,824.1173,1226611
2005-05-25,825.1511,825.9761,831.9212,824.8015,1223240
2005-05-26,844.3660,828.4204,845.0751,824.5393,1202941
2005-05-27,835.2344,842.5580,842.9068,829.1089,1517416
2005-05-30,837.3679,834.9309,838.4401,830.6945,950057
2005-05-31,831.5879,836.7022,838.0152,831.5632,830909
2005-06-01,819.7153,831.7699,835.1214,818.1429,666874
2005-06-02,821.3517,819.9668,822.2225,817.6370,1117894
2005-06-03,816.4162,818.7782,821.6914,815.9353,863286
2005-06-06,818.2345,817.0166,818.9576,814.7804,1453119
2005-06-07,817.9164,814.1637,819.1085,812.7823,1369907
2005-06-08,814.3545,816.3813,819.3764,812.3411,1288688
2005-06-09,814.9865,810.9282,820.3111,806.3817,1291466
2005-06-10,818.4487,811.5964,819.0939,800.6702,1338517
2005-06-13,806.1756,815.2809,817.9761,800.8606,1063969
2005-06-14,820.1134,806.7900,827.4964,806.3213,1121821
2005-06-15,811.1680,816.9479,819.0824,809.2012,1268141
2005-06-16,807.2252,813.6607,813.9422,803.5922,1463550
2005-06-17,813.0160,809.8102,814.5193,808.0608,903254
2005-06-20,813.7211,809.1235,813.9838,807.6638,730410
2005-06-21,808.3315,812.8865,816.8446,798.1510,1090778
2005-06-22,813.1775,810.3344,815.8774,810.2679,1508173
2005-06-23,806.2387,807.1424,809.5122,803.2759,1993969
2005-06-24,810.9827,808.7087,812.3037,805.2857,1018030
2005-06-27,817.3870,810.8967,825.8757,810.2153,1175174
2005-06-28,827.4837,817.8131,827.6154,811.5273,891403
2005-06-29,825.5713,827.0630,830.6263,820.8679,762897
2005-06-30,826.0232,823.5833,828.8951,817.0030,1627724
2005-07-01,830.5131,827.0585,832.5179,822.7542,1101915
2005-07-04,826.5130,832.7795,836.3229,825.6726,955998
2005-07-05,829.6174,827.8711,833.3481,827.5779,1058292
2005-07-06,827.2796,831.4171,833.1467,822.5514,2291748
2005-07-07,831.4892,831.0868,832.3256,825.2529,1122767
2005-07-08,830.3866,829.6554,832.0841,826.5500,709557
2005-07-11,831.8086,827.7783,834.5759,827.2660,1233370
2005-07-12,830.9302,832.9039,834.6713,827.7926,1033723
2005-07-13,835.6527,829.1766,835.7461,826.6520,1032283
2005-07-14,839.2966,835.2713,844.8293,831.7116,1024111
2005-07-15,849.1078,843.6277,849.4926,841.1894,2122798
2005-07-18,846.3854,848.6699,853.2220,844.5412,1416984
2005-07-19,857.2189,845.4595,863.5543,843.4011,1417448
2005-07-20,857.4171,853.1461,858.1995,851.4086,1435268
2005-07-21,845.8702,856.7535,858.1848,843.0294,1053578
2005-07-22,842.2257,844.6045,854.3239,837.1632,1272706
2005-07-25,858.0626,844.4902,858.1563,837.1673,898433
2005-07-26,851.1314,855.1510,855.5347,841.5865,1337094
2005-07-27,849.8989,847.5505,850.4186,846.0678,1178432
2005-07-28,844.0291,848.6681,856.3712,843.8948,2080580
2005-07-29,858.4256,848.4675,861.6407,845.4329,1839280
2005-08-01,857.7087,858.2848,859.7479,857.2475,1066506
2005-08-02,848.8477,857.5070,859.3080,838.0478,1180903
2005-08-03,852.5548,848.2731,855.9874,842.9290,1135415
2005-08-04,856.8269,854.7103,857.4017,847.4367,980187
2005-08-05,853.0491,857.0167,863.8817,844.1817,977663
2005-08-08,856.7918,851.8755,859.4991,845.7133,741739
2005-08-09,856.2993,858.4213,861.3196,853.9629,898300
2005-08-10,849.4104,851.9715,858.2205,846.7253,1315355
2005-08-11,861.1518,850.0601,861.9950,843.6953,938526
2005-08-12,849.9286,859.0682,861.0414,847.0435,658656
2005-08-15,850.6950,851.5703,853.2548,850.1970,1453678
2005-08-16,860.1650,850.7811,862.1135,849.0070,1350440
2005-08-17,855.4726,856.7542,857.9670,854.5046,797908
2005-08-18,860.0000,859.2035,865.5663,851.4188,1097625
2005-08-19,854.4625,859.7995,860.2115,851.6177,1403362
2005-08-22,852.5969,852.8774,857.1669,841.4329,876825
2005-08-23,845.7375,851.6174,854.9300,840.9450,1019879
2005-08-24,838.8546,845.6754,849.7044,836.8761,628362
2005-08-25,832.9771,835.8391,836.4567,832.2065,693433
2005-08-26,837.5189,832.0218,839.8259,831.6976,903699
2005-08-29,834.8808,838.8043,843.5835,831.6328,1815706
2005-08-30,842.9632,835.3145,844.8716,831.6256,977072
2005-08-31,859.7127,842.6421,862.9106,840.6006,1145548
2005-09-01,870.5412,860.5180,872.9889,851.9595,1113434
2005-09-02,871.5200,870.5808,878.3244,868.9538,1553889
2005-09-05,875.9591,868.8034,886.4335,865.0040,1303542
2005-09-06,890.8423,876.3310,895.4083,875.7944,1379690
2005-09-07,888.9300,892.8400,894.4938,887.4436,1267259
2005-09-08,878.8607,888.5903,888.6989,874.4111,907358
2005-09-09,883.9797,878.2378,889.5597,877.2948,885164
2005-09-12,906.6619,886.8576,917.2279,885.7446,1511406
2005-09-13,908.1234,907.0450,917.9903,898.7288,1732085
2005-09-14,922.3333,907.9747,923.4882,903.9018,1357883
2005-09-15,925.0658,924.6844,928.1946,921.3531,663950
2005-09-16,935.0366,927.8329,935.9566,927.4117,1702547
2005-09-19,926.3878,933.6253,934.7894,919.1364,822143
2005-09-20,923.5562,929.9944,936.6932,915.9992,1207170
2005-09-21,916.3629,919.8020,925.1832,909.5444,1084060
2005-09-22,924.2474,917.5084,927.9182,915.5076,1215798
2005-09-23,918.1608,922.7447,923.1203,917.9944,1033275
2005-09-26,927.1464,917.0021,928.3226,912.2026,1747490
2005-09-27,949.8227,928.7648,954.4776,924.3278,1107396
2005-09-28,975.1979,956.0195,988.6459,949.5500,1541730
2005-09-29,988.0331,978.3066,988.5975,974.7250,1591272
2005-09-30,1001.3575,987.7251,1019.6362,982.7260,957573
2005-10-03,1002.1419,1005.1919,1012.3405,999.1587,992404
2005-10-04,979.0033,998.6661,998.8692,975.3075,1751836
2005-10-05,992.6838,978.4289,992.8315,977.6732,1565397
2005-10-06,992.3575,997.0252,999.0314,991.0423,1349461
2005-10-07,1002.2706,988.8481,1005.4336,985.2562,1014771
2005-10-10,1008.7129,1003.6562,1011.9859,988.1585,1444831
2005-10-11,1027.5369,1015.3977,1032.6085,1012.5167,1460299
2005-10-12,1028.4392,1027.7810,1030.7275,1013.4474,1210738
2005-10-13,1024.7129,1020.0135,1030.2464,1014.6150,1198965
2005-10-14,1008.4377,1025.7073,1038.5473,1000.8181,687037
2005-10-17,1024.5807,1004.8730,1032.5413,1000.0896,845929
2005-10-18,1021.6387,1025.7309,1026.1912,1017.2888,2174781
2005-10-19,1023.8767,1022.3534,1031.0612,1018.0781,1180143
2005-10-20,1026.2961,1026.8104,1039.1784,1012.3945,1150593
2005-10-21,1025.3241,1029.2822,1034.6711,1023.5286,823453
2005-10-24,1052.3880,1025.7091,1060.0228,1018.5531,949738
2005-10-25,1064.0562,1050.7936,1070.6256,1045.3734,1673928
2005-10-26,1062.5559,1067.4653,1076.3302,1050.4417,1037626
2005-10-27,1063.5670,1054.2055,1068.3180,1050.6222,2217348
2005-10-28,1054.0234,1067.7963,1074.0956,1045.7974,1001653
2005-10-31,1049.4086,1050.6859,1061.9410,1039.1896,606638
2005-11-01,1042.6831,1045.6913,1047.2151,1041.5730,1343364
2005-11-02,1054.3784,1041.9886,1068.5445,1041.9876,993588
2005-11-03,1057.2533,1054.8166,1063.3162,1050.5853,1563325
2005-11-04,1051.1584,1058.3660,1071.4590,1036.6296,788338
2005-11-07,1078.2031,1052.0888,1083.1701,1050.7260,1142280
2005-11-08,1073.4385,1076.1369,1080.3462,1067.7855,1123933
2005-11-09,1057.2797,1071.8251,1072.1876,1050.8526,1188976
2005-11-10,1065.6990,1061.1499,1069.4786,1058.5027,1286035
2005-11-11,1061.5025,1065.2349,1070.7820,1053.6570,1878142
2005-11-14,1052.9402,1061.6215,1065.0441,1048.2600,1306568
2005-11-15,1063.4799,1050.5061,1068.8535,1035.2246,995649
2005-11-16,1056.2139,1056.6634,1063.8538,1051.8422,828744
2005-11-17,1073.3852,1053.7039,1075.5216,1053.6768,1690307
2005-11-18,1097.5748,1082.0808,1098.5819,1079.5586,1498445
2005-11-21,1081.0016,1095.1071,1095.5292,1073.5048,1254158
2005-11-22,1113.4211,1081.3904,1120.5327,1080.4055,1221505
2005-11-23,1132.6714,1115.5488,1137.5326,1107.5771,817779
2005-11-24,1136.9852,1128.0542,1137.4430,1117.9960,1199829
2005-11-25,1145.2169,1137.1361,1150.9636,1134.7364,767701
2005-11-28,1165.1555,1139.8629,1186.0942,1136.7329,1400862
2005-11-29,1150.4091,1163.3463,1163.9363,1150.3617,1286744
2005-11-30,1139.2735,1141.5741,1149.6183,1134.1607,1407497
2005-12-01,1155.9537,1142.2001,1160.5582,1133.7794,1857183
2005-12-02,1183.0511,1161.2428,1184.4363,1159.6197,1674092
2005-12-05,1179.6488,1176.1061,1185.0544,1172.3745,790398
2005-12-06,1175.0016,1175.3321,1183.9611,1165.4629,1284470
2005-12-07,1161.3770,1174.1250,1177.8561,1159.1119,1559878
2005-12-08,1168.8312,1169.3222,1183.0316,1161.0247,836973
2005-12-09,1182.7598,1163.5872,1184.7755,1150.3744,1562839
2005-12-12,1183.0278,1188.3284,1194.3309,1180.0567,1396308
2005-12-13,1202.4830,1185.7269,1212.9115,1175.7588,1907838
2005-12-14,1183.0127,1205.4095,1206.5705,1180.2860,1138921
2005-12-15,1181.7205,1187.0900,1195.4175,1168.9022,1570686
2005-12-16,1195.9109,1182.6557,1205.1159,1179.7487,608502
2005-12-19,1186.5008,1193.0100,1201.4818,1184.8072,1817234
2005-12-20,1168.9029,1184.4880,1201.4300,1165.2135,872439
2005-12-21,1175.8573,1169.8981,1181.8094,1163.2943,1096933
2005-12-22,1174.5250,1172.1081,1180.8066,1166.9780,1390780
2005-12-23,1211.3426,1174.1614,1217.0402,1163.4473,1227585
2005-12-26,1222.7463,1210.7114,1231.7690,1198.1617,1451678
2005-12-27,1211.0897,1219.8107,1224.7988,1205.4696,1986397
2005-12-28,1229.9374,1213.0714,1244.6024,1211.5102,830951
2005-12-29,1201.2324,1224.2152,1239.7224,1193.2087,1883585
2005-12-30,1234.0352,1204.2435,1244.6623,1203.1901,1252243
2006-01-02,1237.9022,1234.5265,1244.0594,1234.1500,2213128
2006-01-03,1233.2679,1228.5351,1243.2910,1226.4860,1732307
2006-01-04,1246.5939,1232.9648,1263.6207,1221.3730,1109044
2006-01-05,1253.0083,1249.8341,1280.3257,1241.9767,1410860
2006-01-06,1265.6695,1260.8272,1268.2835,1246.6473,2006152
2006-01-09,1275.1319,1274.6564,1277.3281,1258.5978,1692188
2006-01-10,1299.9934,1288.2642,1312.5112,1282.9792,958172
2006-01-11,1285.7129,1306.9197,1309.1105,1282.8655,1698759
2006-01-12,1294.3132,1287.8054,1302.0420,1274.8885,1321882
2006-01-13,1269.7765,1290.8474,1303.2457,1265.0860,737801
2006-01-16,1236.0886,1263.0268,1264.8492,1232.1055,2377001
2006-01-17,1215.7362,1227.9483,1237.8770,1213.4129,1216578
2006-01-18,1218.8750,1224.9904,1237.6228,1204.7143,1486599
2006-01-19,1197.0410,1220.4520,1230.6834,1191.6305,1577092
2006-01-20,1204.4670,1193.7176,1210.4359,1175.4588,1214743
2006-01-23,1197.0066,1206.5466,1228.1874,1194.1943,1653129
2006-01-24,1169.9194,1204.5976,1230.0470,1159.4175,1739783
2006-01-25,1192.7476,1176.1215,1194.2776,1164.4760,1605709
2006-01-26,1145.7806,1188.9974,1218.9885,1138.6583,2313943
2006-01-27,1170.7102,1140.1456,1191.0162,1121.1351,1425008
2006-01-30,1159.2968,1163.0457,1191.3740,1137.9396,1479562
2006-01-31,1149.9369,1153.2608,1154.5854,1126.7919,2096612
2006-02-01,1173.3597,1149.6758,1182.6555,1145.7626,1841201
2006-02-02,1160.4010,1165.9327,1181.7909,1159.0076,2294899
2006-02-03,1160.4058,1156.0799,1170.7821,1142.9703,960732
2006-02-06,1212.7026,1168.4095,1218.2509,1160.5273,1692937
2006-02-07,1229.4060,1210.3317,1233.6014,1206.3750,1772547
2006-02-08,1215.9994,1225.3597,1249.5940,1209.9012,953674
2006-02-09,1193.9141,1215.0333,1216.3854,1187.9839,941923
2006-02-10,1168.4156,1188.6292,1198.3490,1146.8657,1857289
2006-02-13,1197.9506,1166.1699,1218.0917,1147.0736,1185541
2006-02-14,1239.6664,1179.2712,1261.9799,1165.5944,1533475
2006-02-15,1240.6234,1238.0419,1263.3279,1227.7690,1729685
2006-02-16,1271.4474,1242.2311,1272.6273,1208.7487,1188836
2006-02-17,1226.2048,1273.3983,1292.4074,1207.0929,1117735
2006-02-20,1228.7602,1230.3831,1246.9706,1223.2864,1313998
2006-02-21,1244.0264,1225.1135,1253.9643,1216.5154,1143896
2006-02-22,1243.6521,1246.0987,1261.2976,1205.3216,1907659
2006-02-23,1239.4170,1243.4099,1255.4163,1226.8756,1075604
2006-02-24,1227.4229,1236.8005,1246.6738,1222.1983,1345995
2006-02-27,1254.7013,1219.7381,1261.2773,1197.4466,1790972
2006-02-28,1259.0666,1264.5552,1274.1164,1223.7921,983187
2006-03-01,1302.9241,1266.5065,1308.4324,1256.8351,2049937
2006-03-02,1308.1826,1298.0550,1321.2247,1288.0697,1200710
2006-03-03,1310.6447,1307.1637,1317.1263,1287.1128,2619982
2006-03-06,1335.2257,1318.5390,1340.2013,1317.3179,1659660
2006-03-07,1299.6335,1338.0890,1348.4573,1260.7466,795230
2006-03-08,1315.6115,1306.7509,1317.2250,1287.2027,993023
2006-03-09,1351.5088,1316.7558,1354.3542,1310.8868,1465625
2006-03-10,1387.6753,1348.1451,1401.8569,1335.0154,977957
2006-03-13,1390.2539,1393.0823,1435.5581,1390.1573,1049200
2006-03-14,1426.7717,1386.8386,1444.5299,1370.6547,2232782
2006-03-15,1470.4165,1427.7206,1475.8829,1413.3456,1421098
2006-03-16,1509.8313,1481.4103,1509.8476,1480.5351,1430642
2006-03-17,1565.7758,1504.4191,1565.9156,1483.4369,1291059
2006-03-20,1596.1427,1573.4205,1599.0809,1559.3793,1556049
2006-03-21,1534.1082,1578.6289,1595.3458,1524.4442,1721367
2006-03-22,1571.7299,1547.5489,1572.1938,1501.0998,1954662
2006-03-23,1595.2699,1567.7639,1604.5716,1548.7530,1623598
2006-03-24,1523.0145,1593.4553,1597.2500,1517.0775,1366319
2006-03-27,1490.1969,1503.8338,1504.7538,1487.8580,1161162
2006-03-28,1452.1436,1497.3440,1502.4219,1423.7523,1319212
2006-03-29,1486.0941,1446.5661,1494.7184,1440.1071,1745214
2006-03-30,1418.1057,1497.7386,1516.3061,1397.0202,1159720
2006-03-31,1376.4856,1408.2510,1415.1869,1356.6806,1763501
2006-04-03,1353.8589,1381.0012,1383.9479,1318.1785,1877088
2006-04-04,1344.7784,1347.0744,1366.6569,1339.0560,2176336
2006-04-05,1329.5685,1336.5401,1359.0212,1319.6897,1727238
2006-04-06,1294.1661,1319.8173,1329.5759,1255.1300,1413947
2006-04-07,1272.3264,1289.3261,1292.3488,1260.5803,1695847
2006-04-10,1296.7891,1290.4520,1322.8524,1285.5521,1896373
2006-04-11,1280.5914,1284.2478,1285.4405,1276.4092,821133
2006-04-12,1277.1900,1287.9298,1295.2727,1272.9676,1439305
2006-04-13,1247.3434,1280.4045,1295.2108,1242.8747,1576660
2006-04-14,1229.7434,1244.4310,1257.3870,1228.8529,2155391
2006-04-17,1259.8893,1221.9290,1272.7677,1215.2777,1890019
2006-04-18,1205.5724,1248.6942,1268.4615,1199.5719,1361103
2006-04-19,1204.0462,1201.2984,1240.0204,1193.1215,1034397
2006-04-20,1188.0759,1198.8418,1217.1521,1166.9125,1144736
2006-04-21,1202.8797,1187.9862,1211.5100,1173.1108,1203066
2006-04-24,1207.1452,1196.1260,1237.6072,1178.1445,1299905
2006-04-25,1209.5947,1201.6479,1224.2350,1196.8613,2022191
2006-04-26,1238.3251,1210.4963,1255.5447,1209.1615,2228777
2006-04-27,1241.5033,1239.4764,1254.4779,1235.4446,1839248
2006-04-28,1247.2048,1232.7781,1251.8858,1229.1066,738044
2006-05-01,1260.4384,1246.5444,1270.3430,1245.3901,689734
2006-05-02,1250.8558,1264.6481,1275.6409,1228.1690,1713886
2006-05-03,1265.6045,1249.4415,1276.8417,1242.0843,2694036
2006-05-04,1246.9809,1260.7224,1263.9742,1235.1613,1949540
2006-05-05,1243.4080,1256.9434,1277.1197,1230.0359,1896579
2006-05-08,1269.2803,1247.9151,1279.0153,1246.0646,885447
2006-05-09,1280.0179,1261.1198,1287.8652,1235.2389,1384674
2006-05-10,1291.4254,1276.4209,1312.0311,1270.9794,930341
2006-05-11,1318.9644,1293.4668,1324.5153,1284.9745,1801735
2006-05-12,1298.4318,1319.7840,1324.2401,1289.7517,1469259
2006-05-15,1321.3525,1299.0637,1329.6986,1281.1671,1518684
2006-05-16,1335.7447,1326.6762,1348.1379,1320.1552,1013705
2006-05-17,1320.5240,1341.1869,1366.7515,1308.7388,1077014
2006-05-18,1292.7471,1318.7949,1333.8471,1280.0088,1193870
2006-05-19,1251.3580,1294.8841,1303.6092,1238.2219,977956
2006-05-22,1254.0850,1255.6689,1275.3977,1230.8313,1083326
2006-05-23,1259.6372,1255.5856,1276.9467,1250.0650,1867821
2006-05-24,1277.2158,1255.3254,1286.2557,1251.1294,2403471
2006-05-25,1281.1984,1279.0630,1307.6620,1274.8552,1060903
2006-05-26,1263.4469,1285.3032,1297.9947,1250.2474,1125688
2006-05-29,1263.2311,1260.0260,1263.3856,1249.4321,1581370
2006-05-30,1245.2316,1252.6530,1256.8277,1242.4320,1442998
2006-05-31,1248.9962,1238.9560,1250.8491,1232.3448,873052
2006-06-01,1249.0845,1243.1957,1258.5943,1242.5678,1787639
2006-06-02,1278.6818,1253.9394,1281.5314,1243.7576,1744731
2006-06-05,1300.1369,1280.3069,1300.2548,1267.8083,1694540
2006-06-06,1313.1598,1304.0191,1317.5140,1301.4922,1412307
2006-06-07,1309.3459,1318.4496,1337.1631,1308.2168,1761705
2006-06-08,1304.7152,1308.8872,1329.7074,1301.5847,883105
2006-06-09,1296.1452,1301.2539,1322.2877,1294.1529,1696249
2006-06-12,1296.9559,1291.4823,1303.2384,1274.8455,1031491
2006-06-13,1304.1690,1299.6514,1313.3697,1299.4775,1162197
2006-06-14,1302.7398,1294.1251,1307.4280,1290.3535,835336
2006-06-15,1312.5927,1308.8924,1321.1180,1297.1905,1057582
2006-06-16,1312.6267,1315.9190,1316.4322,1311.9264,1230432
2006-06-19,1318.6259,1317.0013,1319.8374,1314.8275,1351902
2006-06-20,1308.8632,1315.2188,1315.6165,1304.5877,1170226
2006-06-21,1331.6677,1306.5899,1341.7804,1303.2477,1189644
2006-06-22,1345.2301,1340.7464,1345.9550,1338.2279,1347890
2006-06-23,1350.8495,1351.1138,1368.7829,1343.4956,1513635
2006-06-26,1371.4033,1346.8129,1374.1144,1346.3448,1610296
2006-06-27,1360.8932,1376.8179,1379.8132,1349.0277,1284608
2006-06-28,1355.6069,1360.4687,1366.2130,1352.3903,981452
2006-06-29,1378.2617,1357.7376,1394.1543,1356.8029,1075179
2006-06-30,1366.5766,1380.4191,1381.7040,1357.5801,1523167
2006-07-03,1364.7014,1367.0010,1370.1705,1362.5987,772895
2006-07-04,1371.0892,1367.1425,1372.3573,1359.0873,1760405
2006-07-05,1356.4493,1366.7461,1379.0864,1345.3149,972506
2006-07-06,1343.3601,1351.7599,1355.7155,1330.9351,1227385
2006-07-07,1322.5855,1338.3265,1345.5366,1317.2967,1190123
2006-07-10,1336.3920,1325.1751,1339.1958,1324.8116,960474
2006-07-11,1352.7462,1343.6689,1362.0541,1343.6350,1523862
2006-07-12,1381.0841,1354.7921,1393.0852,1350.1934,1201300
2006-07-13,1378.9133,1374.9112,1380.3699,1349.1695,1299922
2006-07-14,1359.0644,1369.2896,1370.3195,1347.6897,963571
2006-07-17,1362.6766,1357.3608,1364.2234,1349.1046,1592024
2006-07-18,1352.8321,1360.2597,1372.6635,1345.8539,1514140
2006-07-19,1344.8031,1345.8274,1352.0413,1341.5521,1330934
2006-07-20,1358.4906,1340.1327,1367.8416,1338.1679,726985
2006-07-21,1367.8488,1354.0833,1382.4866,1351.5900,1788384
2006-07-24,1362.7160,1365.3287,1365.3382,1359.2218,773858
2006-07-25,1384.2198,1366.4732,1393.5595,1355.6744,1350264
2006-07-26,1347.8989,1381.4083,1388.3674,1346.5962,1066264
2006-07-27,1360.9372,1358.5849,1368.6212,1357.5583,939009
2006-07-28,1363.5622,1357.1462,1369.1083,1352.6708,2106081
2006-07-31,1380.5601,1367.6756,1385.6857,1363.0427,1955346
2006-08-01,1410.7802,1380.4654,1420.2396,1377.9946,835736
2006-08-02,1418.2771,1408.9246,1434.1249,1401.7868,1292813
2006-08-03,1403.6119,1416.4014,1428.8691,1402.9847,760329
2006-08-04,1404.5312,1404.1752,1411.2535,1393.9086,840869
2006-08-07,1391.9079,1413.6807,1429.0454,1386.1227,1129884
2006-08-08,1402.9410,1386.4328,1419.5700,1377.6388,1147356
2006-08-09,1413.1116,1407.8586,1432.0445,1402.5272,1468894
2006-08-10,1439.6445,1407.3898,1446.4812,1387.3759,1195421
2006-08-11,1471.3164,1438.9453,1474.7943,1438.8186,1507281
2006-08-14,1479.0470,1480.2351,1492.0059,1473.2198,1179533
2006-08-15,1479.9861,1479.4676,1489.9602,1466.3599,842592
2006-08-16,1502.7327,1486.0726,1503.7130,1478.1217,1180208
2006-08-17,1518.7418,1505.2873,1521.8760,1494.5946,1074954
2006-08-18,1492.0553,1520.0071,1528.2713,1490.4334,1118530
2006-08-21,1511.3851,1498.5043,1543.3286,1498.0606,827813
2006-08-22,1564.8453,1517.3817,1570.8815,1516.5417,1187888
2006-08-23,1582.9927,1567.3800,1601.9052,1553.1650,2179392
2006-08-24,1582.9364,1576.3641,1599.5455,1566.2678,1018913
2006-08-25,1567.7618,1578.1720,1578.8658,1552.3934,903712
2006-08-28,1584.2181,1570.8209,1591.6238,1564.7138,2083303
2006-08-29,1605.9962,1587.3762,1613.4030,1564.3051,742469
2006-08-30,1608.6880,1614.3876,1618.0760,1596.0591,748545
2006-08-31,1592.0822,1606.3048,1612.4797,1573.9871,1990303
2006-09-01,1588.7225,1593.7327,1602.3721,1579.2203,918507
2006-09-04,1585.6907,1585.5742,1587.7418,1569.3128,1177254
2006-09-05,1583.7003,1580.7602,1604.4276,1573.8853,1148562
2006-09-06,1550.5474,1575.1374,1592.9669,1543.0539,992943
2006-09-07,1539.1669,1550.9031,1551.9397,1523.4400,1039518
2006-09-08,1522.6751,1537.3015,1546.8954,1511.6054,902328
2006-09-11,1490.4064,1515.2524,1520.2861,1463.6809,938150
2006-09-12,1500.6425,1495.8434,1513.3531,1492.6790,1203513
2006-09-13,1532.8890,1496.8113,1554.6699,1492.5956,1413670
2006-09-14,1532.3945,1529.3656,1543.1102,1527.5120,1476795
2006-09-15,1497.4804,1536.4244,1553.7401,1471.8394,1727936
2006-09-18,1474.9708,1503.7400,1505.2065,1465.1458,1103168
2006-09-19,1464.5700,1480.8761,1482.4691,1441.6518,1255999
2006-09-20,1451.4327,1465.0959,1473.5329,1429.7565,907519
2006-09-21,1430.4645,1445.5232,1459.0449,1407.3062,1431237
2006-09-22,1418.5325,1426.4596,1438.3826,1408.4657,2006623
2006-09-25,1427.4561,1426.1875,1434.4815,1418.0857,2053499
2006-09-26,1442.6464,1421.9614,1446.6230,1413.9752,1316968
2006-09-27,1424.4589,1441.5279,1458.2896,1414.7794,1967879
2006-09-28,1445.9301,1434.6228,1458.4082,1429.2606,1244053
2006-09-29,1428.3242,1447.4389,1458.0475,1427.3007,1161599
2006-10-02,1429.5051,1422.7528,1432.2738,1412.1128,1275618
2006-10-03,1430.1342,1427.9979,1431.8632,1421.3118,1120290
2006-10-04,1444.1571,1433.7394,1456.6917,1417.5228,1111864
2006-10-05,1444.9148,1442.1707,1449.2596,1437.2647,1578115
2006-10-06,1427.9773,1445.7330,1458.0498,1418.9578,1040509
2006-10-09,1420.5851,1431.7871,1442.1566,1418.6028,973195
2006-10-10,1407.7517,1418.9421,1420.6344,1406.2234,1242985
2006-10-11,1353.6536,1405.3474,1406.1490,1337.9796,1320472
2006-10-12,1365.9962,1360.4689,1370.7295,1358.2969,1291960
2006-10-13,1351.4046,1362.7709,1373.6522,1337.6531,1326138
2006-10-16,1352.1024,1356.8498,1357.6736,1350.1663,1520730
2006-10-17,1360.9499,1356.5941,1368.3282,1348.1305,2149468
2006-10-18,1354.3811,1359.4760,1374.9770,1343.0264,1519101
2006-10-19,1392.3937,1352.3713,1396.4686,1346.8817,1217187
2006-10-20,1358.0532,1384.0320,1388.8382,1353.5282,1236059
2006-10-23,1321.3643,1350.7818,1354.8462,1303.8493,1777379
2006-10-24,1392.3886,1328.9210,1404.5420,1321.1484,1070707
2006-10-25,1344.2326,1361.6073,1364.7321,1327.4866,1850105
2006-10-26,1356.2511,1349.6568,1368.5774,1323.1743,1146655
2006-10-27,1311.8100,1352.1942,1381.1772,1289.7087,1939473
2006-10-30,1306.2396,1301.0985,1310.4396,1299.6605,1491247
2006-10-31,1299.4830,1310.6710,1325.3437,1295.4030,1413846
2006-11-01,1286.7924,1298.5808,1311.7728,1282.4615,1652734
2006-11-02,1246.4330,1283.7842,1297.7357,1230.7990,1824636
2006-11-03,1207.1105,1249.7291,1264.6592,1199.3342,1188660
2006-11-06,1217.3406,1197.7751,1221.1765,1191.7221,1361662
2006-11-07,1200.6324,1219.6793,1220.0860,1191.8816,1541260
2006-11-08,1171.1600,1197.2933,1199.7414,1166.2477,1389112
2006-11-09,1178.6908,1165.6165,1215.3296,1161.2760,1668914
2006-11-10,1123.2522,1181.3143,1183.0396,1113.9403,2243775
2006-11-13,1101.2941,1121.2748,1124.6792,1098.7520,1342483
2006-11-14,1067.6000,1100.8996,1104.2795,1056.3896,2841646
2006-11-15,1079.6977,1072.8823,1097.7036,1057.7140,2624469
2006-11-16,1084.7061,1087.5692,1091.3475,1082.1015,1712471
2006-11-17,1068.1415,1086.0958,1115.6972,1059.0099,833833
2006-11-20,1068.6933,1068.5929,1091.1916,1059.4885,1963079
2006-11-21,1105.0322,1069.2992,1129.7650,1054.1565,2024305
2006-11-22,1117.8844,1108.1059,1131.1258,1098.1089,1274228
2006-11-23,1095.4204,1112.2869,1113.6184,1076.2755,1095379
2006-11-24,1097.6742,1099.2404,1104.3269,1072.9567,1181383
2006-11-27,1094.8632,1094.1823,1102.2528,1082.5293,1440460
2006-11-28,1095.2350,1094.9650,1103.7402,1089.3371,2015621
2006-11-29,1100.7936,1097.8584,1101.2716,1091.9335,1918028
2006-11-30,1112.8873,1105.9789,1122.6283,1104.6785,2028082
2006-12-01,1076.2262,1112.7444,1127.2010,1075.1069,970719
2006-12-04,1058.0934,1075.0739,1099.7562,1052.4172,895525
2006-12-05,1053.6766,1061.1853,1083.1431,1041.8913,727643
2006-12-06,1047.8148,1054.0305,1058.5174,1025.1849,1596696
2006-12-07,1024.1127,1056.4033,1068.5444,1018.4458,2800858
2006-12-08,1023.1324,1026.3641,1037.8564,1017.7253,1171213
2006-12-11,1018.2741,1026.6245,1044.3946,998.6162,1239824
2006-12-12,1020.7071,1015.4322,1035.4230,1002.8954,1168873
2006-12-13,1019.4560,1018.3869,1029.5277,1014.1680,1552336
2006-12-14,1006.7103,1022.0208,1023.9732,998.8135,1817820
2006-12-15,1008.8312,1008.6023,1020.0454,1007.6374,1045972
2006-12-18,1010.0573,1011.6419,1018.1403,1002.7157,1614781
2006-12-19,1022.6060,1007.8041,1024.9059,1005.4612,1333877
2006-12-20,1014.1198,1019.7272,1020.9539,1002.5603,2012963
2006-12-21,1033.1982,1013.1626,1033.5246,1010.3533,1662408
2006-12-22,1066.7313,1034.3541,1068.7209,1024.9125,1909567
2006-12-25,1059.8283,1064.7325,1094.1277,1050.2149,1731477
2006-12-26,1078.8176,1063.5385,1094.8937,1063.1106,1773334
2006-12-27,1069.6558,1075.2647,1085.3904,1065.9515,900885
2006-12-28,1068.5166,1071.3151,1078.8666,1064.5426,1178974
2006-12-29,1045.6976,1061.6705,1077.1573,1032.8102,1404523
2007-01-01,1058.1349,1048.4534,1069.3826,1045.5487,1390775
2007-01-02,1052.1038,1061.7271,1072.2422,1043.2069,1847610
2007-01-03,1045.0242,1053.6894,1057.1833,1044.0950,1686355
2007-01-04,1041.4956,1039.9124,1042.7971,1030.8915,1385977
2007-01-05,1036.2899,1041.6324,1044.7385,1025.2942,1264309
2007-01-08,1041.4678,1037.9080,1049.6083,1028.9299,809565
2007-01-09,1047.8578,1042.3353,1063.4456,1037.8679,970454
2007-01-10,1040.7712,1050.7092,1061.2892,1022.6209,1380594
2007-01-11,1049.6554,1043.2128,1062.1976,1041.2718,1792851
2007-01-12,1030.6731,1046.1891,1055.8445,1020.9303,1444666
2007-01-15,1033.4511,1031.4775,1038.3712,1020.5816,1533768
2007-01-16,1039.4863,1035.1826,1046.7206,1031.7286,1559268
2007-01-17,1041.2581,1035.5979,1055.9647,1032.1603,1191359
2007-01-18,1054.4113,1044.1174,1058.4676,1033.7836,1426870
2007-01-19,1041.4956,1050.5071,1054.1220,1039.5663,1571164
2007-01-22,1060.6773,1051.9749,1065.5650,1045.9988,1019303
2007-01-23,1050.4359,1056.8286,1064.7445,1045.7101,1179655
2007-01-24,1030.3322,1046.8979,1056.5542,1027.1830,1274708
2007-01-25,1047.2798,1034.1654,1049.8655,1029.1613,826255
2007-01-26,1072.0293,1056.2280,1073.7488,1047.1105,1436853
2007-01-29,1052.6877,1063.8906,1070.4030,1052.0406,1132455
2007-01-30,1041.6822,1056.8844,1059.4058,1037.3504,1025088
2007-01-31,1029.6232,1043.6589,1060.0279,1024.7090,2386158
2007-02-01,1033.4696,1025.0968,1043.5035,1014.0831,1372180
2007-02-02,1019.3363,1036.1740,1045.6827,1013.0836,1345156
2007-02-05,1028.6837,1020.8334,1043.0777,1008.1422,1531392
2007-02-06,1013.8967,1027.0340,1040.2408,1003.5390,1514205
2007-02-07,998.1477,1012.5812,1016.6513,986.3329,1167142
2007-02-08,1013.3998,995.8921,1017.0302,995.5507,1078672
2007-02-09,991.9935,1007.2604,1011.0562,990.2894,1444592
2007-02-12,997.3429,994.2696,999.1707,985.9828,691061
2007-02-13,982.7245,995.2727,1000.4686,980.5741,898410
2007-02-14,977.0483,978.3590,979.2676,971.9225,1517037
2007-02-15,963.4994,976.2213,976.5282,949.6046,1056275
2007-02-16,985.2174,967.8583,996.7104,961.7142,2369455
2007-02-19,982.2371,985.6935,987.5808,977.3422,1339315
2007-02-20,998.3640,981.5475,1004.1103,973.4506,1653047
2007-02-21,1016.0406,1001.2020,1024.8689,992.5039,1512205
2007-02-22,1006.0290,1023.4615,1025.3076,1003.7258,817358
2007-02-23,1018.4331,1003.1359,1022.2884,997.3128,1697301
2007-02-26,1035.9371,1022.4526,1042.4748,1021.9802,1776686
2007-02-27,1022.7304,1033.1759,1040.1619,1009.8116,928296
2007-02-28,992.5346,1012.0735,1020.3713,991.4331,1573948
2007-03-01,981.2396,991.8640,993.2686,972.5700,1341074
2007-03-02,1018.5744,978.4089,1026.0946,971.0788,1001117
2007-03-05,986.8977,1016.1958,1024.1483,979.1536,1860578
2007-03-06,969.6944,984.4826,999.7591,956.6760,1437633
2007-03-07,989.4825,968.5133,996.5612,956.9593,1575903
2007-03-08,952.6847,989.4565,1004.0050,944.7261,2217761
2007-03-09,969.2456,953.9189,974.2146,949.4863,1245053
2007-03-12,981.9306,975.0645,984.7587,971.1397,1779530
2007-03-13,967.7312,983.8185,1004.0960,964.7785,1490999
2007-03-14,995.5208,976.0426,996.5352,970.0045,1067088
2007-03-15,947.7952,991.6944,1006.3469,926.4150,1831255
2007-03-16,920.7361,942.2412,944.8451,917.2716,1925736
2007-03-19,940.5066,932.4907,952.4506,924.5325,1996672
2007-03-20,931.3424,941.5221,942.7955,930.5289,1693390
2007-03-21,923.2439,933.8671,943.2453,913.9820,942392
2007-03-22,950.8065,919.5670,984.6251,911.3759,1890148
2007-03-23,996.0168,940.4651,1030.7777,922.7289,2481782
2007-03-26,997.3334,1002.8234,1008.1618,984.1201,2092332
2007-03-27,983.1135,989.4743,1003.5006,967.7566,1435745
2007-03-28,954.6263,984.2163,999.9841,950.1961,1000324
2007-03-29,937.3218,954.3146,963.0794,936.3222,1284731
2007-03-30,928.5544,943.4792,956.1389,928.0029,2032573
2007-04-02,915.2115,925.2912,939.2654,908.3573,2043958
2007-04-03,953.0224,927.5219,956.0288,925.0577,1710755
2007-04-04,985.5090,952.8397,998.4506,941.8836,1289708
2007-04-05,1002.5463,995.2028,1005.8785,978.4413,1434740
2007-04-06,989.9502,1000.5964,1028.2895,978.1146,1106469
2007-04-09,969.9329,986.1846,995.8408,969.0417,1570491
2007-04-10,957.3915,959.2358,978.1218,953.5152,1733659
2007-04-11,999.7639,957.2853,1006.5137,950.0404,1596321
2007-04-12,1021.4505,998.3986,1037.5282,980.1478,2201155
2007-04-13,1048.2952,1025.1209,1055.1404,1007.4664,1120202
2007-04-16,1068.0185,1061.7539,1089.3955,1056.5978,1429713
2007-04-17,1001.0559,1054.6519,1078.0024,997.3451,1554333
2007-04-18,1007.0332,998.9363,1017.3860,963.8324,1610930
2007-04-19,967.5555,1000.3044,1009.2086,965.6321,1583978
2007-04-20,942.9357,955.7923,988.7511,926.3598,1055979
2007-04-23,960.7844,945.0877,968.1984,927.7194,2343407
2007-04-24,926.1855,954.7458,964.1195,924.5704,2115834
2007-04-25,930.3828,930.9579,945.3787,929.1345,2266031
2007-04-26,883.1311,920.2032,931.4594,864.0983,1540316
2007-04-27,870.0380,882.3811,889.3398,849.3012,834033
2007-04-30,934.0987,876.4632,934.4655,876.1864,2165993
2007-05-01,914.5093,951.2422,952.9027,911.1286,2295080
2007-05-02,935.4765,915.9099,943.0908,915.0474,1552366
2007-05-03,925.6128,929.6964,932.1633,905.5813,2983304
2007-05-04,887.2886,924.4998,942.8204,875.5395,2109163
2007-05-07,893.9869,887.1499,896.8015,877.8206,1868160
2007-05-08,852.5280,910.0367,911.0880,846.0615,1307072
2007-05-09,899.6727,841.8028,905.8697,810.0787,2174160
2007-05-10,914.5929,900.3506,926.1557,879.5806,2203906
2007-05-11,920.9754,915.8499,944.9316,901.7474,1394520
2007-05-14,924.8703,915.6990,935.3446,909.4877,1371411
2007-05-15,934.0591,922.7932,950.1722,922.6468,3304694
2007-05-16,1018.6845,933.4735,1035.5699,925.8943,1487923
2007-05-17,982.8348,988.2988,992.0828,943.1437,1350977
2007-05-18,994.0544,1002.9385,1018.4881,941.8297,2116973
2007-05-21,1013.6983,990.5979,1015.5743,967.9286,2610864
2007-05-22,1040.6172,1020.5979,1061.3256,998.8867,1904990
2007-05-23,982.9856,1027.2304,1054.0195,969.7553,1947206
2007-05-24,979.6663,978.6089,980.1652,971.8653,1607608
2007-05-25,1008.0291,1000.5664,1020.0120,975.4729,1541137
2007-05-28,1039.8643,1014.9991,1044.2211,1013.9946,1727628
2007-05-29,1072.1663,1029.0146,1079.7582,981.8775,1498289
2007-05-30,1100.6926,1070.7872,1105.7538,1043.3318,1403922
2007-05-31,1113.3254,1101.7093,1115.2575,1081.6324,2481221
2007-06-01,1117.3538,1116.4770,1122.3140,1105.7533,2362518
2007-06-04,1131.9646,1117.9177,1138.0932,1091.9514,1290063
2007-06-05,1152.5395,1138.9076,1182.1850,1137.8877,2207335
2007-06-06,1194.6627,1164.4020,1205.9697,1161.0800,1741802
2007-06-07,1200.3356,1185.3235,1220.0653,1176.2835,3072451
2007-06-08,1191.5733,1197.6952,1202.0264,1178.8561,1878245
2007-06-11,1240.3980,1191.7457,1251.3317,1182.5218,1514713
2007-06-12,1224.2187,1227.0220,1243.1241,1206.4813,1651971
2007-06-13,1261.9323,1239.3408,1277.5704,1235.1342,1740105
2007-06-14,1297.5427,1268.0997,1311.3775,1258.8161,3610535
2007-06-15,1288.4425,1296.6730,1310.1672,1260.8384,2351437
2007-06-18,1298.2140,1289.0026,1332.8174,1243.6991,1232122
2007-06-19,1326.2077,1307.5668,1333.4423,1299.0502,1564166
2007-06-20,1359.1109,1340.4660,1365.4649,1318.1438,2049793
2007-06-21,1373.4443,1363.3438,1406.2871,1353.9899,1524779
2007-06-22,1355.9123,1365.8963,1384.4689,1353.9816,1661922
2007-06-25,1339.3096,1338.7224,1350.2331,1335.9015,1138554
2007-06-26,1330.9463,1349.5951,1369.6506,1313.7888,1488170
2007-06-27,1368.8025,1338.5072,1372.1440,1320.2971,1205440
2007-06-28,1356.7367,1361.5076,1390.6046,1354.9128,1806986
2007-06-29,1367.5782,1355.5902,1382.3358,1333.2151,1210269
2007-07-02,1402.5065,1376.2993,1409.5447,1358.2178,1308290
2007-07-03,1427.4625,1414.5360,1434.7549,1401.8794,1155088
2007-07-04,1382.2509,1420.0357,1424.1377,1381.4315,1417232
2007-07-05,1418.8957,1378.8731,1426.0901,1367.0150,2163682
2007-07-06,1441.1381,1431.2462,1472.0466,1420.8166,1804689
2007-07-09,1486.3955,1441.2901,1510.7657,1429.7044,1231787
2007-07-10,1496.3745,1498.7135,1518.1086,1484.3347,993036
2007-07-11,1468.6944,1486.5042,1504.7746,1447.8275,2223346
2007-07-12,1441.5024,1471.0573,1473.1090,1429.9061,2290363
2007-07-13,1457.9372,1444.1561,1464.7375,1410.7305,1169709
2007-07-16,1458.9010,1448.8136,1460.4855,1435.8137,1294609
2007-07-17,1446.2224,1471.1801,1485.7028,1442.6929,1158308
2007-07-18,1456.2525,1443.0343,1482.4537,1416.8402,1401684
2007-07-19,1454.5402,1456.5504,1459.2436,1449.6605,1878274
2007-07-20,1448.4675,1451.3615,1451.3631,1447.0035,1299913
2007-07-23,1454.8005,1454.9897,1457.2689,1454.1275,998837
2007-07-24,1427.9492,1449.6148,1452.0199,1419.2092,968906
2007-07-25,1440.4889,1429.4452,1462.9708,1408.3594,1353719
2007-07-26,1461.8134,1439.8439,1462.6829,1432.4577,2565811
2007-07-27,1453.1442,1455.1549,1465.6697,1439.9943,1287468
2007-07-30,1503.8213,1455.4405,1514.8299,1454.8739,1599885
2007-07-31,1475.3596,1504.4142,1510.3989,1473.8168,1580831
2007-08-01,1508.3804,1483.5775,1514.4315,1479.0602,997744
2007-08-02,1512.9490,1507.3597,1519.0767,1505.8775,1092405
2007-08-03,1577.6195,1524.1483,1583.5385,1518.2935,1284280
2007-08-06,1602.6194,1589.2083,1604.0566,1585.0936,1528375
2007-08-07,1614.0382,1593.5493,1627.1679,1583.9068,1517593
2007-08-08,1623.1682,1623.6678,1641.8169,1606.9828,1724618
2007-08-09,1626.7404,1621.2802,1627.9531,1605.5898,771313
2007-08-10,1589.6675,1629.3433,1648.9209,1558.9310,1029189
2007-08-13,1620.7168,1576.1453,1642.1813,1574.3137,1196617
2007-08-14,1596.5874,1605.8223,1616.7783,1593.5719,1866967
2007-08-15,1593.8570,1593.6730,1600.0612,1588.1545,2474945
2007-08-16,1601.6219,1596.6365,1611.1787,1585.0745,2138044
2007-08-17,1571.2840,1593.4460,1594.8757,1565.1315,2443956
2007-08-20,1562.7710,1553.9928,1573.2231,1537.7923,1125681
2007-08-21,1604.3768,1565.8031,1617.6655,1543.8010,1804779
2007-08-22,1607.5261,1616.1997,1651.0504,1585.1909,1299101
2007-08-23,1614.7717,1615.8473,1621.4337,1608.0810,2113386
2007-08-24,1574.8762,1624.9848,1638.4141,1550.4651,1200615
2007-08-27,1564.9515,1564.8420,1566.5458,1563.4113,1184528
2007-08-28,1552.0923,1562.7648,1567.4780,1540.7575,1238282
2007-08-29,1580.8039,1551.1186,1585.9543,1549.6371,1570231
2007-08-30,1609.3300,1583.6540,1616.5772,1558.6523,2011891
2007-08-31,1599.0754,1609.0335,1621.8452,1591.6688,1311498
2007-09-03,1547.5540,1588.9102,1593.6959,1537.2866,1697038
2007-09-04,1564.3329,1537.6893,1572.6576,1531.7662,1578083
2007-09-05,1543.5599,1558.2940,1589.7474,1529.9794,802967
2007-09-06,1548.2550,1546.7564,1561.7011,1541.5480,1133053
2007-09-07,1541.5924,1550.6768,1559.2284,1537.2086,1004423
2007-09-10,1542.8357,1541.6070,1546.9426,1529.7344,2229747
2007-09-11,1533.0975,1540.4998,1569.3048,1531.4696,1154697
2007-09-12,1525.8168,1520.0051,1532.9910,1511.1745,1165068
2007-09-13,1535.0025,1520.2085,1552.8551,1516.5839,2314812
2007-09-14,1544.1191,1535.2936,1545.7843,1522.0984,1265148
2007-09-17,1527.7591,1546.3474,1550.1002,1514.3234,1746168
2007-09-18,1502.0526,1519.2937,1536.6054,1490.7981,1517620
2007-09-19,1489.8946,1505.9159,1518.8073,1489.0577,1315004
2007-09-20,1487.8792,1485.3718,1494.7214,1482.9629,928165
2007-09-21,1472.8809,1477.2148,1478.8691,1470.2745,1103500
2007-09-24,1481.3119,1469.4534,1481.8348,1468.2337,935354
2007-09-25,1480.9524,1478.3182,1490.6945,1466.2273,1125959
2007-09-26,1489.4736,1486.5163,1503.1120,1485.2958,1122031
2007-09-27,1474.5880,1483.1999,1496.1633,1471.6622,1525089
2007-09-28,1477.5989,1477.7413,1479.5763,1476.5322,1496855
2007-10-01,1486.6480,1479.5693,1487.9825,1472.9531,1122493
2007-10-02,1496.8512,1482.6768,1514.8374,1480.8424,2473349
2007-10-03,1479.7291,1495.4257,1495.5755,1469.1227,1147788
2007-10-04,1483.7297,1482.3203,1486.8893,1455.9178,1235541
2007-10-05,1474.9043,1481.5406,1484.6435,1471.5900,1514144
2007-10-08,1456.6452,1475.4644,1479.6928,1454.2259,1098014
2007-10-09,1442.8918,1450.6211,1456.5262,1442.5977,779019
2007-10-10,1444.7741,1443.0967,1453.8720,1438.0520,932021
2007-10-11,1415.7881,1448.3124,1450.9951,1403.1727,1051449
2007-10-12,1410.2710,1419.5217,1420.7443,1402.8794,2201638
2007-10-15,1430.1664,1414.1392,1441.6069,1404.8292,1688583
2007-10-16,1425.4813,1429.3013,1432.2746,1414.3854,1551752
2007-10-17,1432.3996,1425.5595,1438.1678,1421.1817,988365
2007-10-18,1452.1634,1436.3741,1459.8731,1432.0730,1467707
2007-10-19,1452.5012,1440.3461,1454.9071,1439.5204,1123221
2007-10-22,1439.1585,1446.6612,1452.1897,1427.3921,1006212
2007-10-23,1455.6088,1435.4060,1463.0484,1418.3153,1230892
2007-10-24,1465.8904,1451.8388,1480.5367,1439.6606,1941366
2007-10-25,1485.7498,1464.7030,1489.0089,1451.4585,1408559
2007-10-26,1521.3359,1489.8733,1537.1037,1483.6895,1136664
2007-10-29,1513.3458,1518.5643,1527.4286,1510.4382,588680
2007-10-30,1513.7673,1514.2608,1540.7489,1506.0248,1084603
2007-10-31,1496.6281,1516.5344,1522.4574,1478.6591,1908785
2007-11-01,1480.5690,1499.5118,1500.1005,1471.4728,1440253
2007-11-02,1468.7371,1482.4033,1488.5354,1467.8320,1635597
2007-11-05,1447.5894,1464.8761,1475.5590,1439.0611,1707217
2007-11-06,1462.7759,1448.7446,1479.6209,1442.2106,1570834
2007-11-07,1447.4078,1458.3993,1464.5442,1432.9803,1887546
2007-11-08,1463.2766,1458.3535,1465.2078,1448.8407,1249165
2007-11-09,1446.4803,1462.9797,1472.4322,1436.4403,1448109
2007-11-12,1457.0647,1439.8003,1466.8763,1431.8998,771547
2007-11-13,1473.3363,1455.0258,1480.9114,1454.4034,1071148
2007-11-14,1467.3161,1462.5138,1471.3713,1452.2061,1469516
2007-11-15,1448.7363,1463.7270,1463.7888,1442.6722,2442248
2007-11-16,1452.8693,1441.6746,1461.9272,1423.8520,733264
2007-11-19,1448.3003,1455.3397,1458.7162,1438.3639,1093900
2007-11-20,1406.1069,1443.8240,1445.5439,1398.5295,1333727
2007-11-21,1383.1593,1407.3300,1425.6630,1371.9558,1656562
2007-11-22,1369.6904,1376.8683,1382.6770,1365.3245,922513
2007-11-23,1375.8918,1371.9356,1379.6858,1366.7141,1893694
2007-11-26,1332.0800,1376.8273,1383.2236,1331.5303,1700562
2007-11-27,1325.4214,1330.3115,1338.1251,1317.6501,1173793
2007-11-28,1308.2646,1322.0394,1328.2848,1302.3736,802108
2007-11-29,1298.9022,1311.6802,1315.6079,1294.8424,1896954
2007-11-30,1294.3315,1304.3969,1306.1523,1280.9016,2165450
2007-12-03,1320.0722,1296.5450,1323.3347,1276.1486,2049198
2007-12-04,1322.9503,1320.5708,1323.5456,1313.6842,1537695
2007-12-05,1333.4101,1314.8220,1338.8872,1310.0717,2173956
2007-12-06,1332.3740,1338.0337,1356.8448,1330.7554,1510254
2007-12-07,1312.2583,1331.9885,1339.5783,1300.4749,1355476
2007-12-10,1332.8221,1316.2100,1340.0037,1313.9417,1508102
2007-12-11,1327.8068,1330.2719,1351.6137,1325.7673,1673104
2007-12-12,1326.3967,1325.7333,1342.8429,1325.4944,1817189
2007-12-13,1354.4431,1336.0002,1360.8534,1335.5139,1050381
2007-12-14,1364.0050,1353.6321,1372.0327,1344.2245,954943
2007-12-17,1338.7970,1355.2478,1371.6876,1325.5607,1787784
2007-12-18,1341.4918,1337.7777,1353.3677,1325.0199,1107718
2007-12-19,1354.2958,1347.9928,1354.3285,1343.6627,831020
2007-12-20,1348.7632,1350.5002,1356.3925,1345.1851,1221181
2007-12-21,1375.2835,1353.2570,1382.5424,1341.5291,1113415
2007-12-24,1379.1034,1373.7357,1382.1585,1368.6248,2097274
2007-12-25,1362.5951,1378.1271,1382.8639,1345.0985,1295511
2007-12-26,1361.5020,1368.5103,1373.2491,1354.9102,1211064
2007-12-27,1352.3007,1369.9409,1385.1186,1343.1542,1166701
2007-12-28,1365.3543,1356.0030,1367.8760,1341.4491,1386461
2007-12-31,1399.0871,1360.8439,1401.0214,1359.1824,879644
2008-01-01,1374.3656,1396.5917,1406.8494,1371.6838,1517888
2008-01-02,1361.8970,1370.7294,1384.4639,1351.6933,753937
2008-01-03,1344.5347,1363.9876,1368.5216,1335.3111,1006153
2008-01-04,1337.5001,1348.9922,1364.2306,1324.2114,1116011
2008-01-07,1323.0917,1336.4661,1338.4064,1312.1086,825112
2008-01-08,1306.6071,1327.4525,1335.6640,1289.9590,2388312
2008-01-09,1310.7159,1306.8825,1317.0944,1296.9087,675965
2008-01-10,1344.4534,1310.8362,1347.9945,1310.6815,1539058
2008-01-11,1340.5674,1340.1656,1350.7485,1338.1162,1453144
2008-01-14,1344.1196,1338.8042,1344.6844,1324.2096,1597469
2008-01-15,1304.0246,1342.9393,1349.8879,1296.9422,965880
2008-01-16,1271.8874,1292.8696,1303.2064,1260.2963,1160378
2008-01-17,1297.3884,1273.1817,1297.6058,1272.0026,1153733
2008-01-18,1329.4554,1307.3913,1330.6472,1290.3040,1079952
2008-01-21,1317.5122,1333.2693,1345.0834,1312.8122,1517954
2008-01-22,1332.1467,1321.6259,1343.0612,1317.5234,2773196
2008-01-23,1315.0089,1324.6992,1337.8693,1313.0663,1068008
2008-01-24,1317.7906,1307.1018,1330.0999,1290.5270,1377140
2008-01-25,1304.1192,1323.7926,1325.7285,1296.4586,1407846
2008-01-28,1328.2101,1308.2774,1339.4081,1294.2890,1150723
2008-01-29,1319.0652,1322.3197,1339.1869,1319.0129,1456145
2008-01-30,1327.8311,1317.9625,1331.3239,1317.9179,857333
2008-01-31,1312.9926,1328.0591,1332.8727,1312.0036,1384620
2008-02-01,1277.8514,1304.4679,1307.5881,1273.0645,1450328
2008-02-04,1307.7533,1282.9072,1313.5088,1282.6818,985530
2008-02-05,1292.6134,1302.0108,1305.2549,1289.9616,1365316
2008-02-06,1304.1067,1291.7170,1306.5771,1288.2268,1484886
2008-02-07,1281.4823,1300.9797,1306.6076,1276.7973,1254780
2008-02-08,1323.0431,1279.1159,1332.0048,1276.6440,1456512
2008-02-11,1317.9719,1315.3836,1342.0262,1303.0831,1690481
2008-02-12,1324.0976,1321.7267,1336.3415,1319.7497,1213240
2008-02-13,1343.2119,1324.7182,1347.2944,1316.5366,740013
2008-02-14,1399.2384,1350.5119,1416.3129,1346.6201,1049520
2008-02-15,1376.0479,1401.3939,1412.7232,1368.0493,1931028
2008-02-18,1335.9283,1386.3339,1390.7792,1325.7667,943228
2008-02-19,1325.5701,1331.1714,1347.1682,1302.4682,2014654
2008-02-20,1355.3304,1340.4664,1363.5499,1340.2671,1016792
2008-02-21,1369.1682,1359.3936,1380.4270,1320.8601,1806639
2008-02-22,1411.4174,1372.3170,1432.0572,1355.4974,1280398
2008-02-25,1424.9334,1406.1144,1430.1426,1378.2702,2314767
2008-02-26,1420.8697,1431.0129,1440.8083,1408.1842,1049804
2008-02-27,1441.2415,1423.4826,1444.5320,1400.1150,2045052
2008-02-28,1438.1916,1435.1164,1450.6431,1426.5607,1087377
2008-02-29,1453.9515,1444.7339,1467.8952,1442.6746,896569
2008-03-03,1462.2376,1466.2578,1485.6547,1456.2451,1682663
2008-03-04,1482.1933,1474.5253,1501.2990,1454.6410,1761607
2008-03-05,1477.5976,1480.5778,1480.6941,1472.9877,2220480
2008-03-06,1466.7763,1465.8494,1475.8555,1451.2048,1173699
2008-03-07,1461.4952,1469.5623,1477.7422,1449.2240,1170861
2008-03-10,1434.5220,1461.7803,1465.3344,1424.7880,1103437
2008-03-11,1400.7716,1441.1452,1463.2525,1384.8720,1137306
2008-03-12,1399.2625,1400.8867,1401.7165,1390.3547,1164824
2008-03-13,1367.7626,1391.8403,1416.8152,1340.9467,1255715
2008-03-14,1386.5973,1376.6774,1396.8867,1376.6506,1744124
2008-03-17,1375.7107,1393.9952,1403.3644,1372.6542,1868142
2008-03-18,1377.1511,1383.8695,1401.0375,1372.5223,2262572
2008-03-19,1385.2934,1380.9875,1412.5513,1369.3806,1718431
2008-03-20,1383.1043,1382.2110,1384.0730,1365.9569,979735
2008-03-21,1353.2672,1380.3457,1385.3733,1348.6476,1455482
2008-03-24,1340.9777,1347.4458,1358.7389,1339.1011,1576921
2008-03-25,1337.5783,1343.7518,1360.2486,1327.3068,1366128
2008-03-26,1309.2310,1342.5078,1359.2318,1288.4080,986453
2008-03-27,1324.6970,1314.7128,1325.0599,1313.3297,1641438
2008-03-28,1330.0422,1323.1147,1331.5156,1300.4199,1159799
2008-03-31,1330.2400,1336.9124,1338.3639,1324.1320,1113375
2008-04-01,1331.3506,1335.6669,1345.5920,1301.6780,1072150
2008-04-02,1294.7659,1322.3132,1329.6160,1288.4262,708723
2008-04-03,1307.3825,1299.2606,1315.7477,1291.5172,805197
2008-04-04,1276.5880,1301.1454,1312.6806,1267.7115,873374
2008-04-07,1253.0931,1270.2891,1272.4244,1249.4408,1724827
2008-04-08,1225.8328,1249.1854,1254.7278,1225.4577,1012553
2008-04-09,1261.8181,1227.3734,1268.6412,1226.9651,2031123
2008-04-10,1239.7651,1257.6650,1271.6799,1234.9863,1623148
2008-04-11,1239.3027,1238.7534,1254.9882,1228.2677,911587
2008-04-14,1240.7862,1239.1285,1249.0665,1236.2216,1123935
2008-04-15,1204.7179,1238.0674,1238.6540,1197.9091,1543813
2008-04-16,1189.1084,1198.3774,1210.5348,1176.1273,1705015
2008-04-17,1194.1719,1186.2151,1207.7257,1185.5017,825631
2008-04-18,1181.3141,1191.3001,1197.3707,1179.7634,1280148
2008-04-21,1188.2993,1185.6014,1193.6699,1177.8215,1310529
2008-04-22,1191.4608,1186.5571,1196.2549,1183.0073,1839835
2008-04-23,1188.4354,1195.4844,1208.7925,1187.4361,1254217
2008-04-24,1186.6953,1193.4557,1195.8790,1180.2119,1114631
2008-04-25,1211.0519,1185.7681,1224.3930,1180.5337,1376925
2008-04-28,1214.4006,1206.1232,1214.5061,1204.4451,1103695
2008-04-29,1210.5331,1214.1243,1216.6262,1197.7729,1419674
2008-04-30,1188.0635,1202.9692,1217.4812,1180.7425,1489729
2008-05-01,1179.8376,1189.6819,1191.6888,1172.5415,833427
2008-05-02,1160.3101,1173.4603,1185.5268,1148.3569,1834366
2008-05-05,1162.5766,1166.0106,1166.8878,1156.6909,1263286
2008-05-06,1164.5882,1165.1708,1173.2808,1154.9359,1394240
2008-05-07,1164.1847,1165.7161,1168.1292,1154.7136,1405029
2008-05-08,1152.9541,1164.7844,1181.2957,1145.0704,949481
2008-05-09,1128.7632,1153.8182,1160.2825,1117.0378,919463
2008-05-12,1131.6565,1128.0009,1140.3526,1121.8305,1789694
2008-05-13,1126.9097,1133.7704,1142.1994,1122.6557,1033474
2008-05-14,1141.8385,1132.5026,1143.1041,1127.2103,1601604
2008-05-15,1134.4349,1136.3481,1145.9264,1133.9162,1009572
2008-05-16,1145.1514,1139.3267,1151.7254,1138.7720,852764
2008-05-19,1151.2294,1145.0960,1152.7887,1130.3692,1105521
2008-05-20,1155.9071,1152.8746,1163.9775,1143.1582,1419795
2008-05-21,1155.0428,1153.4224,1157.4971,1149.0093,1012992
2008-05-22,1141.7851,1155.4741,1165.4143,1138.4707,1174870
2008-05-23,1125.9693,1136.1209,1136.3810,1116.0081,1638680
2008-05-26,1107.3681,1128.5419,1129.6227,1104.5109,1358342
2008-05-27,1105.1448,1108.6668,1121.0800,1094.9257,1188684
2008-05-28,1124.8018,1101.5472,1129.1274,1093.6979,2148014
2008-05-29,1123.9394,1121.0208,1127.0115,1117.5867,1353494
2008-05-30,1137.2503,1130.7842,1137.7425,1123.0440,1122364
2008-06-02,1162.7426,1135.6899,1169.3880,1131.6681,1235702
2008-06-03,1128.0801,1158.0461,1166.4546,1121.1972,1063945
2008-06-04,1109.2604,1125.9836,1137.0463,1108.2841,2689531
2008-06-05,1123.7122,1112.5398,1139.1327,1111.7359,921102
2008-06-06,1122.5391,1127.1622,1127.3627,1121.1178,1098317
2008-06-09,1123.2543,1115.2894,1136.6142,1104.0100,1181001
2008-06-10,1122.8620,1119.8967,1131.2546,1118.2337,1352978
2008-06-11,1133.9417,1122.7124,1150.1988,1120.1300,952712
2008-06-12,1127.8370,1128.5838,1132.2829,1123.5099,1745303
2008-06-13,1116.6448,1118.3735,1133.4864,1110.2822,1918962
2008-06-16,1097.6016,1116.8113,1126.0608,1092.6218,1652335
2008-06-17,1090.1163,1094.4502,1096.0644,1075.8637,1127280
2008-06-18,1123.8587,1096.1243,1125.1837,1082.5115,1061647
2008-06-19,1083.8750,1119.7163,1128.2948,1079.8957,2631551
2008-06-20,1087.7757,1085.3809,1108.6078,1069.5763,1237139
2008-06-23,1047.5266,1086.6190,1095.8181,1038.1023,1132612
2008-06-24,1054.3381,1047.7351,1065.1326,1047.1765,2397951
2008-06-25,1040.2000,1052.6421,1058.5862,1011.5678,1104801
2008-06-26,1049.2286,1045.4029,1058.9036,1042.1800,761590
2008-06-27,1055.7471,1047.4286,1062.6269,1038.6910,1811459
2008-06-30,1056.8259,1065.0596,1072.1604,1040.4718,754054
2008-07-01,1059.3805,1059.5520,1060.9838,1053.1833,1225460
2008-07-02,1089.2008,1062.9194,1091.7825,1047.1101,1934822
2008-07-03,1103.1843,1092.0906,1104.5696,1068.4734,1388125
2008-07-04,1073.0123,1105.5923,1112.1793,1065.5747,1335942
2008-07-07,1060.1855,1074.6287,1093.0890,1048.2501,1205941
2008-07-08,1038.6745,1061.1650,1066.6199,1032.7281,1253218
2008-07-09,1048.9299,1048.3940,1051.3509,1037.8157,831983
2008-07-10,1039.1895,1045.4667,1050.6140,1031.9849,664481
2008-07-11,1003.5695,1033.4346,1046.0096,997.7910,1152934
2008-07-14,1012.6196,997.3894,1017.6534,995.5620,764124
2008-07-15,1024.5357,1018.4894,1029.8495,1006.1018,1310683
2008-07-16,1034.9072,1023.4208,1038.8248,1020.4023,1393992
2008-07-17,1043.2985,1032.1304,1052.2914,1031.6902,2393453
2008-07-18,1031.0456,1035.5879,1051.8094,1026.5235,831662
2008-07-21,1045.2938,1037.4090,1057.2270,1030.5428,982213
2008-07-22,1035.6524,1038.7710,1043.7353,1025.0077,1192071
2008-07-23,1031.0861,1030.9004,1031.7228,1024.6326,1149958
2008-07-24,1005.7857,1025.1509,1027.6705,993.3269,1680978
2008-07-25,1016.2680,1002.6616,1027.4148,993.9440,1186689
2008-07-28,1028.1362,1019.4981,1031.0724,1016.9833,958253
2008-07-29,1043.0125,1027.6018,1080.0647,1021.8053,1348417
2008-07-30,1053.4249,1038.2863,1068.9220,1030.7530,1460660
2008-07-31,1069.9590,1047.9318,1079.3569,1042.5664,1101536
2008-08-01,1042.5097,1063.8422,1067.3922,1037.4636,1449306
2008-08-04,1033.9484,1043.5590,1046.5664,1019.6764,1340298
2008-08-05,1060.2606,1040.4957,1065.0457,1037.0048,2003109
2008-08-06,1043.3562,1069.0275,1073.8129,1041.4987,1948793
2008-08-07,1048.8016,1039.0230,1052.2250,1016.4653,1535164
2008-08-08,1041.9731,1047.9499,1057.5468,1036.0305,960646
2008-08-11,1022.0952,1042.7503,1050.0202,1010.2869,882589
2008-08-12,1003.3990,1018.7723,1023.1616,996.7057,1233716
2008-08-13,1009.6290,998.1273,1028.7136,980.4328,1658890
2008-08-14,1026.0473,1012.3160,1028.3729,1000.8868,1129432
2008-08-15,1016.3168,1028.3908,1035.1217,1003.6183,928614
2008-08-18,1025.6977,1019.7671,1036.2523,1010.0769,1104025
2008-08-19,1010.8328,1027.8296,1029.6383,992.7424,888326
2008-08-20,1024.3604,1012.4037,1034.5651,1005.5906,1650357
2008-08-21,1014.3875,1022.5375,1026.5235,1013.1267,1810731
2008-08-22,1009.0625,1017.4348,1018.7602,1008.2253,855378
2008-08-25,1017.1514,1005.1256,1029.9807,997.8015,1388394
2008-08-26,1022.7449,1016.4607,1026.0600,1007.6495,1121288
2008-08-27,1018.2226,1021.7486,1035.3620,1011.6273,949299
2008-08-28,1008.1770,1016.9016,1017.0978,1006.9736,2478620
2008-08-29,1013.0972,1001.7732,1015.8402,996.7076,1184967
2008-09-01,1011.4282,1011.3121,1017.8917,1000.9933,1826276
2008-09-02,1025.7871,1010.1132,1028.2094,1002.5229,1445809
2008-09-03,1029.5061,1029.2896,1035.3358,1025.0415,1520703
2008-09-04,1014.3652,1036.1735,1037.6837,1007.8699,835753
2008-09-05,1036.6501,1013.5006,1046.0147,1007.4977,1887302
2008-09-08,1050.3772,1040.9801,1053.0324,1039.4276,970210
2008-09-09,1057.2387,1048.2853,1058.0832,1034.5102,1141659
2008-09-10,1043.7628,1048.2322,1050.0613,1041.1731,1278566
2008-09-11,1058.7668,1040.6232,1063.9680,1035.6101,1151080
2008-09-12,1071.7591,1054.1165,1091.4718,1047.4850,1434972
2008-09-15,1079.6010,1070.2885,1080.5713,1066.6249,2411778
2008-09-16,1076.4067,1078.6828,1087.0298,1070.6401,1522112
2008-09-17,1078.1100,1078.3548,1083.5698,1073.3320,744470
2008-09-18,1073.7354,1076.8612,1082.8440,1072.8175,1007237
2008-09-19,1090.8517,1071.0183,1095.7366,1063.2290,1241468
2008-09-22,1103.3384,1094.2206,1111.9667,1077.6131,1155659
2008-09-23,1103.4766,1104.2272,1129.8722,1093.4156,1245791
2008-09-24,1098.9343,1105.6270,1113.4268,1090.2232,1085197
2008-09-25,1123.1195,1103.6307,1126.2248,1097.1014,1895996
2008-09-26,1117.6016,1122.4746,1123.3475,1113.4731,1732376
2008-09-29,1135.5991,1120.4695,1139.9622,1114.6015,1188110
2008-09-30,1133.7207,1139.0249,1162.1461,1131.8317,1054946
2008-10-01,1147.4051,1138.0206,1147.6163,1136.2952,1415687
2008-10-02,1160.3247,1150.5873,1162.6475,1147.2975,1606678
2008-10-03,1124.2962,1163.2685,1170.1493,1118.5324,1163839
2008-10-06,1139.5634,1125.1320,1145.4199,1123.9473,1327864
2008-10-07,1138.2330,1147.8553,1150.7398,1123.6395,1460147
2008-10-08,1134.6842,1129.1190,1138.1477,1128.1146,1781717
2008-10-09,1132.9311,1136.6921,1144.3540,1129.2233,1326550
2008-10-10,1137.6094,1134.1594,1140.3936,1130.4168,1280868
2008-10-13,1117.5211,1133.8605,1144.1112,1115.6695,1250327
2008-10-14,1117.2893,1116.9722,1117.4739,1116.4431,1001042
2008-10-15,1111.9602,1120.9161,1129.0126,1097.2205,917004
2008-10-16,1113.8183,1115.6628,1120.6908,1111.0215,913671
2008-10-17,1087.9975,1114.0932,1117.3333,1083.4679,1456277
2008-10-20,1080.1648,1091.4929,1104.4329,1075.4905,688938
2008-10-21,1090.7733,1071.0685,1091.4522,1066.1520,1012625
2008-10-22,1103.8812,1086.6143,1104.5291,1073.0912,1189435
2008-10-23,1105.6748,1094.8497,1108.5245,1093.0366,2020224
2008-10-24,1119.1106,1104.7009,1119.1480,1099.1559,1455361
2008-10-27,1132.3344,1116.8526,1139.6674,1116.3815,1502501
2008-10-28,1130.9844,1134.4902,1141.3532,1129.2537,1505988
2008-10-29,1128.7604,1127.5228,1131.7943,1121.8023,1094983
2008-10-30,1135.4307,1126.9074,1140.4781,1123.8314,1944271
2008-10-31,1118.5011,1136.6645,1137.5606,1111.4822,1123529
2008-11-03,1129.8408,1122.4436,1132.8964,1120.6476,1060621
2008-11-04,1129.8059,1128.9611,1133.5869,1125.9179,1129719
2008-11-05,1134.5844,1130.0622,1145.6603,1124.9248,965026
2008-11-06,1131.0597,1133.9508,1135.5700,1125.4168,1491380
2008-11-07,1114.8804,1131.9843,1132.1590,1107.9502,2017879
2008-11-10,1109.2789,1113.4280,1114.0824,1108.0695,1202575
2008-11-11,1116.8542,1114.2680,1122.3265,1106.9751,908463
2008-11-12,1129.6866,1122.2326,1135.9027,1116.8989,1549895
2008-11-13,1125.4752,1131.0868,1146.1407,1121.6988,1133370
2008-11-14,1135.8610,1126.1390,1143.1312,1122.3903,1743602
2008-11-17,1127.7978,1140.5726,1143.5339,1122.0432,1246497
2008-11-18,1139.3010,1132.3248,1145.7206,1130.6282,1643964
2008-11-19,1136.8828,1137.6881,1139.7347,1125.5941,1528858
2008-11-20,1143.9531,1137.9821,1149.8192,1133.4497,1004806
2008-11-21,1145.6676,1144.7642,1146.5551,1133.9501,1772294
2008-11-24,1137.5682,1143.6479,1153.7133,1135.8640,1800260
2008-11-25,1137.2190,1142.1906,1143.6194,1136.6332,917498
2008-11-26,1131.1163,1134.5919,1139.3834,1128.7815,1110788
2008-11-27,1117.9611,1129.9215,1138.0207,1105.7028,968542
2008-11-28,1106.8281,1119.5780,1123.0771,1099.8164,918117
2008-12-01,1097.2449,1107.4738,1110.4556,1096.6401,1272128
2008-12-02,1105.7864,1101.1543,1113.5642,1097.4661,832803
2008-12-03,1111.3923,1106.5809,1119.5303,1098.9493,1217415
2008-12-04,1104.3662,1112.4695,1112.9809,1102.6049,1077461
2008-12-05,1085.7083,1104.6388,1112.1987,1079.8533,616103
2008-12-08,1074.6941,1082.8655,1086.2643,1069.3498,1318601
2008-12-09,1094.4526,1071.8541,1097.9288,1060.0151,894590
2008-12-10,1086.1533,1096.7778,1100.8569,1081.4595,766751
2008-12-11,1069.8643,1082.4487,1092.3192,1065.2074,923365
2008-12-12,1066.2756,1064.9894,1070.1039,1056.1803,1051582
2008-12-15,1063.9713,1066.3485,1070.8617,1058.5969,1588775
2008-12-16,1064.0975,1066.1493,1078.8083,1053.1406,1083127
2008-12-17,1075.8937,1063.7707,1080.7089,1061.3039,1228773
2008-12-18,1071.4789,1073.7521,1083.4426,1068.1985,667794
2008-12-19,1093.6057,1078.3325,1101.1714,1076.4657,1628809
2008-12-22,1110.0987,1098.0806,1116.6753,1091.7650,1409646
2008-12-23,1093.9116,1108.1631,1116.5160,1090.7765,1712853
2008-12-24,1110.6919,1088.8516,1121.8921,1086.0689,1093358
2008-12-25,1123.2701,1110.4235,1126.2613,1101.8739,1401370
2008-12-26,1117.0789,1115.2266,1126.1509,1112.8432,1594753
2008-12-29,1128.1227,1118.9400,1129.2295,1112.7134,1170041
2008-12-30,1143.7036,1127.8478,1156.1458,1124.6957,995978
2008-12-31,1138.4623,1140.8775,1151.6728,1135.8822,1232990
2009-01-01,1146.5874,1135.6198,1148.7579,1135.2430,1282590
2009-01-02,1150.8041,1152.7662,1165.2383,1141.7285,1256271
2009-01-05,1152.4695,1153.9296,1159.8110,1150.5762,934638
2009-01-06,1154.3732,1154.2064,1158.2398,1148.6010,477221
2009-01-07,1135.9278,1155.3909,1156.4807,1130.3029,1245905
2009-01-08,1121.0758,1140.6550,1141.9786,1120.5411,694264
2009-01-09,1123.7469,1123.3467,1127.3233,1118.2940,3228309
2009-01-12,1102.3959,1122.4200,1128.7060,1099.9739,1088345
2009-01-13,1089.4670,1102.1086,1106.0616,1085.9880,828749
2009-01-14,1081.9074,1086.5217,1092.6599,1078.4331,1127354
2009-01-15,1084.4869,1081.9763,1098.8721,1077.6656,1426996
2009-01-16,1076.2752,1086.9330,1088.2096,1075.1846,1068057
2009-01-19,1089.4383,1078.1352,1096.9558,1076.8777,1296635
2009-01-20,1084.9707,1097.3907,1098.8984,1079.0119,1285703
2009-01-21,1088.9683,1087.0981,1093.8809,1078.8028,1141858
2009-01-22,1089.0104,1089.5882,1092.1256,1088.8872,862954
2009-01-23,1108.5220,1091.2557,1119.0254,1083.5797,900492
2009-01-26,1105.5960,1113.6821,1114.0433,1093.1915,888827
2009-01-27,1111.3902,1108.3325,1112.3840,1102.6410,1380779
2009-01-28,1121.0134,1109.9198,1128.8760,1101.2143,1039475
2009-01-29,1107.5531,1119.9992,1127.1257,1106.9960,1135090
2009-01-30,1096.4997,1102.2401,1105.5751,1088.8261,920339
2009-02-02,1115.8144,1101.5962,1126.4306,1092.9369,1360557
2009-02-03,1108.6411,1111.6070,1114.7927,1104.7100,578544
2009-02-04,1087.3251,1101.1297,1108.0433,1086.2896,735879
2009-02-05,1097.8774,1089.1419,1099.7072,1086.7062,1429119
2009-02-06,1104.1987,1102.3249,1108.1410,1101.9695,1114557
2009-02-09,1103.9787,1100.9306,1106.1258,1099.1959,1639947
2009-02-10,1115.6335,1105.6497,1126.5834,1101.8294,1030110
2009-02-11,1103.0793,1112.8403,1121.2341,1097.4291,991734
2009-02-12,1099.3232,1099.1661,1102.4844,1087.8275,794443
2009-02-13,1090.4892,1093.2891,1093.3598,1089.6196,1531970
2009-02-16,1093.5075,1097.2137,1100.7614,1082.1588,1310870
2009-02-17,1093.4615,1096.1744,1103.5874,1093.2725,1905504
2009-02-18,1083.9403,1094.4604,1098.2878,1074.8650,712916
2009-02-19,1093.3731,1084.7325,1105.1331,1084.4050,1117864
2009-02-20,1099.9103,1090.0655,1102.2516,1086.5266,1475043
2009-02-23,1083.3514,1101.5628,1105.9477,1082.5629,1062746
2009-02-24,1100.3453,1082.0524,1110.1115,1070.7452,858274
2009-02-25,1108.3364,1098.1429,1116.5672,1093.3113,713770
2009-02-26,1126.4130,1114.5120,1129.5146,1113.0478,1077627
2009-02-27,1132.3677,1124.9856,1137.5166,1116.2190,1066826
2009-03-02,1144.4979,1129.3198,1145.5152,1125.4593,1084616
2009-03-03,1142.9906,1136.5605,1152.5519,1128.9771,771785
2009-03-04,1140.1476,1136.6841,1143.0283,1135.9648,846806
2009-03-05,1127.2247,1143.0428,1146.0761,1122.1647,1080020
2009-03-06,1123.1016,1130.0221,1133.7355,1118.5790,726478
2009-03-09,1115.4217,1119.4299,1123.1573,1113.4967,675459
2009-03-10,1125.3199,1117.6413,1126.3649,1109.1451,1203928
2009-03-11,1129.5175,1123.6546,1130.0493,1119.1545,1055154
2009-03-12,1110.8768,1133.8714,1140.0336,1107.9725,759204
2009-03-13,1100.1300,1113.2733,1113.8811,1094.2520,1064873
2009-03-16,1099.5679,1100.6928,1103.1540,1085.7873,1218706
2009-03-17,1106.1465,1096.5740,1111.2618,1089.0605,2061798
2009-03-18,1114.0528,1103.2956,1121.0506,1103.2934,1292663
2009-03-19,1099.3154,1105.0276,1115.7839,1088.7245,1020086
2009-03-20,1106.2240,1100.2145,1116.5204,1089.2562,1223985
2009-03-23,1095.4617,1108.8690,1109.1136,1084.0496,1786319
2009-03-24,1070.7145,1097.1150,1097.9147,1068.4039,1098357
2009-03-25,1107.5545,1070.4825,1109.1292,1063.6282,1341362
2009-03-26,1101.1863,1106.0601,1106.8845,1093.9191,1428171
2009-03-27,1093.7736,1095.7635,1100.0442,1089.5774,1856359
2009-03-30,1082.8818,1097.1472,1099.9315,1065.9891,2079742
2009-03-31,1095.2791,1082.6456,1101.0177,1070.5557,1529275
2009-04-01,1103.5267,1096.3129,1103.7353,1093.5812,1106547
2009-04-02,1116.9143,1105.4660,1117.3985,1098.8078,752811
2009-04-03,1133.6424,1113.6787,1148.4769,1111.6210,1239847
2009-04-06,1133.4045,1128.2720,1140.0321,1115.8189,1517914
2009-04-07,1141.3820,1135.3961,1150.6289,1131.0021,809903
2009-04-08,1149.0934,1147.2969,1158.4170,1136.6290,1781917
2009-04-09,1175.3213,1146.5774,1183.3030,1144.1577,1784976
2009-04-10,1180.0369,1165.3536,1180.6099,1165.2163,929600
2009-04-13,1165.8179,1181.4460,1189.7121,1162.0661,879658
2009-04-14,1153.9190,1172.4219,1178.7957,1151.2997,1271903
2009-04-15,1168.3971,1157.1622,1170.9068,1154.0179,1279745
2009-04-16,1181.5180,1171.8104,1185.8559,1154.8096,2409663
2009-04-17,1189.1563,1185.4849,1192.0121,1181.1362,936640
2009-04-20,1184.8051,1187.8076,1192.8880,1173.0787,1143123
2009-04-21,1180.6418,1187.0481,1187.2192,1164.7107,1169297
2009-04-22,1165.0677,1180.1876,1193.1379,1162.0440,967960
2009-04-23,1161.6436,1166.9047,1171.6065,1159.1070,789063
2009-04-24,1157.3997,1161.3322,1166.0751,1154.1709,1092798
2009-04-27,1173.9325,1160.3767,1179.2715,1153.2037,1398539
2009-04-28,1187.5032,1176.7467,1190.4876,1176.2865,1283847
2009-04-29,1196.6600,1196.4889,1198.4379,1193.7597,1220150
2009-04-30,1183.7595,1197.5586,1212.2289,1181.6128,758134
2009-05-01,1186.4207,1184.7053,1194.8957,1172.5517,1371766
2009-05-04,1170.7992,1184.4735,1190.0484,1170.5216,654998
2009-05-05,1170.9247,1171.0687,1175.6952,1168.5300,1264349
2009-05-06,1163.1107,1168.3993,1180.6163,1162.2674,1935096
2009-05-07,1167.7357,1163.6540,1174.3373,1154.1282,962063
2009-05-08,1171.5026,1170.3390,1177.7606,1163.6803,1208977
2009-05-11,1176.8130,1172.0644,1176.9488,1169.6852,1375344
2009-05-12,1176.2393,1175.5711,1180.3439,1166.4675,972345
2009-05-13,1174.9233,1174.7777,1181.9332,1164.8517,1228742
2009-05-14,1158.8219,1168.6466,1171.5202,1146.2451,673093
2009-05-15,1160.0740,1159.2885,1160.7641,1154.4289,2271697
2009-05-18,1151.2465,1159.6033,1169.4417,1147.6921,1058134
2009-05-19,1156.2131,1154.6984,1159.9523,1153.3380,868333
2009-05-20,1160.4808,1158.9634,1166.2261,1154.6454,1567830
2009-05-21,1159.8882,1159.4611,1163.5074,1158.7531,741319
2009-05-22,1169.9665,1161.5882,1174.6352,1152.9898,1300126
2009-05-25,1186.7078,1172.0947,1188.3228,1162.6132,1966622
2009-05-26,1207.9086,1189.0898,1213.1901,1183.7388,1668496
2009-05-27,1213.8691,1209.0476,1214.9535,1199.5912,1430780
2009-05-28,1217.0161,1211.5036,1222.0026,1206.5850,1058248
2009-05-29,1209.1247,1215.7571,1218.0509,1202.4925,2112459
2009-06-01,1223.9950,1212.9679,1231.4515,1204.3937,1066172
2009-06-02,1229.9769,1226.3387,1230.8547,1223.2651,1032806
2009-06-03,1215.5964,1229.0929,1232.5382,1215.4537,1234483
2009-06-04,1224.8967,1216.7359,1228.9136,1216.0207,742209
2009-06-05,1196.1229,1217.4797,1227.7614,1184.2283,1382731
2009-06-08,1195.9299,1201.9937,1215.0503,1181.3745,1656267
2009-06-09,1212.9294,1204.9670,1218.5494,1200.9660,1082542
2009-06-10,1191.1680,1207.7888,1226.2073,1187.0021,1236541
2009-06-11,1190.4498,1188.4437,1192.3626,1185.1251,879701
2009-06-12,1175.2833,1184.8961,1187.3032,1159.0281,1719630
2009-06-15,1189.2396,1182.5840,1189.8199,1172.1861,1258864
2009-06-16,1176.9560,1180.7195,1193.9196,1174.2018,1766961
2009-06-17,1157.8441,1175.5247,1179.1472,1154.9282,1806388
2009-06-18,1156.2303,1165.9527,1168.7017,1155.2373,1144812
2009-06-19,1153.0193,1151.5195,1156.0021,1148.3629,876783
2009-06-22,1131.7376,1152.6911,1159.6631,1124.5411,1149811
2009-06-23,1122.8664,1130.0867,1138.1757,1109.4399,2135798
2009-06-24,1127.6722,1123.9439,1143.9836,1123.4048,1491283
2009-06-25,1142.8294,1127.8589,1146.7892,1125.3320,1161024
2009-06-26,1159.1972,1144.0063,1175.0054,1143.2688,1110659
2009-06-29,1132.9679,1158.1427,1164.1570,1126.7354,1182652
2009-06-30,1107.8420,1130.9499,1134.4936,1092.7838,979402
2009-07-01,1106.9896,1106.5650,1107.7872,1105.6190,2517951
2009-07-02,1092.0171,1109.0125,1114.0307,1086.7153,1241810
2009-07-03,1078.0165,1089.5929,1103.9744,1077.3678,1183712
2009-07-06,1074.5489,1077.1012,1089.0861,1070.2895,1832471
2009-07-07,1067.0562,1062.3078,1075.7593,1046.5797,1305808
2009-07-08,1068.5813,1060.6159,1072.9296,1047.2884,1066961
2009-07-09,1087.9398,1072.6032,1093.6253,1065.1528,2705710
2009-07-10,1082.9327,1083.4751,1094.6058,1072.3437,1472277
2009-07-13,1088.0551,1086.4367,1088.2852,1084.8252,724512
2009-07-14,1103.5578,1091.8403,1106.1811,1091.6411,1385468
2009-07-15,1115.6974,1109.6784,1116.3370,1106.1185,810917
2009-07-16,1115.0303,1113.5878,1116.6266,1112.6860,1590849
2009-07-17,1120.6689,1116.7773,1125.8120,1115.0921,1248653
2009-07-20,1102.7939,1122.4929,1131.7367,1094.1711,1608914
2009-07-21,1117.2006,1103.0127,1117.8151,1096.4700,1746775
2009-07-22,1120.1784,1118.0772,1121.1614,1110.2033,1623313
2009-07-23,1103.2501,1121.1926,1123.7499,1102.1334,2157678
2009-07-24,1104.3736,1104.8638,1114.1422,1103.9406,1259596
2009-07-27,1088.1899,1105.1190,1112.3088,1084.8474,1156294
2009-07-28,1087.4890,1084.2701,1098.0343,1080.0603,922319
2009-07-29,1071.5067,1089.1315,1104.2159,1068.8635,1021694
2009-07-30,1064.9278,1070.7280,1073.4726,1063.7767,1058461
2009-07-31,1071.3938,1063.5656,1078.3706,1057.0503,1551832
2009-08-03,1050.3721,1060.6763,1062.3651,1048.6511,770436
2009-08-04,1060.0659,1055.7002,1064.1446,1054.0940,1152202
2009-08-05,1064.2986,1057.5747,1067.1196,1048.0110,1052921
2009-08-06,1052.4845,1064.1119,1073.2491,1045.5074,2140703
2009-08-07,1045.7677,1055.7479,1057.0626,1037.3730,1194089
2009-08-10,1043.9704,1042.0532,1057.5600,1032.7356,1485288
2009-08-11,1043.6514,1044.2055,1046.2532,1042.0546,1703392
2009-08-12,1036.3075,1045.6594,1055.5588,1028.9516,1510463
2009-08-13,1049.5896,1037.0515,1052.1321,1030.4314,1225423
2009-08-14,1057.0966,1052.8105,1070.9741,1048.9524,1777971
2009-08-17,1061.2597,1058.7315,1064.2906,1055.5648,795979
2009-08-18,1065.1714,1057.4316,1074.0104,1048.5645,1133804
2009-08-19,1067.5315,1066.1007,1070.3827,1064.9239,1096273
2009-08-20,1077.8412,1067.3892,1084.6362,1059.9262,1357394
2009-08-21,1062.4250,1077.4863,1081.5711,1057.3111,1080386
2009-08-24,1078.7858,1065.0670,1079.8216,1058.3000,1353538
2009-08-25,1069.1970,1073.4368,1075.5852,1065.3205,964419
2009-08-26,1058.7135,1068.0463,1068.2882,1057.7920,1671306
2009-08-27,1064.0078,1061.4667,1066.0212,1060.2958,1290462
2009-08-28,1044.5373,1068.9993,1069.6073,1042.1929,1740614
2009-08-31,1045.8529,1041.1636,1052.1179,1038.7274,713552
2009-09-01,1033.0872,1044.9518,1049.6008,1028.2249,2139438
2009-09-02,1026.0296,1033.7883,1036.5348,1019.5859,1414658
2009-09-03,1029.4780,1030.9182,1037.1987,1024.0929,1373844
2009-09-04,1023.3414,1036.6613,1044.6200,1015.8927,707385
2009-09-07,1010.7281,1019.3928,1025.4838,1008.7040,1176732
2009-09-08,1014.9827,1013.0539,1016.7836,1011.6023,1742953
2009-09-09,1029.8706,1012.9662,1031.4007,1008.8294,1500427
2009-09-10,1012.0967,1031.4938,1033.3250,1004.4104,973341
2009-09-11,1006.3501,1014.9135,1017.7298,1004.3661,2263793
2009-09-14,994.7812,1006.2781,1012.7968,989.6058,1307461
2009-09-15,1005.9250,994.9936,1007.4286,993.7533,1388187
2009-09-16,1009.5579,1005.7296,1015.0088,1000.3295,1069812
2009-09-17,996.7831,1004.3333,1006.4611,982.1596,1083163
2009-09-18,993.2015,998.3783,1004.9662,982.0196,1900030
2009-09-21,1006.4596,992.6153,1014.7094,986.2612,2779506
2009-09-22,1001.6251,1003.7328,1010.1892,1000.7844,842800
2009-09-23,1013.2201,1001.7750,1014.8564,1000.5252,1973312
2009-09-24,1021.1345,1010.6384,1022.6726,1008.9900,1255342
2009-09-25,1021.6705,1021.6839,1026.1443,1018.5219,1413704
2009-09-28,1010.7075,1021.4996,1025.3466,1006.9838,1207033
2009-09-29,1012.6922,1011.3637,1016.2716,1011.0051,814870
2009-09-30,1004.5863,1004.7134,1013.7774,999.5258,848294
2009-10-01,995.6301,1006.4356,1008.1656,993.1338,837818
2009-10-02,995.8978,991.4001,998.1836,987.0214,2099004
2009-10-05,999.3866,996.6848,999.9141,996.0052,1081496
2009-10-06,1014.4902,997.1474,1024.1401,995.7549,1362364
2009-10-07,1006.0939,1014.9605,1015.9615,1003.5899,875277
2009-10-08,1002.3160,1005.9957,1009.0225,998.4959,876775
2009-10-09,998.1000,1003.5116,1005.8253,997.7165,1285428
2009-10-12,988.9092,995.5662,1000.0066,988.0259,1486436
2009-10-13,987.3433,991.6999,992.1187,978.9910,611883
2009-10-14,979.6149,985.1727,992.9597,970.8256,1384627
2009-10-15,963.8234,977.6098,989.0502,963.0504,1071433
2009-10-16,958.6730,965.6070,974.1050,950.3876,810443
2009-10-19,951.4736,958.2650,965.5244,943.1109,956958
2009-10-20,956.6161,952.0209,961.6493,950.4028,2294505
2009-10-21,956.5760,955.3549,960.7325,953.6159,1081444
2009-10-22,949.9442,955.3764,961.0051,947.1185,737077
2009-10-23,937.9222,950.7598,960.4487,930.1605,1625459
2009-10-26,932.1279,937.2982,943.1676,931.4473,1392325
2009-10-27,938.5379,930.2835,942.6584,929.9870,699493
2009-10-28,940.4932,936.8520,942.8957,934.4803,1481139
2009-10-29,949.5017,940.2098,961.1568,937.8015,1352620
2009-10-30,935.0579,945.6990,949.6441,929.8092,963550
2009-11-02,933.1750,936.4636,938.6532,928.4658,1293135
2009-11-03,937.9738,935.7221,949.1994,932.7628,1195675
2009-11-04,946.5083,935.6532,955.3353,926.8940,968408
2009-11-05,949.4508,950.2596,957.1279,949.2475,1293260
2009-11-06,958.6835,950.6173,963.2866,948.5228,1451243
2009-11-09,949.8206,957.8836,962.8524,946.4477,1482505
2009-11-10,936.3332,947.6518,953.4732,928.5752,1226693
2009-11-11,918.6331,934.1053,934.4602,917.3842,1819473
2009-11-12,922.6491,924.9846,930.5782,916.9921,1035872
2009-11-13,934.5202,920.0965,936.8873,919.6446,1102288
2009-11-16,927.6775,933.9761,937.9611,920.8594,1080833
2009-11-17,923.6201,923.6727,932.3020,919.7569,1737339
2009-11-18,932.6207,929.7310,938.7319,925.8209,611135
2009-11-19,943.9289,930.5834,947.7229,922.8296,727379
2009-11-20,945.1998,946.1741,949.8387,943.2002,1011073
2009-11-23,946.6291,939.8770,950.4440,934.2085,799612
2009-11-24,939.7008,947.1322,950.0888,938.0331,1631737
2009-11-25,932.5756,938.5746,948.9328,926.7584,1461893
2009-11-26,929.1793,940.1090,945.6415,927.7751,1357315
2009-11-27,927.5955,927.4117,935.6473,925.7095,1531605
2009-11-30,929.5373,931.2703,932.7395,927.6902,1618879
2009-12-01,924.4801,930.5093,931.8679,920.4055,935180
2009-12-02,924.7529,921.4263,926.1248,917.4365,1184912
2009-12-03,919.8080,923.2709,927.8719,915.5928,970883
2009-12-04,926.0805,918.6913,931.4611,918.2749,961183
2009-12-07,930.5736,929.0954,932.3629,925.8887,1169422
2009-12-08,939.7815,929.4847,942.5514,922.5601,1615652
2009-12-09,941.9665,941.3586,946.9022,938.4882,1176133
2009-12-10,942.9081,943.2925,946.4040,938.4799,1412073
2009-12-11,943.1884,945.4573,947.1364,937.7344,889735
2009-12-14,934.7978,942.4286,946.9269,933.9396,990232
2009-12-15,929.8665,931.3616,935.2282,928.5065,1006597
2009-12-16,922.6169,931.0635,931.1087,920.4121,904568
2009-12-17,922.2616,920.8693,922.8217,919.7637,1216986
2009-12-18,916.3775,922.6186,925.3702,914.7915,1590973
2009-12-21,913.2178,918.9329,923.0510,910.4351,1129886
2009-12-22,919.0923,914.0724,925.7837,909.9536,1360042
2009-12-23,917.2216,918.7587,923.0196,914.2355,841704
2009-12-24,917.8341,916.6335,923.2206,913.5574,1109617
2009-12-25,919.8926,918.0682,926.3299,918.0525,1016653
2009-12-28,919.7690,922.9122,924.8853,914.7754,1554277
2009-12-29,922.7094,920.1831,923.1759,919.6135,890113
2009-12-30,923.6074,921.3335,923.9266,915.9186,895440
2009-12-31,916.9663,922.7505,927.2355,912.8179,1407109
2010-01-01,918.4098,919.3694,921.7505,911.0879,1002092
2010-01-04,916.4011,915.6026,916.4633,912.9589,1483617
2010-01-05,913.9448,916.9372,918.7022,909.0830,1058802
2010-01-06,913.3594,917.3087,918.5798,911.5178,1417579
2010-01-07,912.6534,914.0092,919.7089,910.9624,1590608
2010-01-08,915.3349,912.2391,916.8961,906.4447,1261769
2010-01-11,912.7134,915.7857,916.9967,911.9062,931972
2010-01-12,912.0490,913.1991,920.4342,911.5396,930055
2010-01-13,912.6429,910.7715,914.1667,909.2433,1532590
2010-01-14,905.1945,912.8176,915.0264,902.6193,1024798
2010-01-15,903.3206,903.9044,905.3999,902.5853,1351045
2010-01-18,900.5194,902.0268,902.8626,900.3875,598366
2010-01-19,893.2873,900.1299,904.2809,888.6901,1832502
2010-01-20,891.8622,894.5447,897.5445,891.1622,1344081
2010-01-21,887.2890,890.4275,891.8159,881.8701,1110576
2010-01-22,905.2377,890.7923,909.3966,890.6503,844764
2010-01-25,900.9000,904.8964,905.2636,896.7997,1546229
2010-01-26,901.3189,901.4164,901.8504,900.8486,1383094
2010-01-27,904.6319,901.2969,910.1030,898.1137,1948609
2010-01-28,895.4508,904.9698,910.3548,894.0832,476489
2010-01-29,899.0566,894.9688,900.5954,889.9061,1399281
2010-02-01,885.9077,899.2815,903.8757,885.2440,1418002
2010-02-02,878.9863,883.5968,885.6252,870.5411,662033
2010-02-03,880.2076,878.4509,882.3812,868.3507,1187608
2010-02-04,881.9027,877.3579,882.3878,876.2907,1418417
2010-02-05,886.4013,880.7920,891.5172,879.2111,1730867
2010-02-08,891.2479,885.1010,892.3006,881.0479,1136419
2010-02-09,886.3662,890.1535,890.4555,882.1572,1056384
2010-02-10,876.8524,886.5906,886.9683,872.3787,1473945
2010-02-11,874.1177,877.8064,881.8811,873.6857,784440
2010-02-12,877.8312,871.6372,881.5601,864.5673,760148
2010-02-15,870.9458,878.6526,879.2930,866.8630,1172457
2010-02-16,867.5848,870.6158,872.5868,861.7327,973391
2010-02-17,869.7268,869.2592,869.8868,860.9229,606698
2010-02-18,857.1817,868.4347,869.6481,856.2958,3573288
2010-02-19,870.2663,857.8741,875.6854,856.0049,1351567
2010-02-22,875.3498,874.1004,876.2658,871.8264,761800
2010-02-23,875.9377,873.4779,878.3701,869.2639,1078020
2010-02-24,874.4473,875.6419,878.6297,874.0372,1238396
2010-02-25,863.9899,871.4381,872.7368,857.3069,1269350
2010-02-26,856.4968,862.5102,865.2891,853.4931,914899
2010-03-01,855.2917,854.9871,867.3126,845.7077,1174539
2010-03-02,861.3299,854.7466,862.9801,844.3249,1741237
2010-03-03,858.4322,858.9927,864.8541,853.7532,1010331
2010-03-04,865.7581,860.1407,868.3167,858.1813,1042749
2010-03-05,866.8519,865.9428,869.3406,863.2816,1121500
2010-03-08,867.6746,867.2399,870.9995,860.4336,1010684
2010-03-09,870.2506,869.0994,874.9310,860.5098,2124964
2010-03-10,861.8444,869.7921,870.1755,853.4869,1334952
2010-03-11,856.1920,859.3833,864.4930,850.6413,1093863
2010-03-12,869.4679,855.5645,870.7348,850.6090,942597
2010-03-15,874.8196,867.6264,877.4589,859.9003,1422232
2010-03-16,871.4620,876.1613,876.9920,870.4237,1013894
2010-03-17,865.2127,870.1565,871.4413,859.5017,1151523
2010-03-18,862.3137,862.0173,862.8031,857.5664,1502141
2010-03-19,875.0124,866.1864,880.7947,861.1441,1237679
2010-03-22,870.0908,874.8176,875.0001,864.0190,1384838
2010-03-23,863.9576,869.1046,871.0879,861.5439,2045537
2010-03-24,861.3320,861.5931,863.4088,857.9351,1318970
2010-03-25,852.3291,862.4149,866.9130,847.5361,1280811
2010-03-26,849.5608,853.3698,855.1448,847.7579,1010284
2010-03-29,846.9689,847.2041,850.7921,842.6013,1595616
2010-03-30,842.3465,848.3004,848.4090,842.0437,1399976
2010-03-31,834.9108,843.5813,849.0048,831.0694,1196457
2010-04-01,837.6351,835.6650,843.5724,830.7861,1603525
2010-04-02,840.4391,835.9984,845.4884,830.5845,1301875
2010-04-05,837.8267,839.8545,839.8854,833.7749,864269
2010-04-06,843.9051,838.9624,846.1169,833.5472,2278307
2010-04-07,847.8844,845.8748,851.8447,843.5936,1232822
2010-04-08,855.6495,846.0694,856.0264,844.7647,843770
2010-04-09,848.6776,853.8616,854.7787,847.5484,1055583
2010-04-12,850.4312,849.2144,855.9991,848.3300,854094
2010-04-13,859.2307,850.3454,861.4387,850.2922,1032181
2010-04-14,861.4117,859.9566,864.7359,858.9288,1525345
2010-04-15,869.1070,863.4348,872.2967,862.0352,1032804
2010-04-16,862.9837,870.8696,871.2310,855.6341,1031925
2010-04-19,853.5243,861.5395,863.6707,850.5580,1035866
2010-04-20,847.7595,852.9348,858.5726,845.6413,1232565
2010-04-21,841.7311,845.0874,846.5096,840.3827,978159
2010-04-22,852.0727,841.9491,852.7364,841.2679,1035390
2010-04-23,868.6938,857.3914,870.9607,854.5335,951173
2010-04-26,869.7173,868.2293,870.1544,863.7892,957670
2010-04-27,873.1381,870.8821,883.5444,870.5914,1738382
2010-04-28,873.1788,871.5557,880.1594,867.8245,856085
2010-04-29,867.6994,870.2986,880.8415,864.8344,814087
2010-04-30,870.0970,868.6454,877.2940,862.9472,736374
2010-05-03,871.8276,869.3592,873.2208,864.8852,754181
2010-05-04,868.9497,870.0643,873.3990,867.1222,1028117
2010-05-05,872.5265,866.8516,876.2198,856.2277,1099634
2010-05-06,867.5627,875.6540,877.9147,864.8103,1007456
2010-05-07,862.1461,865.8173,866.1439,860.3081,1399701
2010-05-10,861.7268,861.9290,867.4454,860.6426,1205560
2010-05-11,861.8352,861.6359,863.8391,858.5765,1605047
2010-05-12,871.3183,864.5895,873.2021,858.8009,1003621
2010-05-13,876.6807,871.5561,877.5014,870.2768,1800695
2010-05-14,881.9859,875.3374,885.3757,870.1365,1248787
2010-05-17,874.6232,880.8587,888.1043,868.5596,1298670
2010-05-18,875.3869,873.8116,879.6448,872.4532,1064532
2010-05-19,861.9232,872.4308,873.9712,861.4876,872202
2010-05-20,866.1052,861.6468,873.7743,857.7872,1403581
2010-05-21,870.6961,870.4434,876.7054,859.6175,1785902
2010-05-24,857.7149,870.6142,873.6868,853.6153,1659258
2010-05-25,859.8735,860.3159,863.7875,857.6911,1170135
2010-05-26,857.0249,860.6826,860.7637,853.4022,1292980
2010-05-27,876.6883,861.7424,881.7098,859.2492,795231
2010-05-28,878.0771,873.5473,883.4892,867.9100,1123037
2010-05-31,876.7792,880.0325,882.0006,872.2929,1385741
2010-06-01,885.2990,877.8165,890.4299,876.9130,992815
2010-06-02,894.2580,887.7590,899.6223,881.3161,848593
2010-06-03,898.5917,897.1209,903.1451,891.3623,1095987
2010-06-04,892.4420,898.4599,901.0730,885.5148,1189716
2010-06-07,877.3414,892.3723,893.7102,871.2793,568752
2010-06-08,873.4564,875.6791,880.2002,870.8023,1869507
2010-06-09,885.8705,876.9700,892.4269,875.3709,1019746
2010-06-10,895.8092,887.5035,896.9232,886.0466,762876
2010-06-11,900.4466,897.5505,907.6942,897.1780,1504029
2010-06-14,906.6961,900.0795,910.5347,892.1955,1104251
2010-06-15,915.5743,907.8740,922.8277,897.8090,1178976
2010-06-16,927.8888,917.3729,936.7403,912.3111,1076990
2010-06-17,932.1428,924.9051,939.6742,918.5907,1598159
2010-06-18,913.8762,933.3672,937.1766,910.1092,790732
2010-06-21,911.7555,913.0802,918.1459,910.2788,1335802
2010-06-22,910.1875,910.4286,911.3597,906.2754,1157378
2010-06-23,897.4246,912.8965,919.2476,896.3520,1690699
2010-06-24,905.1865,897.5683,913.3790,894.3335,1248768
2010-06-25,906.2481,904.6310,915.3936,903.5131,1129403
2010-06-28,902.0954,904.0876,912.4298,894.9398,1376554
2010-06-29,899.1168,906.8244,912.9911,897.8521,730763
2010-06-30,893.5896,899.5893,901.3959,892.5173,1206174
2010-07-01,902.7521,897.9617,909.1688,893.4384,796874
2010-07-02,892.4942,902.8782,907.1065,886.3387,1006996
2010-07-05,885.9033,890.8134,892.5372,879.0281,840888
2010-07-06,887.1979,882.8231,895.1562,880.8757,1662903
2010-07-07,883.0832,887.1107,890.6163,878.6500,990486
2010-07-08,892.4100,883.2987,896.6432,880.5527,944818
2010-07-09,879.5449,893.9336,896.2006,877.8407,846839
2010-07-12,879.4416,876.9850,887.8586,872.2694,981872
2010-07-13,868.3740,879.5127,884.4069,866.6856,1091868
2010-07-14,861.4879,867.3604,872.4024,856.2666,1259837
2010-07-15,868.5186,861.0832,872.2358,858.3925,1190389
2010-07-16,871.7612,866.2533,879.2416,863.4868,907920
2010-07-19,882.7083,872.5481,885.0397,869.4468,1161209
2010-07-20,871.6301,881.6415,887.3839,871.4820,1380707
2010-07-21,865.8523,867.0787,869.1951,865.7016,880547
2010-07-22,857.7633,868.1568,870.8956,850.5440,644991
2010-07-23,859.9960,858.1761,860.6678,854.1024,1073558
2010-07-26,856.9092,856.5763,858.9706,853.1132,889003
2010-07-27,854.9168,855.6563,855.7952,854.0452,1183914
2010-07-28,832.0825,851.9172,854.1480,826.5746,759264
2010-07-29,831.8610,829.9943,836.5796,826.9776,1771546
2010-07-30,834.2393,831.4641,835.8939,828.6882,1714816
2010-08-02,843.0318,835.5686,845.5330,830.8632,875501
2010-08-03,820.9593,843.7846,849.4789,817.7963,1045366
2010-08-04,804.1595,821.1781,829.8901,801.2607,1234773
2010-08-05,807.5075,805.1424,815.7909,804.4371,820707
2010-08-06,818.3481,806.4339,821.2017,803.3031,1495975
2010-08-09,823.5646,818.3926,833.9840,812.3233,1520911
2010-08-10,825.0687,822.6039,836.1552,820.1619,1331000
2010-08-11,816.3739,823.2015,824.2021,807.6956,661791
2010-08-12,817.9816,819.8901,825.6092,817.8686,1278631
2010-08-13,824.9999,819.4982,832.0437,813.6146,911879
2010-08-16,847.1324,825.2680,847.2479,817.0499,1090333
2010-08-17,848.2362,848.7697,850.7952,842.1499,959090
2010-08-18,832.1803,848.9519,854.7442,828.9488,1036293
2010-08-19,816.5225,829.0697,829.3603,813.6554,1313523
2010-08-20,834.5641,815.5935,838.1050,802.4685,1314809
2010-08-23,834.8690,834.2219,846.8399,827.0721,1279479
2010-08-24,815.9738,834.3929,836.8713,814.8974,1892129
2010-08-25,798.9584,814.1897,814.3831,792.1197,1465292
2010-08-26,792.1360,794.8081,797.1001,791.1976,1129297
2010-08-27,787.2844,789.0720,793.6484,786.9364,1200137
2010-08-30,778.0543,779.7776,788.0189,776.7701,1529629
2010-08-31,773.2502,779.1619,788.1716,768.8720,1738067
2010-09-01,777.8647,774.6393,779.6283,773.8715,1370640
2010-09-02,779.7756,777.6085,785.8419,773.4131,1478331
2010-09-03,755.7599,778.5630,778.6964,743.1070,2157169
2010-09-06,763.8980,757.7471,768.8580,749.9106,1224789
2010-09-07,754.5675,763.6486,764.0262,750.9089,1538226
2010-09-08,728.4672,751.0936,751.6649,724.0146,1465601
2010-09-09,752.3345,733.9094,753.7218,726.7820,2182188
2010-09-10,754.5154,752.1451,760.5870,751.1290,1217528
2010-09-13,750.2732,751.3321,756.7207,744.9571,1256324
2010-09-14,768.9341,755.2427,778.7860,748.0748,1214125
2010-09-15,779.4001,773.8744,780.4074,769.3484,1178243
2010-09-16,784.1887,780.3373,785.9276,778.0109,1031179
2010-09-17,770.3791,785.9387,789.9388,767.5501,1659035
2010-09-20,804.2387,768.1137,806.4845,767.5424,1094058
2010-09-21,802.2585,810.4256,818.9162,793.1731,1590465
2010-09-22,812.8682,800.3867,815.9583,792.4933,1626880
2010-09-23,793.4680,807.5835,813.5556,777.7057,1759040
2010-09-24,778.0362,791.5402,793.1303,773.2785,1211310
2010-09-27,787.4235,777.0940,793.2958,776.2621,1149467
2010-09-28,774.8586,783.4210,788.5144,770.6521,1543727
2010-09-29,775.6571,780.1408,783.4668,772.3300,2424754
2010-09-30,770.9913,767.8962,774.0140,767.7132,2690421
2010-10-01,783.8012,775.0206,790.5296,771.7194,1233155
2010-10-04,785.8865,783.8491,789.5588,779.5415,2172149
2010-10-05,791.5280,789.3436,805.1103,782.0853,1832253
2010-10-06,785.3374,790.8154,795.0428,779.9139,1674285
2010-10-07,772.0697,781.8676,781.8728,762.9579,1325318
2010-10-08,759.8400,773.6985,779.4714,756.2875,1552677
2010-10-11,755.6267,760.4648,763.7982,745.0903,1094867
2010-10-12,769.5638,753.3146,775.6719,745.2107,1650962
2010-10-13,766.2287,770.2231,773.0332,761.4289,1130380
2010-10-14,766.9561,765.3993,772.8175,764.3529,1282027
2010-10-15,757.1603,765.0316,766.7150,752.3480,1422076
2010-10-18,761.6442,754.7924,762.5649,751.5666,1794975
2010-10-19,757.9528,759.2254,762.4332,753.3017,2251448
2010-10-20,745.3760,760.3480,762.5216,742.5738,1753546
2010-10-21,744.0576,745.5868,746.3162,742.0816,1292030
2010-10-22,742.3547,743.5087,746.0362,736.7862,1266836
2010-10-25,738.2323,742.0672,745.5543,732.1765,1132773
2010-10-26,740.4195,736.2930,742.5633,736.0761,1387488
2010-10-27,740.2134,736.9258,743.5016,735.8128,1196549
2010-10-28,747.0997,741.9109,754.6144,741.1693,1071071
2010-10-29,750.6300,746.0420,757.4339,744.6124,1040186
2010-11-01,752.9383,751.1914,753.0717,748.1548,596542
2010-11-02,758.8418,751.8770,759.6895,743.2014,1207988
2010-11-03,768.3367,755.2078,769.0976,750.4994,1505372
2010-11-04,770.5867,766.7248,770.6763,761.8834,1459259
2010-11-05,776.8509,767.9208,777.0942,763.8428,723844
2010-11-08,789.8332,780.0817,794.9489,773.5133,1258784
2010-11-09,788.7053,789.3447,790.5308,782.4193,1273357
2010-11-10,799.6509,784.8143,803.4455,780.2404,1096112
2010-11-11,797.9759,797.6290,799.7390,796.5664,1032710
2010-11-12,802.3302,796.2601,802.7643,786.6773,966461
2010-11-15,804.3313,803.9882,807.5388,798.2731,1247970
2010-11-16,800.3692,802.5195,806.6504,795.4371,1761959
2010-11-17,799.8909,801.7181,807.0838,793.0417,1409598
2010-11-18,811.9621,800.2140,817.7314,796.7082,1117199
2010-11-19,808.6575,811.5125,817.7925,804.9096,1229883
2010-11-22,818.3957,808.8569,820.7095,808.6269,1290175
2010-11-23,816.6990,817.4811,820.7285,816.6625,1747956
2010-11-24,816.5399,815.1719,822.3714,814.6914,979584
2010-11-25,824.1083,819.2138,826.1253,811.9855,1781241
2010-11-26,820.9483,825.5469,831.3666,820.8297,1074553
2010-11-29,817.8247,819.6958,826.1230,812.0872,856549
2010-11-30,820.1344,816.5637,826.2924,813.1139,1533830
2010-12-01,813.0249,819.5632,821.2965,806.3420,1734075
2010-12-02,808.6182,813.1247,816.4743,806.5193,1796327
2010-12-03,802.8873,806.3249,812.6755,800.4700,1223582
2010-12-06,806.2063,806.9403,808.5097,803.6602,1490746
2010-12-07,807.7422,803.3499,808.6119,801.5812,902398
2010-12-08,820.2322,809.5445,821.7798,807.7343,1904145
2010-12-09,817.3761,819.0179,823.8087,816.7987,1155972
2010-12-10,811.9247,816.5827,822.6090,806.8676,891389
2010-12-13,809.9509,813.1254,816.3251,807.5032,1380176
2010-12-14,804.8230,808.5871,810.9778,803.5109,921606
2010-12-15,805.0775,805.2526,809.2449,801.9815,1503280
2010-12-16,800.0300,805.8244,809.4800,796.9124,797196
2010-12-17,796.8867,803.4289,806.5952,795.7870,1447847
2010-12-20,797.3328,797.8608,802.4466,795.9794,1727012
2010-12-21,802.9668,801.9144,811.4262,800.4382,846019
2010-12-22,803.6570,803.1189,807.7257,799.3133,1069494
2010-12-23,789.5163,803.3414,806.4755,789.4184,1145587
2010-12-24,783.5690,790.0847,790.2797,779.6281,1615324
2010-12-27,782.6787,784.4464,787.5786,777.6803,1376464
2010-12-28,768.7480,781.9032,785.1017,761.8158,1688936
2010-12-29,763.9834,769.1399,770.2953,753.2935,1717577
2010-12-30,760.3739,761.2572,766.2635,753.4209,1262469
2010-12-31,775.5561,765.1521,775.7320,763.6577,1266443
2011-01-03,766.6977,777.9605,786.7220,758.1017,1331385
2011-01-04,772.2924,770.4396,779.2465,767.5854,1422923
2011-01-05,783.7658,775.8662,785.9166,771.7416,1005095
2011-01-06,784.5455,780.2928,791.4199,776.1695,850317
2011-01-07,791.9350,786.5878,794.1185,774.9629,1654001
2011-01-10,797.9611,794.0293,806.2406,787.0056,1651343
2011-01-11,803.7163,799.8417,804.8811,797.9947,1036580
2011-01-12,796.3315,802.9931,804.1880,794.4130,1611693
2011-01-13,791.7898,797.9827,806.4641,786.6897,1387235
2011-01-14,803.7807,794.2009,813.8044,789.7474,1737641
2011-01-17,789.5713,807.2378,810.5050,789.1057,1068494
2011-01-18,787.2167,793.0067,799.3438,784.3586,803348
2011-01-19,780.9759,784.7890,785.2622,776.1571,1165623
2011-01-20,770.6673,783.1531,797.9236,769.0771,1407553
2011-01-21,761.6815,769.7917,771.8409,752.4699,1195785
2011-01-24,753.1564,759.9273,769.4763,752.9636,1484937
2011-01-25,764.7995,756.0923,769.3098,751.4961,1593203
2011-01-26,774.6517,766.0430,777.5447,765.6649,1066056
2011-01-27,770.9690,776.6275,778.6824,765.3232,1206040
2011-01-28,769.1162,770.0656,770.7292,768.2003,1162037
2011-01-31,772.9863,764.1805,775.9885,763.0182,959941
2011-02-01,768.3106,775.3152,777.6733,762.8785,2002450
2011-02-02,775.6775,770.9930,781.1440,765.1769,1736997
2011-02-03,783.7169,777.5863,784.0810,775.2610,1682561
2011-02-04,778.7400,786.6664,790.9306,777.5859,1590132
2011-02-07,787.7632,779.3711,792.4522,775.3706,804597
2011-02-08,790.1612,789.6859,795.3135,786.3733,811198
2011-02-09,804.9657,792.1833,807.1718,788.0290,1388030
2011-02-10,795.5416,806.6443,809.8091,794.7820,1545644
2011-02-11,804.9867,795.6149,806.4878,792.1109,1869333
2011-02-14,814.2270,805.5132,815.5318,802.7222,1066488
2011-02-15,827.2251,816.3070,827.5067,812.0525,1418835
2011-02-16,827.7755,824.2783,835.2171,821.7971,744714
2011-02-17,823.0643,828.3958,838.5910,823.0217,1249218
2011-02-18,823.9477,821.5612,826.6325,817.1976,1220627
2011-02-21,833.0399,822.0707,838.5964,821.8858,1006408
2011-02-22,843.7486,829.7289,854.1332,822.4462,814923
2011-02-23,863.8941,844.0706,874.9129,837.2652,1826649
2011-02-24,859.3887,864.5271,864.5508,853.8141,1329372
2011-02-25,860.4779,863.8413,864.8638,853.3066,2281466
2011-02-28,862.0656,858.9446,865.0047,855.5742,1119281
2011-03-01,845.5535,860.4748,870.9509,841.9243,1297046
2011-03-02,844.4226,849.1295,849.8816,840.4612,1580512
2011-03-03,844.0527,844.2085,854.6810,842.4278,1090212
2011-03-04,843.9846,839.9142,845.1728,829.8729,1130444
2011-03-07,854.2399,846.1069,862.8004,839.7468,1958013
2011-03-08,853.7816,854.3669,855.7788,851.9389,1121413
2011-03-09,852.6085,848.1401,853.0936,843.6747,1207347
2011-03-10,861.4435,858.1395,863.1243,849.8805,966443
2011-03-11,857.0216,861.1596,862.1272,853.3594,1449199
2011-03-14,854.6778,855.4051,855.9636,852.9467,1202844
2011-03-15,847.9492,853.1445,853.4954,843.5346,1364645
2011-03-16,841.1061,847.5969,850.1511,839.1642,1150644
2011-03-17,840.1487,841.4246,845.0659,833.8199,1569024
2011-03-18,847.3193,840.4467,848.8310,839.4997,1226709
2011-03-21,860.3164,853.0314,864.9284,851.4892,1426026
2011-03-22,869.2438,865.6630,874.4521,859.6498,1465405
2011-03-23,875.1467,873.0696,877.6742,870.2235,2624355
2011-03-24,877.0367,875.9324,883.7398,873.7864,1211071
2011-03-25,875.7233,875.3342,877.3479,872.7533,1160955
2011-03-28,872.5651,874.4847,874.8763,870.4716,1571048
2011-03-29,875.2638,874.0407,880.1755,871.7454,821378
2011-03-30,876.2179,875.7006,878.5178,872.4292,967958
2011-03-31,878.7688,880.3382,881.0481,874.8685,1329811
2011-04-01,873.1883,880.8592,884.9584,860.4521,1158248
2011-04-04,873.8878,872.6903,877.7763,868.2852,1271835
2011-04-05,878.1976,873.8864,878.9416,872.0347,907362
2011-04-06,879.9274,873.8128,885.2144,872.4490,1882074
2011-04-07,883.0218,879.2335,883.6764,876.6607,1168826
2011-04-08,890.2302,882.1809,891.0709,877.6183,1051092
2011-04-11,884.7254,891.2543,894.2033,881.8822,2140153
2011-04-12,887.7516,883.6214,893.6971,882.2166,1195848
2011-04-13,888.3530,888.5190,888.7453,886.2845,1017385
2011-04-14,892.2796,888.9233,894.5790,885.4234,1622646
2011-04-15,886.4616,889.2603,889.7184,884.3754,1555325
2011-04-18,887.3288,887.7894,888.2959,882.9194,1042634
2011-04-19,892.0424,886.8496,893.7062,882.0486,1276997
2011-04-20,890.4511,893.3412,896.4052,890.3921,535290
2011-04-21,896.6028,891.1607,896.9416,890.5293,1564645
2011-04-22,902.2202,896.5770,909.7355,894.0656,1502977
2011-04-25,904.6918,903.1080,905.7273,902.7841,1569157
2011-04-26,900.7115,902.0436,904.3296,897.9987,1112342
2011-04-27,902.1899,899.6107,905.1459,894.7361,1322992
2011-04-28,902.5784,901.0738,904.5108,896.4423,617312
2011-04-29,893.7921,903.2075,905.5545,892.3175,1313803
2011-05-02,897.6503,895.3284,899.7425,894.0526,1621323
2011-05-03,897.8131,897.5025,901.7843,893.5398,993294
2011-05-04,894.3808,896.6505,899.3637,893.6563,1648613
2011-05-05,903.5091,895.6984,908.4295,892.9152,1311000
2011-05-06,919.8462,906.1790,924.7910,901.2993,1319049
2011-05-09,912.1709,919.1739,920.9543,908.8809,620975
2011-05-10,913.2741,912.1771,916.1677,907.9827,1253726
2011-05-11,908.3510,912.8302,919.6733,906.6227,1573441
2011-05-12,924.1004,909.7409,924.6378,902.5197,1494223
2011-05-13,917.5230,926.6434,934.3135,916.6908,1478728
2011-05-16,912.4778,914.9504,918.4881,907.0771,825027
2011-05-17,910.1725,912.8448,915.8189,898.4679,1975538
2011-05-18,907.2825,908.1426,913.0640,905.5434,772300
2011-05-19,906.3097,907.5193,911.5013,901.7416,982454
2011-05-20,920.3685,905.8610,926.4524,904.6094,974660
2011-05-23,926.2847,921.1218,927.0044,919.8457,1295872
2011-05-24,923.4173,924.9693,932.5235,921.8514,956765
2011-05-25,928.3972,922.8792,930.1439,920.7571,1625807
2011-05-26,926.4186,923.2375,926.4841,922.8506,812385
2011-05-27,935.7413,927.5924,940.1505,927.2623,1409788
2011-05-30,951.2330,937.7746,956.7308,937.1245,1211729
2011-05-31,953.6003,951.6638,956.0519,947.8005,986266
2011-06-01,954.5723,951.6873,957.3147,950.5381,659072
2011-06-02,956.4120,956.4263,956.9988,954.2452,1259801
2011-06-03,969.9591,954.8534,971.9941,950.4866,1991189
2011-06-06,969.2389,968.4453,973.2460,963.2956,1085329
2011-06-07,977.0650,966.6524,981.4571,962.4906,1664799
2011-06-08,999.3365,977.5363,1007.7306,974.9101,1098165
2011-06-09,998.0794,996.7421,998.3717,992.3806,1262190
2011-06-10,986.2919,993.9087,1001.9603,979.8133,1165500
2011-06-13,984.3122,985.9065,986.0405,974.7871,1582343
2011-06-14,983.8585,982.5126,997.8004,981.2299,1782064
2011-06-15,991.3292,977.9995,993.8376,974.1760,765411
2011-06-16,996.6658,994.3778,999.7930,992.9540,957058
2011-06-17,990.7518,998.9023,1003.5498,982.2629,918205
2011-06-20,998.0652,987.1289,1006.9237,981.4689,1441098
2011-06-21,1017.0562,998.6371,1026.4669,995.5577,1451093
2011-06-22,1003.3301,1011.7757,1013.6730,1002.3134,822354
2011-06-23,992.2748,1000.5771,1006.8696,989.7861,1116765
2011-06-24,994.3223,991.4626,998.4506,989.9116,750419
2011-06-27,1005.3579,996.2215,1007.4344,993.5150,1354424
2011-06-28,1013.2525,1011.2796,1020.9991,1005.1920,1498764
2011-06-29,1023.7326,1016.3165,1028.6114,1015.2479,794254
2011-06-30,1004.2660,1021.6661,1023.9293,996.4940,1252593
2011-07-01,983.3957,1003.7212,1008.3399,978.7189,833691
2011-07-04,992.0101,983.8750,994.0409,978.0871,1341414
2011-07-05,997.6299,995.6061,998.7911,992.2067,1582638
2011-07-06,993.4466,998.4207,1003.6601,990.9584,1061282
2011-07-07,995.7226,994.0577,996.3281,993.9707,1303567
2011-07-08,1012.5320,1000.4213,1016.1575,997.9463,1117629
2011-07-11,1009.3787,1012.1707,1016.3355,1000.4970,610682
2011-07-12,1022.1529,1009.9555,1027.9865,1006.9066,1102049
2011-07-13,1014.2350,1022.9933,1024.5901,1013.4199,621039
2011-07-14,1013.2287,1014.8486,1030.5357,1009.3189,1217253
2011-07-15,1017.1682,1013.7776,1019.7890,1007.2546,1070432
2011-07-18,1037.2347,1015.8715,1048.0247,1012.9272,1071915
2011-07-19,1044.1561,1038.2155,1048.9023,1031.4962,2164121
2011-07-20,1030.6226,1047.4774,1059.1080,1025.2201,1307984
2011-07-21,1028.3388,1032.3103,1043.0310,1027.1009,1467057
2011-07-22,1022.8374,1028.2469,1031.6438,1022.3071,880527
2011-07-25,1009.8810,1023.0309,1028.6446,1007.2872,906855
2011-07-26,1022.8511,1010.4317,1036.3021,1009.3979,1968777
2011-07-27,1015.8353,1017.8965,1027.0338,1015.2211,606381
2011-07-28,1005.0816,1010.8105,1011.4607,1002.9881,1377870
2011-07-29,1015.2434,1008.4688,1019.5774,1002.3486,1162825
2011-08-01,1048.1625,1024.9169,1053.2094,1020.5515,1626262
2011-08-02,1073.0833,1046.3801,1076.5070,1045.4564,2453805
2011-08-03,1068.5321,1063.5535,1084.4900,1057.4216,1285967
2011-08-04,1068.9424,1066.8768,1075.8814,1065.7190,919843
2011-08-05,1047.8569,1067.2139,1072.3994,1037.1507,1581480
2011-08-08,1041.2548,1045.9689,1055.7831,1040.5959,745195
2011-08-09,1004.0134,1043.1692,1045.1045,1000.6280,853524
2011-08-10,998.7923,1004.2487,1023.5978,994.2794,2441965
2011-08-11,995.1719,1005.0620,1012.9682,983.3534,1300411
2011-08-12,991.5672,995.7426,1006.7371,988.0362,1003954
2011-08-15,980.5429,985.0332,999.7869,967.4440,1293785
2011-08-16,987.5494,980.9727,998.5204,978.6251,1136461
2011-08-17,1000.5355,985.8817,1021.4146,980.7051,703919
2011-08-18,1002.2349,1003.6542,1004.5281,992.6287,1321536
2011-08-19,972.1393,997.0682,997.6536,963.3753,1395501
2011-08-22,961.0299,966.5018,979.5286,957.6731,1169703
2011-08-23,982.0133,963.4075,983.8374,955.9395,2383170
2011-08-24,992.2440,983.5090,997.4988,970.8241,1818258
2011-08-25,1006.0188,995.1032,1013.9376,989.5207,1291746
2011-08-26,1006.1960,1006.3123,1008.8052,1006.1937,1169912
2011-08-29,1010.6198,999.2876,1015.3727,991.7648,1522445
2011-08-30,1012.7467,1012.1130,1027.9787,1002.1823,1083194
2011-08-31,1007.4952,1018.9202,1021.8282,998.7726,1105717
2011-09-01,983.0175,1008.6705,1030.1545,978.4229,1282230
2011-09-02,993.1698,980.4853,1000.8744,963.6137,1239930
2011-09-05,988.2808,997.4771,1000.1905,980.9749,1195907
2011-09-06,974.7162,983.6492,993.9181,970.7711,764840
2011-09-07,957.6117,978.3859,978.5281,946.6608,1167043
2011-09-08,975.4687,961.4091,985.4308,960.5286,1335650
2011-09-09,984.2009,976.2941,987.6459,967.7243,1438451
2011-09-12,994.5522,988.5997,999.7375,982.6490,1142773
2011-09-13,985.2907,989.4377,991.0063,979.0703,882817
2011-09-14,995.5546,997.4365,1006.8653,987.8794,600953
2011-09-15,1012.6400,994.4764,1031.4418,988.9513,968047
2011-09-16,1013.2845,1010.7116,1028.2201,1009.3942,1057328
2011-09-19,1018.8038,1010.3840,1045.3245,1008.0311,1497669
2011-09-20,1009.4898,1018.5201,1020.1940,998.8401,1330522
2011-09-21,1009.5300,1012.5330,1030.2977,997.7782,1491108
2011-09-22,1013.9248,1011.2585,1021.7151,1003.4010,1153446
2011-09-23,1000.7078,1014.1474,1021.3345,997.3135,1672570
2011-09-26,990.8159,998.7626,1003.7513,975.0733,1426309
2011-09-27,1000.9692,990.4938,1015.7795,983.2108,800505
2011-09-28,995.8475,1000.5778,1003.0314,987.8148,1090412
2011-09-29,995.4896,992.3638,995.5351,983.3945,728911
2011-09-30,1000.0472,993.9454,1002.7847,993.3187,446925
2011-10-03,990.9976,998.4994,1000.6730,983.7780,1052396
2011-10-04,1014.8184,988.9803,1018.7243,987.6485,1180478
2011-10-05,1015.9901,1014.2654,1019.1007,1013.8639,1690712
2011-10-06,1021.6444,1018.6373,1030.3617,1017.4032,915064
2011-10-07,1007.9464,1015.8466,1016.5120,1005.6502,1688282
2011-10-10,996.7320,1005.9306,1010.7367,989.3696,1062789
2011-10-11,1012.2996,997.7000,1014.1559,997.0831,656697
2011-10-12,1023.6903,1016.7236,1024.2863,1013.2467,850825
2011-10-13,1021.5152,1023.2069,1030.5524,1012.9023,1908747
2011-10-14,1034.2369,1021.4988,1041.0307,1019.4699,1769318
2011-10-17,1017.5621,1034.4902,1037.0032,1014.2630,806649
2011-10-18,1014.6575,1012.3953,1021.5730,1007.9553,871541
2011-10-19,999.4305,1008.4154,1018.0982,993.5103,1227729
2011-10-20,988.9785,1000.1341,1007.3164,988.0523,1416736
2011-10-21,963.6607,983.2504,1001.9685,962.1755,1154858
2011-10-24,984.6386,966.2438,986.8876,963.9286,1468331
2011-10-25,979.0067,990.7612,995.6184,976.6936,1179306
2011-10-26,971.2855,982.0536,990.7692,966.4209,1280628
2011-10-27,968.0284,970.1564,973.6200,964.9849,1610952
2011-10-28,986.8667,969.3858,995.9092,963.4991,1191634
2011-10-31,979.1439,987.1846,1009.1235,977.1809,1516343
2011-11-01,966.8593,984.0644,990.4975,963.7213,944900
2011-11-02,955.4832,962.1213,971.3003,950.5179,1286316
2011-11-03,935.4991,955.4664,960.2228,932.7487,918243
2011-11-04,933.3536,936.1529,940.2807,925.7664,1055660
2011-11-07,934.9906,929.8843,937.3799,927.8174,1209996
2011-11-08,956.6407,933.4931,969.9623,925.5756,1405555
2011-11-09,949.9406,956.7886,958.6951,940.7533,852964
2011-11-10,929.0457,949.4210,955.3734,921.2950,456684
2011-11-11,926.0749,922.9774,927.4773,922.3482,1482856
2011-11-14,939.0371,928.7117,952.2335,928.7022,1673316
2011-11-15,930.9625,932.9175,942.1781,920.9399,2602721
2011-11-16,917.0530,932.8113,933.8096,917.0291,1361557
2011-11-17,932.0286,920.8594,951.6487,911.2874,1108753
2011-11-18,947.1406,929.8740,949.3311,919.6464,868818
2011-11-21,958.5598,947.2688,970.0220,945.7870,1128193
2011-11-22,958.5442,964.6705,975.7302,956.9371,1389678
2011-11-23,960.9241,957.6050,964.4840,952.5187,1228017
2011-11-24,961.8466,958.5794,962.2826,956.5983,1191500
2011-11-25,980.2741,961.0081,980.4920,956.9038,1145396
2011-11-28,979.8929,982.5893,983.8494,977.8758,1334291
2011-11-29,986.0214,981.1629,997.6208,973.6485,571084
2011-11-30,1000.9096,988.6413,1009.6650,987.8336,1759237
2011-12-01,999.0052,1000.6956,1011.7249,993.3781,1050167
2011-12-02,1020.4815,1002.0056,1023.8601,999.6669,1348739
2011-12-05,995.9283,1017.4891,1023.3285,985.2707,1154343
2011-12-06,992.4710,995.2526,996.8230,988.7700,985434
2011-12-07,974.0710,995.8172,996.1005,971.3188,1015527
2011-12-08,975.7215,967.6985,981.2700,961.8025,1636175
2011-12-09,975.2362,975.5972,982.8655,972.6077,970996
2011-12-12,982.0808,975.7417,983.3514,974.5760,1214406
2011-12-13,970.3796,981.5689,991.8494,962.7966,1041189
2011-12-14,953.5951,971.0529,971.9580,947.8076,3054880
2011-12-15,938.3152,949.9031,956.3707,930.6281,677671
2011-12-16,949.2819,939.1236,958.3417,934.4640,1092450
2011-12-19,941.1577,945.6316,949.1161,931.1926,2485528
2011-12-20,930.6588,939.4939,945.1813,929.9699,1885669
2011-12-21,933.2858,929.6623,933.7197,928.7368,1187715
2011-12-22,950.7733,932.8545,955.4600,929.1419,1129188
2011-12-23,956.9985,952.6609,963.3722,943.1523,1369605
2011-12-26,952.7454,956.3022,957.2149,939.3556,1364171
2011-12-27,937.4762,953.1197,953.9270,927.8195,1110460
2011-12-28,936.5336,939.3437,944.9345,930.2770,1116778
2011-12-29,948.9244,940.5595,953.6434,934.4267,1197613
2011-12-30,950.9274,946.5962,957.0499,936.3287,1832216
2012-01-02,950.4742,945.1796,960.1673,944.8227,1164952
2012-01-03,927.4398,949.0850,949.8988,927.0626,937830
2012-01-04,938.0165,927.1173,943.1127,925.5721,900929
2012-01-05,946.1388,939.2152,962.9861,933.2976,1437801
2012-01-06,939.4573,950.7435,957.7513,935.7012,1047096
2012-01-09,945.1297,942.8893,953.5440,933.4733,1354728
2012-01-10,940.3785,943.4193,955.4965,934.7309,1320785
2012-01-11,923.8713,937.3685,942.6950,915.8225,1196441
2012-01-12,927.7045,922.7650,927.7518,921.4356,1557699
2012-01-13,937.3628,928.6510,944.7663,928.3688,1117597
2012-01-16,937.0913,937.6403,941.5791,934.9024,1639603
2012-01-17,923.4381,935.4583,938.8354,917.9689,1135767
2012-01-18,915.4838,923.7882,925.0356,909.0672,1570352
2012-01-19,913.1968,915.8918,925.3597,911.4172,1415099
2012-01-20,934.8245,916.0965,936.9330,910.8372,883749
2012-01-23,948.2444,938.7523,957.2860,934.3533,1447701
2012-01-24,945.7898,953.2117,957.5656,938.5709,1010997
2012-01-25,946.7698,942.1202,947.5893,938.2244,1523374
2012-01-26,947.9557,944.4450,954.9330,942.3287,1149961
2012-01-27,952.7636,944.6816,964.3935,936.7767,1548829
2012-01-30,950.1646,955.3728,957.4336,944.3130,979393
2012-01-31,956.7448,950.6543,957.4665,945.9096,1298164
2012-02-01,966.8749,953.6404,973.4403,949.9210,2046314
2012-02-02,969.5959,968.2141,980.3247,954.6695,763827
2012-02-03,969.5445,971.5375,976.4718,961.4601,1399601
2012-02-06,960.9716,966.3537,970.7803,951.8691,671119
2012-02-07,958.6673,961.6680,970.4249,957.9616,755091
2012-02-08,970.8639,957.4268,973.5415,953.4948,1429834
2012-02-09,980.5334,971.8560,986.4731,970.1575,1553749
2012-02-10,975.1562,978.7017,985.2441,966.9769,1016485
2012-02-13,978.4436,973.1616,980.0195,969.9179,1439941
2012-02-14,980.8984,979.9127,995.8315,972.9854,1527053
2012-02-15,1007.8794,983.4582,1013.5186,980.1902,1314394
2012-02-16,1002.4977,1008.2549,1010.2383,1000.5851,1244265
2012-02-17,1010.2994,1001.0923,1020.2540,995.6343,1259313
2012-02-20,987.2772,1011.2903,1022.1183,977.0306,970355
2012-02-21,983.1429,989.6700,992.2159,968.0725,1133279
2012-02-22,992.0612,983.9952,993.6985,982.2417,1451500
2012-02-23,982.2542,989.9832,1003.2928,976.9944,1825689
2012-02-24,999.1347,982.6291,1003.0479,978.9936,1397687
2012-02-27,1002.6124,998.5083,1007.6323,998.2695,1140382
2012-02-28,1004.8000,1005.3005,1014.3255,1002.6293,1234251
2012-02-29,1016.8001,1002.0641,1019.7195,996.4131,1005311
2012-03-01,1027.1508,1015.6524,1036.3149,1012.9644,1294021
2012-03-02,1027.1541,1025.6680,1033.9089,1023.9026,879739
2012-03-05,1038.4434,1023.3084,1042.6022,1010.4830,1661282
2012-03-06,1000.0147,1036.1367,1036.2089,994.0680,1384353
2012-03-07,1006.4993,1007.6387,1013.2464,998.2120,1424500
2012-03-08,1020.8200,1013.0925,1022.5914,997.0357,1201411
2012-03-09,1027.1748,1015.6088,1033.0504,1012.1922,997982
2012-03-12,1019.7897,1035.0860,1036.6065,998.3508,1414036
2012-03-13,1025.2119,1016.5655,1033.4235,1009.4245,735257
2012-03-14,1000.2771,1026.2123,1041.0719,999.3946,1136598
2012-03-15,1010.5817,1003.2289,1020.0199,989.5958,1244918
2012-03-16,1023.2612,1003.6999,1036.2884,993.2871,1563785
2012-03-19,1033.2187,1019.8527,1048.9569,1012.8949,2130860
2012-03-20,1044.6309,1030.3224,1052.6430,1018.9021,813444
2012-03-21,1043.7251,1041.9711,1047.7448,1040.5881,1287633
2012-03-22,1045.2650,1043.4925,1050.1224,1039.3317,1277125
2012-03-23,1041.5635,1046.4008,1052.6171,1038.2870,2092484
2012-03-26,1045.4784,1041.6649,1050.4439,1039.6304,1336603
2012-03-27,1039.3596,1045.7222,1053.2162,1038.7323,1320973
2012-03-28,1055.5327,1041.3203,1057.2416,1028.7531,1201449
2012-03-29,1035.3828,1049.3707,1056.8343,1031.1890,1044572
2012-03-30,1032.8441,1033.2640,1045.7354,1028.9533,1160656
2012-04-02,1027.7799,1039.4813,1046.9473,1023.4365,1729052
2012-04-03,1033.5251,1024.6877,1036.1218,1019.5560,1209886
2012-04-04,1040.2981,1035.2645,1051.1041,1029.5360,572084
2012-04-05,1018.7470,1039.1954,1041.2952,1014.4890,838365
2012-04-06,1017.1525,1014.8132,1018.7768,1003.4205,1410164
2012-04-09,1039.5594,1019.1293,1042.6087,1018.7559,942807
2012-04-10,1054.6995,1040.7580,1065.7516,1040.5956,1050482
2012-04-11,1034.7334,1051.9386,1053.3400,1023.9262,641528
2012-04-12,1045.8768,1026.2465,1058.5732,1023.1307,906026
2012-04-13,1060.5986,1049.2535,1062.4667,1042.1566,1335412
2012-04-16,1089.1574,1063.1527,1098.9212,1058.3010,1035792
2012-04-17,1085.7668,1088.3381,1089.6150,1080.7350,1652971
2012-04-18,1092.6230,1086.2296,1093.2839,1080.1489,938434
2012-04-19,1105.8310,1099.7876,1110.3847,1093.8693,1839926
2012-04-20,1113.8013,1109.3325,1114.7683,1095.7299,1415339
2012-04-23,1109.3982,1112.7863,1133.9022,1094.4622,1338991
2012-04-24,1128.6953,1114.6049,1139.5495,1104.9668,977514
2012-04-25,1128.5335,1131.6596,1147.0419,1125.9330,1396315
2012-04-26,1128.0275,1130.6479,1132.2671,1123.1968,1288450
2012-04-27,1130.8389,1126.4627,1141.2986,1115.5633,1480626
2012-04-30,1121.0642,1131.9956,1133.0684,1113.9351,2357481
2012-05-01,1137.6280,1115.6923,1143.0975,1112.0270,1177695
2012-05-02,1149.5539,1136.5044,1156.5248,1134.9614,977091
2012-05-03,1177.1515,1157.8438,1178.9447,1156.2322,1399510
2012-05-04,1197.0616,1177.9069,1204.9977,1176.9361,1043547
2012-05-07,1233.2849,1203.5451,1233.3074,1197.7007,2027258
2012-05-08,1216.6985,1232.1257,1244.6600,1210.2163,1301367
2012-05-09,1230.9825,1225.0718,1249.5182,1220.3468,1355581
2012-05-10,1242.8717,1241.5387,1244.1138,1235.8736,1476427
2012-05-11,1239.6659,1235.9998,1242.1346,1220.5242,2796119
2012-05-14,1220.1782,1234.5605,1242.0365,1214.6460,1092794
2012-05-15,1240.6229,1220.9042,1252.8851,1206.6210,775918
2012-05-16,1271.3919,1246.7772,1286.6280,1231.0307,1408353
2012-05-17,1299.3444,1278.1299,1302.6723,1269.3245,1527110
2012-05-18,1337.2945,1296.5746,1338.4436,1284.4000,1217331
2012-05-21,1330.0381,1327.5589,1346.1189,1311.9618,2019666
2012-05-22,1354.4354,1344.1640,1368.4174,1334.3511,1283802
2012-05-23,1321.7172,1346.6539,1348.8129,1320.6181,1705070
2012-05-24,1358.7478,1314.3354,1374.7670,1301.2712,1186284
2012-05-25,1366.1130,1372.1906,1400.6233,1349.1177,1124068
2012-05-28,1410.2217,1363.5974,1426.1785,1362.7545,1539793
2012-05-29,1394.8373,1412.5355,1414.1921,1386.0707,1312256
2012-05-30,1377.5470,1399.0710,1411.5285,1374.5025,1853248
2012-05-31,1417.5423,1384.6783,1428.3424,1373.0706,1382318
2012-06-01,1401.7170,1422.7839,1425.1751,1388.6297,1466356
2012-06-04,1381.7919,1405.7981,1428.0786,1374.6521,1657185
2012-06-05,1407.4500,1382.3163,1411.7157,1369.2136,825303
2012-06-06,1379.1100,1405.8875,1415.2070,1357.0474,747147
2012-06-07,1380.2107,1370.4222,1399.7544,1364.6312,1612366
2012-06-08,1400.0506,1384.3921,1424.7894,1374.5632,990068
2012-06-11,1404.4677,1397.4325,1414.4784,1395.1286,1220428
2012-06-12,1417.9467,1400.4465,1421.9083,1387.2896,1135217
2012-06-13,1467.4055,1418.8019,1472.1535,1398.4338,1618396
2012-06-14,1463.7146,1451.6412,1475.4282,1432.5310,1053453
2012-06-15,1441.3784,1477.5859,1485.4033,1423.4004,1752590
2012-06-18,1429.4528,1429.8775,1435.8842,1428.0019,1791826
2012-06-19,1421.0028,1426.1563,1447.4468,1397.4430,1260576
2012-06-20,1399.7838,1424.6618,1431.7095,1384.1979,1459097
2012-06-21,1415.1265,1396.3998,1429.5259,1394.6551,1238674
2012-06-22,1420.4480,1417.3342,1434.7245,1402.7875,1475985
2012-06-25,1400.3308,1425.7583,1437.5105,1374.4521,1639326
2012-06-26,1394.7783,1392.2940,1395.1366,1388.6775,1266387
2012-06-27,1391.0033,1398.0867,1401.6994,1384.2523,1383480
2012-06-28,1389.6072,1396.8574,1405.0557,1381.0206,1185501
2012-06-29,1411.9007,1388.8400,1419.0230,1375.4749,841610
2012-07-02,1429.4657,1411.5172,1437.9686,1401.6552,910515
2012-07-03,1413.5815,1434.6761,1441.9042,1408.9321,1312401
2012-07-04,1455.6499,1426.3122,1465.7403,1412.5984,1446376
2012-07-05,1456.1682,1456.5220,1474.7079,1435.5107,1506595
2012-07-06,1443.9774,1457.4392,1479.5863,1429.7848,1361055
2012-07-09,1404.4131,1444.9236,1460.7692,1394.3614,1699377
2012-07-10,1425.4590,1410.9711,1429.6177,1384.1035,1475563
2012-07-11,1449.7000,1422.6739,1468.4759,1393.2303,1710447
2012-07-12,1434.7773,1455.6016,1457.6963,1419.7838,1813700
2012-07-13,1424.8552,1427.7177,1437.1250,1419.9325,1573819
2012-07-16,1427.9139,1421.9034,1439.2324,1404.1662,1113686
2012-07-17,1477.9837,1434.2528,1506.6715,1423.5896,1256037
2012-07-18,1477.1103,1487.0088,1493.6233,1467.6686,1674143
2012-07-19,1490.2196,1469.2836,1531.3327,1444.5831,2417662
2012-07-20,1473.5135,1491.8699,1522.8439,1458.6455,1939460
2012-07-23,1486.3284,1471.2354,1493.9458,1450.7554,1636228
2012-07-24,1514.6655,1485.6057,1532.6338,1478.3378,1124541
2012-07-25,1532.6318,1516.4112,1537.2461,1515.8140,1642335
2012-07-26,1563.4179,1535.8974,1567.5831,1525.0634,789625
2012-07-27,1563.3827,1569.5820,1573.5190,1560.2797,844675
2012-07-30,1505.8837,1561.2252,1565.7059,1495.2595,2369787
2012-07-31,1506.0605,1509.9233,1513.5296,1493.6100,1136556
2012-08-01,1497.6350,1504.8311,1543.4904,1495.5796,770753
2012-08-02,1568.5095,1503.7991,1581.9035,1453.8184,1364285
2012-08-03,1562.7856,1578.6837,1582.6379,1540.7665,1092873
2012-08-06,1580.4855,1544.0695,1600.4972,1536.3372,1643909
2012-08-07,1578.5323,1575.2958,1579.1142,1567.6507,1488498
2012-08-08,1552.7288,1579.4752,1600.4605,1539.7055,1494930
2012-08-09,1607.4039,1564.6235,1613.7702,1548.0472,1489990
2012-08-10,1624.3726,1618.4392,1633.0219,1614.1393,1486682
2012-08-13,1607.4306,1642.5027,1643.6283,1597.7134,1977250
2012-08-14,1616.4620,1624.0164,1673.1305,1604.5953,1754855
2012-08-15,1597.4917,1602.7057,1602.9013,1560.0667,1759448
2012-08-16,1609.5574,1601.5319,1626.1994,1590.7936,1161086
2012-08-17,1589.3453,1613.7727,1638.0193,1582.6294,708831
2012-08-20,1608.1042,1602.6919,1615.8585,1600.3279,784912
2012-08-21,1550.1595,1609.9245,1624.7631,1529.7807,2035927
2012-08-22,1521.6336,1547.6481,1564.5479,1521.5891,1547006
2012-08-23,1498.6270,1527.3038,1541.5377,1464.7513,2281432
2012-08-24,1470.6556,1486.2672,1496.3863,1458.3653,1812496
2012-08-27,1489.5947,1473.8758,1497.8951,1473.3840,790236
2012-08-28,1414.1919,1471.8204,1471.9384,1411.3781,1361105
2012-08-29,1410.4206,1416.7424,1435.4550,1382.4874,865266
2012-08-30,1451.3633,1421.9581,1476.4391,1417.5662,1759204
2012-08-31,1448.8397,1467.2642,1471.3824,1425.9297,899435
2012-09-03,1442.2285,1442.4061,1455.0858,1403.3642,1990657
2012-09-04,1417.3632,1444.2331,1460.0750,1405.9770,1266019
2012-09-05,1374.1771,1413.9485,1414.7420,1359.5330,2022958
2012-09-06,1404.5041,1379.4797,1414.4656,1371.8154,2202164
2012-09-07,1386.2360,1408.7609,1418.1993,1371.3015,1883388
2012-09-10,1373.6327,1387.3812,1394.6294,1345.0308,1560010
2012-09-11,1378.2938,1368.4703,1397.9493,1364.3787,1335483
2012-09-12,1389.2132,1385.8918,1406.0089,1350.3341,1345762
2012-09-13,1395.2136,1383.1879,1396.1655,1380.7270,1176128
2012-09-14,1401.5823,1399.3603,1432.5865,1396.3087,1551229
2012-09-17,1397.1501,1409.8412,1420.6328,1381.2326,1138509
2012-09-18,1408.7770,1397.9792,1418.7980,1397.5876,959480
2012-09-19,1406.6008,1415.3472,1421.7342,1381.1340,1767446
2012-09-20,1391.1209,1400.3331,1403.0433,1382.4360,729214
2012-09-21,1411.6518,1395.9513,1414.7959,1391.4705,1408635
2012-09-24,1395.3522,1415.5798,1419.3215,1389.0089,1638731
2012-09-25,1372.4411,1396.9807,1403.9391,1352.2347,970929
2012-09-26,1361.6488,1373.4219,1388.1753,1361.1148,1151352
2012-09-27,1351.0096,1355.2163,1364.6154,1343.4177,866265
2012-09-28,1355.3411,1359.4734,1370.7001,1353.8058,1068486
2012-10-01,1341.9261,1352.4449,1353.2265,1336.9843,753500
2012-10-02,1336.1392,1344.6078,1356.7780,1330.6934,1545431
2012-10-03,1358.1087,1337.0678,1361.1832,1327.7009,1406868
2012-10-04,1338.5818,1344.5196,1346.7734,1334.5599,1882344
2012-10-05,1344.2592,1342.1756,1348.2175,1331.0465,1036058
2012-10-08,1354.5867,1342.2841,1360.5295,1322.5742,1184158
2012-10-09,1356.2810,1345.6776,1368.4353,1344.1912,2040046
2012-10-10,1354.4255,1364.4879,1368.8529,1343.0969,1474157
2012-10-11,1366.5801,1357.6049,1377.4604,1350.9797,792209
2012-10-12,1340.3204,1359.5886,1373.3409,1338.8032,1403178
2012-10-15,1343.0229,1343.2764,1349.5679,1342.9604,1497056
2012-10-16,1342.5439,1341.7050,1345.2759,1337.0227,1255945
2012-10-17,1352.9116,1337.7536,1366.5266,1333.7882,807943
2012-10-18,1371.8263,1359.3624,1378.8405,1355.5305,865122
2012-10-19,1377.7034,1371.5694,1400.7846,1359.4472,1810903
2012-10-22,1379.1618,1375.1913,1386.7854,1370.5126,1395994
2012-10-23,1378.2309,1378.3455,1379.6128,1368.3317,772250
2012-10-24,1359.8730,1376.2769,1383.9534,1353.6253,1691862
2012-10-25,1387.3983,1368.6740,1397.3239,1368.0565,856091
2012-10-26,1409.4955,1389.4848,1415.0955,1381.3444,1189195
2012-10-29,1367.6689,1399.7792,1400.7507,1362.1623,1857980
2012-10-30,1367.0819,1365.6375,1370.0640,1353.3141,1290425
2012-10-31,1381.1238,1361.0041,1385.7493,1356.7795,879689
2012-11-01,1349.8988,1381.0810,1403.3491,1347.3462,1132331
2012-11-02,1381.4048,1353.1924,1381.8179,1332.5722,1102320
2012-11-05,1359.7377,1386.2205,1387.8167,1355.8131,1260775
2012-11-06,1324.8348,1363.3944,1364.8307,1315.0444,1394072
2012-11-07,1319.3494,1327.3885,1332.2522,1304.5090,1628188
2012-11-08,1324.3406,1315.1937,1342.1625,1298.4449,989796
2012-11-09,1322.3336,1331.2182,1337.7349,1320.6296,1648571
2012-11-12,1346.4809,1322.3575,1354.2276,1314.6851,2206406
2012-11-13,1368.0645,1342.3815,1368.9160,1325.1410,1538794
2012-11-14,1401.0182,1366.8377,1407.0821,1366.2492,1429702
2012-11-15,1399.6265,1388.5974,1412.6930,1370.4529,2261969
2012-11-16,1367.0086,1399.5730,1401.8380,1364.8665,1667272
2012-11-19,1339.7780,1365.0982,1366.9320,1328.1232,2343914
2012-11-20,1321.2758,1335.2123,1335.8171,1305.5528,1193102
2012-11-21,1310.2357,1320.4257,1323.5867,1294.8630,1556549
2012-11-22,1293.6847,1302.2160,1311.1652,1285.9807,1381978
2012-11-23,1303.8377,1293.5156,1305.9480,1291.8671,1029702
2012-11-26,1288.4006,1305.8813,1325.7509,1288.1738,1239179
2012-11-27,1291.1887,1292.7560,1293.7344,1290.6079,1057071
2012-11-28,1274.1263,1286.3304,1298.2919,1267.6036,1151730
2012-11-29,1283.8952,1271.7984,1304.7685,1262.2619,1542540
2012-11-30,1279.3959,1284.4993,1289.6250,1266.6438,1669155
2012-12-03,1264.4891,1280.4623,1295.9664,1256.3911,1827350
2012-12-04,1253.3533,1257.6118,1262.5493,1247.4826,1935000
2012-12-05,1244.9428,1244.6350,1246.0926,1235.5583,1253692
2012-12-06,1236.4865,1239.3343,1248.4837,1229.6790,1276581
2012-12-07,1238.4022,1234.4395,1251.4194,1214.8569,1843198
2012-12-10,1223.8061,1241.3375,1259.1408,1216.8540,1154612
2012-12-11,1250.8814,1232.9133,1255.2566,1223.0551,1807648
2012-12-12,1269.8944,1250.9534,1273.0033,1244.8957,887932
2012-12-13,1285.3438,1269.3049,1298.5665,1253.9557,1514104
2012-12-14,1301.6642,1272.2877,1305.9755,1265.3029,2260015
2012-12-17,1277.6847,1294.5932,1316.5717,1274.9569,1228214
2012-12-18,1296.6698,1278.8268,1310.2625,1277.7221,1166095
2012-12-19,1301.6933,1296.4821,1315.2959,1295.0880,2263964
2012-12-20,1306.2328,1297.4496,1323.8055,1284.7961,1419167
2012-12-21,1290.8035,1302.0325,1303.5208,1287.8817,1175191
2012-12-24,1272.5478,1283.9859,1288.8304,1264.8403,825230
2012-12-25,1244.9371,1270.8387,1276.1391,1212.8035,1297126
2012-12-26,1233.4733,1243.2147,1255.3342,1215.2288,1282028
2012-12-27,1256.1034,1232.1410,1272.2837,1227.9503,1947361
2012-12-28,1257.3033,1246.1731,1273.8338,1240.9057,2048423
2012-12-31,1261.9525,1257.2848,1268.7495,1254.4711,1821724
2013-01-01,1258.9230,1261.0962,1264.7572,1251.2512,771151
2013-01-02,1249.0155,1259.1919,1263.6480,1239.8425,1387635
2013-01-03,1240.3384,1254.6273,1258.1862,1231.8542,1276970
2013-01-04,1237.9873,1240.7425,1250.9311,1237.3519,1089773
2013-01-07,1236.8192,1240.4137,1249.7908,1234.9632,698412
2013-01-08,1218.0327,1236.1581,1243.6122,1207.2403,1214325
2013-01-09,1200.8106,1219.7969,1237.7937,1196.4829,1143650
2013-01-10,1195.9624,1194.7300,1198.4860,1189.5709,2003290
2013-01-11,1194.3978,1199.1034,1199.9317,1189.7523,896089
2013-01-14,1210.5790,1199.3294,1212.2614,1194.6135,3937942
2013-01-15,1226.0891,1213.8438,1240.2802,1206.2355,1314786
2013-01-16,1216.8435,1228.9146,1234.6828,1204.7404,1409796
2013-01-17,1199.0577,1219.0258,1234.0764,1190.3410,1699953
2013-01-18,1201.2094,1196.9878,1206.3940,1177.3222,1708088
2013-01-21,1218.3787,1208.1740,1223.8726,1206.9177,1147726
2013-01-22,1223.2292,1220.8746,1224.3175,1210.0132,1133155
2013-01-23,1219.8064,1225.6431,1228.4936,1218.8589,900533
2013-01-24,1207.6654,1216.5288,1218.5268,1205.8990,1730993
2013-01-25,1179.2622,1203.7547,1208.9651,1176.1513,1183979
2013-01-28,1211.5364,1190.1887,1216.8774,1181.9305,1320032
2013-01-29,1206.6860,1216.5024,1223.4597,1202.2748,2147846
2013-01-30,1205.0300,1214.3231,1225.8834,1203.7725,1819156
2013-01-31,1218.8564,1203.7072,1219.6106,1201.3584,1284056
2013-02-01,1211.3260,1219.7273,1232.0835,1195.6536,1143362
2013-02-04,1171.2140,1203.4722,1228.0253,1166.2768,1945949
2013-02-05,1157.6563,1162.7123,1181.9761,1145.7079,1520953
2013-02-06,1183.6801,1159.5097,1201.5904,1148.5156,1130581
2013-02-07,1158.2324,1176.5679,1195.6102,1138.4172,1292481
2013-02-08,1163.5764,1159.1709,1187.0273,1153.2930,1996111
2013-02-11,1163.3962,1165.4283,1185.9309,1153.0904,1086998
2013-02-12,1165.8016,1161.2405,1167.1961,1149.3367,1096595
2013-02-13,1172.0669,1166.8114,1172.7298,1159.7233,1231102
2013-02-14,1167.4047,1178.0133,1191.4605,1167.3996,1897214
2013-02-15,1156.4222,1165.2517,1168.0173,1154.5657,1234517
2013-02-18,1133.5791,1157.9750,1171.6420,1128.2024,993725
2013-02-19,1147.6294,1140.0644,1161.7319,1129.6708,2195782
2013-02-20,1117.5797,1148.0311,1155.3532,1115.2555,959823
2013-02-21,1085.5387,1116.7137,1122.9752,1083.8465,1244561
2013-02-22,1094.7980,1093.4107,1101.5504,1083.5856,1370660
2013-02-25,1091.1671,1100.6100,1111.1608,1081.1421,1406478
2013-02-26,1127.1929,1091.2471,1139.3405,1088.8501,786781
2013-02-27,1138.0164,1125.6755,1151.9105,1111.3689,1835926
2013-02-28,1141.1611,1142.7383,1171.8282,1140.6840,1067940
2013-03-01,1110.9247,1143.7147,1161.3957,1100.0255,1220664
2013-03-04,1125.7290,1114.6677,1148.7947,1108.1076,947662
2013-03-05,1109.7655,1114.5094,1131.7553,1108.2832,1591320
2013-03-06,1091.1731,1107.5630,1121.1516,1089.4524,1498658
2013-03-07,1073.9426,1096.5325,1106.1266,1047.3514,1327597
2013-03-08,1064.9286,1068.6741,1074.2844,1052.5747,1226017
2013-03-11,1065.4663,1065.0281,1071.3125,1048.0916,866552
2013-03-12,1062.9964,1069.4589,1081.6511,1059.7032,877214
2013-03-13,1050.8760,1065.6388,1068.3938,1039.4526,2569316
2013-03-14,1061.7290,1050.7455,1064.7895,1043.3890,605788
2013-03-15,1065.0428,1060.2004,1069.5364,1053.9689,1706934
2013-03-18,1071.4232,1069.8685,1073.0065,1067.1966,1365414
2013-03-19,1097.6676,1076.4152,1101.2667,1069.1457,1015114
2013-03-20,1106.4702,1102.4113,1109.6319,1097.5793,1493688
2013-03-21,1091.1885,1106.1006,1111.3123,1089.7480,1488458
2013-03-22,1084.1996,1089.7280,1102.2931,1080.4480,1412248
2013-03-25,1071.4920,1083.0200,1095.6376,1067.3274,1015023
2013-03-26,1059.8933,1075.1957,1078.3042,1054.1885,1259007
2013-03-27,1073.9909,1062.0670,1087.3673,1059.0570,966929
2013-03-28,1078.6590,1079.7176,1084.1667,1064.4024,1164873
2013-03-29,1085.0608,1079.1147,1086.8674,1068.9003,1652706
2013-04-01,1090.2214,1089.0774,1092.5601,1086.6522,1141094
2013-04-02,1089.2561,1084.2783,1095.6129,1084.0571,1087080
2013-04-03,1092.6710,1089.5291,1095.2886,1076.5525,964634
2013-04-04,1102.4174,1094.0536,1103.2276,1092.7142,908888
2013-04-05,1109.0181,1100.5247,1119.3041,1096.3272,1431192
2013-04-08,1122.6111,1110.8842,1124.5254,1107.6732,1618699
2013-04-09,1119.7092,1118.7377,1131.6361,1105.5464,963572
2013-04-10,1120.7418,1114.7614,1127.5748,1113.0026,1177307
2013-04-11,1117.7510,1120.1192,1121.2101,1115.3045,1058808
2013-04-12,1110.5786,1115.4697,1120.5683,1108.2585,1877870
2013-04-15,1123.9344,1109.9672,1130.9136,1106.0686,1393674
2013-04-16,1124.3047,1125.5656,1138.5578,1123.6403,1324211
2013-04-17,1139.6471,1122.7088,1145.0561,1120.0442,734511
2013-04-18,1136.3186,1140.9188,1143.6545,1130.2981,970222
2013-04-19,1146.4799,1137.0905,1147.6988,1135.2772,877824
2013-04-22,1131.8119,1144.5095,1150.8526,1130.9705,837771
2013-04-23,1118.5798,1131.9004,1152.8863,1110.7710,1733470
2013-04-24,1106.5911,1113.9257,1115.4599,1104.3455,945358
2013-04-25,1102.7859,1105.0339,1108.4060,1101.2300,1143005
2013-04-26,1101.0864,1100.5194,1111.2521,1091.4088,721146
2013-04-29,1104.6086,1100.9278,1107.2692,1099.1981,1766357
2013-04-30,1101.0606,1101.4453,1102.4580,1098.3718,1004353
2013-05-01,1098.3735,1104.7353,1107.2583,1096.9946,1119683
2013-05-02,1097.2753,1098.8830,1101.0384,1096.4036,1370383
2013-05-03,1093.8367,1100.8970,1109.6393,1091.6557,1439910
2013-05-06,1092.0405,1094.3034,1104.0602,1083.8797,935738
2013-05-07,1098.9908,1090.1935,1099.4774,1080.9218,1932858
2013-05-08,1103.0138,1100.7728,1106.8551,1094.4980,1228902
2013-05-09,1099.8671,1103.4213,1104.7437,1093.0587,1523618
2013-05-10,1093.1025,1102.9059,1103.6859,1085.9103,1313512
2013-05-13,1083.4162,1090.7830,1094.8093,1074.9862,838108
2013-05-14,1077.6450,1083.5554,1084.7964,1076.1004,1149790
2013-05-15,1092.6314,1076.1046,1093.2785,1075.3593,1617928
2013-05-16,1091.1348,1092.7167,1097.7826,1085.8690,1475555
2013-05-17,1099.5276,1093.7792,1100.3304,1093.7181,704353
2013-05-20,1101.8738,1099.2467,1106.4105,1098.4237,1046791
2013-05-21,1099.6375,1099.8522,1100.6125,1093.5921,1172601
2013-05-22,1097.7879,1098.4875,1100.7045,1096.7599,604280
2013-05-23,1085.1502,1094.1509,1096.3891,1084.8791,1210659
2013-05-24,1079.6847,1088.0540,1093.7867,1077.7183,947347
2013-05-27,1072.0506,1083.3146,1088.6769,1071.1434,1317323
2013-05-28,1054.8709,1071.6351,1072.9795,1054.5575,2485530
2013-05-29,1059.8841,1058.6191,1065.7009,1056.6818,844744
2013-05-30,1063.8405,1060.4639,1065.8717,1059.0597,1077768
2013-05-31,1075.7661,1062.4181,1078.8761,1060.9290,942326
2013-06-03,1081.5504,1076.2892,1086.2695,1068.2746,1364549
2013-06-04,1096.8490,1078.6228,1103.2092,1074.1419,1762078
2013-06-05,1089.1482,1092.5847,1095.4543,1082.2298,846756
2013-06-06,1102.8898,1088.2759,1106.7115,1086.1766,2090268
2013-06-07,1103.6221,1098.9515,1104.9032,1095.8167,1112322
2013-06-10,1103.4339,1101.2518,1110.9803,1098.1204,1090075
2013-06-11,1102.0136,1106.0346,1109.7080,1099.7308,1714296
2013-06-12,1097.6947,1096.5259,1101.0988,1089.0597,911287
2013-06-13,1092.3661,1099.3936,1102.6497,1083.4850,890674
2013-06-14,1071.0203,1090.2142,1095.6973,1064.9903,1948153
2013-06-17,1062.2705,1074.6793,1086.5473,1057.6713,1147550
2013-06-18,1068.5023,1064.6699,1072.9572,1054.4560,923384
2013-06-19,1065.1919,1068.5146,1072.7248,1059.5629,878048
2013-06-20,1063.3169,1067.6890,1068.3446,1057.1838,1192391
2013-06-21,1045.9592,1061.2550,1061.3150,1045.7321,1517567
2013-06-24,1037.0934,1046.8084,1050.3393,1022.9098,868433
2013-06-25,1055.5401,1040.8402,1060.0415,1039.0605,1437257
2013-06-26,1038.7942,1057.1237,1062.7010,1031.2988,1744622
2013-06-27,1036.2467,1039.6161,1042.1427,1032.6823,945834
2013-06-28,1031.7791,1030.1397,1034.6179,1028.8192,2048964
2013-07-01,1026.5052,1033.6142,1037.2235,1017.3955,1671927
2013-07-02,1025.4437,1027.3019,1030.7266,1016.8323,1060606
2013-07-03,1042.8809,1022.6556,1043.0017,1014.1889,988223
2013-07-04,1037.4325,1044.0880,1048.1182,1035.7345,1006092
2013-07-05,1045.6747,1042.1682,1058.1456,1040.7601,928865
2013-07-08,1036.2198,1042.0153,1044.8698,1035.9975,960705
2013-07-09,1025.4503,1030.6962,1035.9458,1017.4431,1460021
2013-07-10,1022.4165,1026.8242,1028.6851,1017.9998,1079805
2013-07-11,1023.9606,1019.5092,1031.8505,1015.6588,1724261
2013-07-12,1010.0716,1018.1047,1023.6543,1000.7475,1005113
2013-07-15,992.9242,1012.3087,1012.9726,989.7364,1196571
2013-07-16,986.4305,984.6285,991.3825,976.6334,1385307
2013-07-17,979.3885,981.4351,986.7915,974.5811,1448517
2013-07-18,978.9042,978.0088,983.2957,973.9305,2868091
2013-07-19,982.5083,979.3268,986.6414,978.9795,1115621
2013-07-22,964.9973,978.5889,980.1307,964.5342,546465
2013-07-23,955.7202,958.7168,959.1177,952.1875,845439
2013-07-24,954.4642,957.4383,960.3907,953.6439,1645404
2013-07-25,964.3080,956.0157,968.1801,954.4350,856921
2013-07-26,959.0261,962.7459,965.3760,955.0278,1381069
2013-07-29,962.2745,961.1032,968.1753,960.4805,1615522
2013-07-30,970.1273,963.6073,970.4849,957.0607,778814
2013-07-31,978.7837,975.3313,981.1593,974.4418,1045665
2013-08-01,976.4822,986.4971,986.8355,976.2082,854645
2013-08-02,967.2226,973.2152,974.9802,964.7502,1521430
2013-08-05,967.6613,964.1931,975.2555,959.6210,848461
2013-08-06,967.3254,960.3711,969.7892,957.4950,1741778
2013-08-07,967.2187,966.3608,972.1840,964.8411,1035961
2013-08-08,974.3653,966.0615,975.3594,959.2153,1441917
2013-08-09,969.8852,976.3062,978.1333,969.6369,1087380
2013-08-12,975.0732,970.1651,977.3096,960.8062,943389
2013-08-13,988.6483,973.8678,999.5296,973.6997,1101685
2013-08-14,995.4607,985.9899,996.3262,981.8113,1335194
2013-08-15,1004.5556,998.8600,1015.6518,993.1143,1347165
2013-08-16,1009.1228,1004.4727,1015.3301,1000.1369,1623145
2013-08-19,1016.0340,1009.6756,1022.1200,1008.8551,798497
2013-08-20,1025.1717,1020.3210,1027.3726,1019.1565,1092533
2013-08-21,1019.3162,1020.8595,1028.0723,1018.2947,1141146
2013-08-22,1021.1364,1022.1307,1023.9924,1019.6534,1049399
2013-08-23,1025.7181,1017.7869,1026.5419,1015.0013,1245154
2013-08-26,1019.0612,1024.7396,1025.9168,1013.3761,1075327
2013-08-27,1010.9790,1015.7385,1024.1431,1007.2263,1663976
2013-08-28,1016.2109,1010.4195,1016.7109,1003.0627,1031357
2013-08-29,1020.0958,1021.1176,1023.7517,1018.5326,1119080
2013-08-30,1024.4309,1020.8289,1034.6159,1020.7605,1099354
2013-09-02,1013.2168,1022.9508,1030.1706,1010.2784,662098
2013-09-03,1023.2883,1016.5215,1024.6789,1011.1156,1177392
2013-09-04,1032.5870,1023.3471,1036.2399,1021.5147,1155054
2013-09-05,1026.7190,1031.8986,1040.5159,1018.5874,960950
2013-09-06,1034.4068,1026.1749,1045.9164,1017.7769,1321852
2013-09-09,1038.1431,1039.0774,1041.6849,1026.6901,852667
2013-09-10,1035.0614,1037.1496,1044.2473,1032.2151,1478228
2013-09-11,1024.6374,1034.1163,1035.2398,1023.8387,823291
2013-09-12,1016.2565,1022.5629,1027.2302,1014.0307,1258217
2013-09-13,1013.6593,1017.4526,1019.7876,1010.7730,786971
2013-09-16,1013.7105,1012.0307,1014.1562,1007.0854,703912
2013-09-17,1016.2438,1013.2275,1020.5821,1012.0767,1028003
2013-09-18,1022.0570,1013.7747,1028.1937,1009.3649,1022474
2013-09-19,1013.6024,1020.0057,1023.2186,1009.9418,1253989
2013-09-20,1018.7376,1009.4587,1022.5221,1003.2785,864431
2013-09-23,1009.1193,1013.6351,1014.3401,1007.7555,991930
2013-09-24,1010.1438,1008.9469,1017.1813,1000.7295,832172
2013-09-25,1018.7681,1010.7432,1022.2108,1010.6869,1892645
2013-09-26,1026.1771,1018.1506,1027.5595,1017.0643,1443905
2013-09-27,1024.1481,1025.6696,1030.1613,1022.8928,1353307
2013-09-30,1021.7270,1021.5108,1027.1956,1017.4585,1287116
2013-10-01,1016.3301,1020.6366,1022.5947,1010.1772,1171887
2013-10-02,1017.1210,1019.1530,1024.3776,1012.9195,1222425
2013-10-03,1019.6109,1014.9399,1022.0607,1011.0789,920813
2013-10-04,1008.8261,1018.7430,1022.4461,1005.4191,1450499
2013-10-07,1008.7604,1011.8450,1013.0235,1007.7739,990823
2013-10-08,1014.1607,1008.2116,1015.1916,1007.9206,971575
2013-10-09,1013.0991,1017.2698,1017.8418,1008.8627,964485
2013-10-10,1010.7598,1013.3214,1015.5486,1010.4235,758573
2013-10-11,1012.8856,1006.2395,1015.1404,1000.3779,1149312
2013-10-14,1015.1312,1011.4361,1016.1270,1011.3318,863648
2013-10-15,1023.4276,1016.3711,1025.3867,1009.5578,959472
2013-10-16,1013.2127,1023.9534,1031.6092,1004.8847,1752647
2013-10-17,1003.8742,1015.6641,1016.6774,1002.0663,1181383
2013-10-18,998.0067,1004.5504,1005.1900,993.1493,1044756
2013-10-21,993.3276,998.8343,999.9733,991.5372,1164258
2013-10-22,997.0530,995.2993,998.7803,989.2730,1037419
2013-10-23,992.8996,998.7792,1000.5387,988.9408,1719776
2013-10-24,987.1323,991.9999,994.5625,982.6423,1334099
2013-10-25,990.6451,989.1456,991.1297,987.3966,987756
2013-10-28,991.9823,989.4717,992.3988,989.0887,1375256
2013-10-29,983.0986,991.8934,994.9473,978.8203,645433
2013-10-30,975.3304,983.3260,988.4967,971.0490,1493442
2013-10-31,981.6185,974.7066,981.9616,972.9457,1366088
2013-11-01,983.7125,982.8712,988.0092,980.9985,809632
2013-11-04,983.8693,983.2016,989.9160,977.4789,1407452
2013-11-05,987.3007,985.7570,998.3173,979.7398,2528657
2013-11-06,990.7494,988.0488,994.8708,987.3027,1252697
2013-11-07,994.8975,988.8646,995.4300,985.7621,1065774
2013-11-08,994.7156,991.5199,999.1774,986.6727,849896
2013-11-11,992.6400,994.1593,1000.4888,986.1442,1534305
2013-11-12,980.6239,991.5224,992.8422,973.5226,1448762
2013-11-13,976.6189,982.9657,983.9119,970.5879,2077795
2013-11-14,963.8902,977.7516,985.1317,962.0109,1193569
2013-11-15,967.7034,963.2105,976.5557,961.6139,677034
2013-11-18,958.0202,967.3608,970.8232,956.6431,1101040
2013-11-19,955.4399,955.6610,959.2891,953.1243,1083052
2013-11-20,954.3114,956.2663,959.4558,953.6996,1154499
2013-11-21,954.0508,953.1243,961.4683,942.1753,939891
2013-11-22,950.9963,954.2306,956.2332,949.4282,984065
2013-11-25,941.1163,950.1366,953.8043,936.5486,1962428
2013-11-26,930.9489,938.3489,939.0878,925.2051,693319
2013-11-27,928.3882,927.5956,929.7749,921.4885,676555
2013-11-28,931.4406,926.3565,931.6875,923.3306,1119140
2013-11-29,935.4021,931.3390,935.9590,930.4500,875488
2013-12-02,937.1768,934.1598,938.2195,931.0867,1397685
2013-12-03,938.0346,938.2094,941.2668,934.6040,2416434
2013-12-04,926.5971,936.4334,939.4788,923.0174,778455
2013-12-05,929.8010,924.1140,933.2781,918.1277,1441615
2013-12-06,935.9695,928.7895,938.5584,927.2921,807438
2013-12-09,945.1804,938.4278,947.1945,937.0565,1160112
2013-12-10,951.4352,945.5575,951.6106,943.9512,736006
2013-12-11,937.7588,950.7289,958.3197,931.9669,1429657
2013-12-12,955.9946,940.3132,960.3792,932.6927,1101764
2013-12-13,941.6052,949.3670,956.4524,941.3945,1353120
2013-12-16,935.8008,938.8262,940.2632,934.7128,1153020
2013-12-17,924.5868,928.9811,933.2247,923.3404,775151
2013-12-18,925.9041,923.7208,931.6286,920.1173,953934
2013-12-19,923.6055,924.9104,936.8706,921.6765,1013495
2013-12-20,920.9736,925.3788,926.1991,909.1475,1305506
2013-12-23,909.8167,920.8334,927.4730,908.4545,1118076
2013-12-24,892.3455,906.3656,909.4581,884.5475,1381904
2013-12-25,888.3745,894.6962,904.0679,885.9500,888188
2013-12-26,890.0039,888.7234,892.5350,888.5359,1655586
2013-12-27,889.4666,894.3597,897.9490,888.0207,874962
2013-12-30,895.5386,892.5815,896.0443,891.0042,1135135
2013-12-31,907.2247,892.8347,911.5430,891.7380,1586670
2014-01-01,908.3773,910.4777,913.3409,906.4691,1451645
2014-01-02,927.8617,907.6356,929.9076,905.2594,1364428
2014-01-03,935.6537,926.7423,936.4047,924.0496,1223727
2014-01-06,944.7212,933.3182,948.2054,927.7976,812661
2014-01-07,937.4366,945.3994,945.6644,930.2300,1314350
2014-01-08,947.2127,936.8114,952.8694,926.4709,693602
2014-01-09,943.6076,948.0452,953.3981,943.1802,855327
2014-01-10,928.5654,937.2659,938.9492,918.5728,969266
2014-01-13,905.6024,925.0285,927.3244,903.9961,1274216
2014-01-14,891.7732,900.6402,916.1347,890.9384,789076
2014-01-15,894.9402,882.4638,898.0712,880.4063,1410183
2014-01-16,902.6106,891.4705,909.7341,879.5171,1344520
2014-01-17,905.3976,896.6324,917.8151,894.7679,1720639
2014-01-20,897.8378,904.6249,920.8070,890.6059,1083053
2014-01-21,887.2756,898.8495,904.5163,880.9624,1097503
2014-01-22,873.2964,885.9759,886.9833,869.0078,1074524
2014-01-23,860.0352,872.6135,880.8893,856.1362,1188168
2014-01-24,862.3825,865.0865,874.9252,856.4908,1125265
2014-01-27,869.3907,867.5358,870.9377,862.8463,1838446
2014-01-28,880.7130,867.0917,885.5831,864.6842,606348
2014-01-29,894.8517,881.2017,896.7039,867.7048,1268300
2014-01-30,897.4694,891.5643,899.1408,886.5369,1170475
2014-01-31,895.4354,901.3365,901.9693,887.7629,974247
2014-02-03,889.3624,895.9471,898.7149,888.0224,1327260
2014-02-04,898.4459,891.4458,904.1342,890.4306,1037316
2014-02-05,890.4131,893.8977,898.5315,880.1419,2014271
2014-02-06,888.3226,885.2538,891.2804,883.8336,2673053
2014-02-07,881.3374,888.3178,897.6357,876.9967,783220
2014-02-10,872.9211,878.6611,878.7828,871.2929,760629
2014-02-11,893.0386,873.7683,896.9413,872.9723,1491189
2014-02-12,889.6006,896.6926,902.8094,883.2888,1739978
2014-02-13,870.8539,892.1994,905.1063,863.5957,782942
2014-02-14,874.2062,872.0933,886.7360,867.1597,1312383
2014-02-17,868.4019,877.7852,886.6200,868.3339,1666952
2014-02-18,872.1824,863.5372,877.1987,860.4524,1309672
2014-02-19,871.9028,871.3326,876.4341,866.6030,1693432
2014-02-20,882.4358,874.2436,893.6108,863.8993,1509321
2014-02-21,874.0518,880.7203,885.1643,866.4534,1123013
2014-02-24,865.7556,871.9880,874.5212,859.1585,1723629
2014-02-25,882.4006,859.6490,890.1275,856.6135,1613532
2014-02-26,889.6584,882.3209,890.4583,871.5505,1382671
2014-02-27,887.2885,893.0275,903.4402,883.5593,1367832
2014-02-28,898.5212,888.0910,901.6392,885.3101,666191
2014-03-03,905.3225,905.0565,910.3372,902.8668,1175934
2014-03-04,920.6327,905.4322,929.5270,901.9622,2249873
2014-03-05,924.5447,919.3315,927.5440,911.3720,1256521
2014-03-06,944.9392,927.4630,957.9951,914.4367,1359604
2014-03-07,921.7337,943.7780,945.9842,906.1981,1299873
2014-03-10,944.2051,921.0328,946.8628,913.0300,1863202
2014-03-11,949.1896,952.8696,959.2482,936.3164,948142
2014-03-12,947.5664,948.0337,958.0312,944.1419,1633535
2014-03-13,943.6445,945.7618,952.7426,933.1140,2248149
2014-03-14,942.8574,944.3713,956.7226,939.3814,1048091
2014-03-17,931.1180,938.0795,953.5891,926.9405,3096507
2014-03-18,928.5094,931.0888,940.3195,926.7655,1430954
2014-03-19,911.3094,925.0339,929.9790,909.8859,1027724
2014-03-20,909.9414,904.5218,911.1106,902.5747,1058656
2014-03-21,920.0111,902.5147,923.2513,899.0867,1942072
2014-03-24,925.9690,923.7525,926.0119,921.7326,1669665
2014-03-25,922.9952,927.8358,930.7434,920.5764,1553011
2014-03-26,937.8595,923.6240,939.1159,918.1456,1259618
2014-03-27,925.6803,935.9709,937.0232,922.2241,1853702
2014-03-28,919.7143,925.3823,928.7233,911.3655,1299562
2014-03-31,925.9224,918.1333,934.3560,917.4062,1232819
2014-04-01,913.7022,925.5050,931.5766,903.5161,826043
2014-04-02,920.7614,914.0721,934.9799,911.4874,931110
2014-04-03,941.4749,920.7459,941.9059,919.1330,2141738
2014-04-04,909.2555,934.0227,940.3474,904.0319,831336
2014-04-07,912.0364,911.4559,913.8872,904.6293,1178502
2014-04-08,909.1610,908.4743,911.0397,894.9396,1621218
2014-04-09,908.4298,903.0805,919.5901,900.9162,1842748
2014-04-10,917.0229,908.3031,924.0276,902.5098,852481
2014-04-11,903.4632,921.7386,937.3497,899.6670,1227488
2014-04-14,909.0513,903.8754,909.2503,897.4878,1384606
2014-04-15,916.0651,910.2721,930.2334,905.1168,1312316
2014-04-16,912.8732,917.9905,926.2822,908.9948,1770590
2014-04-17,918.7059,911.9884,923.5739,909.0658,1026339
2014-04-18,917.2081,916.0121,917.5409,906.6505,760869
2014-04-21,935.3939,918.7677,943.9374,916.4156,1007307
2014-04-22,937.1165,933.7171,938.4036,931.3543,1521626
2014-04-23,921.5408,933.6435,941.6255,912.9962,1215302
2014-04-24,951.2615,922.5820,954.9490,922.4680,1958917
2014-04-25,952.9382,948.1690,961.2024,941.5791,1510530
2014-04-28,935.0120,951.5328,952.7683,930.3117,1627422
2014-04-29,942.1193,934.4558,955.4399,926.5564,1021553
2014-04-30,918.0238,935.9390,940.9054,909.3749,1637715
2014-05-01,914.2861,913.0720,915.1717,899.9717,994905
2014-05-02,894.6045,906.1119,927.5308,888.3538,998715
2014-05-05,880.1175,891.3235,900.8754,877.2958,1453480
2014-05-06,895.5154,883.1900,901.1572,878.6862,963777
2014-05-07,885.7647,892.2792,892.3195,885.0572,1895362
2014-05-08,909.6590,885.3504,918.1921,881.4893,1749650
2014-05-09,917.3429,896.9310,921.0501,893.4478,820455
2014-05-12,924.6179,928.3340,929.5934,914.8366,1281752
2014-05-13,930.2923,921.0410,938.9255,914.8329,1403448
2014-05-14,918.5228,934.8891,945.1289,916.1671,2437066
2014-05-15,940.7377,915.9433,946.4669,909.7281,1059742
2014-05-16,952.9171,943.1608,960.2464,933.1519,1065275
2014-05-19,961.5265,959.2557,969.7277,956.7465,1392623
2014-05-20,956.6907,962.4645,972.8431,955.2380,1426612
2014-05-21,955.2606,951.1280,960.7110,947.1203,1808628
2014-05-22,948.5249,951.0734,955.8930,939.7801,1108624
2014-05-23,953.2239,949.7029,961.6305,934.0283,713339
2014-05-26,956.5780,955.3624,966.2134,950.7992,1128627
2014-05-27,954.9976,955.3493,970.5844,949.6545,1319904
2014-05-28,945.6441,952.4754,958.2523,944.1447,1055603
2014-05-29,949.0364,946.7630,954.8100,934.5287,871618
2014-05-30,972.8001,950.1354,977.3426,941.9568,1911209
2014-06-02,951.5549,974.0463,984.5828,950.8943,1082593
2014-06-03,947.1093,956.5389,964.9121,942.8581,1539233
2014-06-04,938.2161,943.1074,949.9276,932.9747,1368181
2014-06-05,939.8478,937.5968,949.1502,936.7651,726480
2014-06-06,939.7619,938.8508,946.8137,931.7544,1700049
2014-06-09,946.1184,939.0086,955.7564,930.5290,1437934
2014-06-10,943.6715,947.7551,948.1107,939.3727,1485688
2014-06-11,949.5757,939.5780,952.9558,927.2161,1223208
2014-06-12,951.2347,949.2931,951.4536,948.6421,877606
2014-06-13,942.5769,948.0294,949.7153,935.7732,854929
2014-06-16,948.8433,941.7645,949.9450,937.9021,1641595
2014-06-17,947.0509,951.0059,953.2924,936.6353,984229
2014-06-18,938.5625,948.3146,955.6605,930.9229,1075718
2014-06-19,928.4519,941.0302,946.6687,926.4842,1207482
2014-06-20,920.2683,927.9525,938.5664,918.7200,1318590
2014-06-23,923.6317,922.0763,924.8638,919.1224,730901
2014-06-24,919.5854,927.4850,936.1207,915.4553,734272
2014-06-25,927.6078,924.5589,934.7044,917.3136,1420157
2014-06-26,923.0053,929.0482,929.4722,919.9893,1209194
2014-06-27,931.6340,921.3017,935.4033,920.7839,712291
2014-06-30,940.7042,933.3371,941.0469,927.0805,1358868
2014-07-01,927.2370,943.3766,946.2663,918.1904,1222084
2014-07-02,932.7380,931.9163,935.3230,930.1909,1204718
2014-07-03,950.7501,938.9277,952.4331,936.9168,1208642
2014-07-04,959.5027,957.3872,966.2953,955.1798,833594
2014-07-07,962.7303,963.4997,968.2540,958.5531,1000075
2014-07-08,946.1712,960.9661,967.9683,943.9878,1641751
2014-07-09,948.6823,945.1092,949.7173,937.8928,1588111
2014-07-10,943.3303,949.7488,956.9247,938.6153,1011648
2014-07-11,930.0519,941.7854,951.3462,928.5271,659521
2014-07-14,913.8414,926.8448,928.2443,907.6985,910592
2014-07-15,912.9070,915.7603,922.9193,904.5006,1373003
2014-07-16,915.0054,915.0355,917.2545,908.1327,1366660
2014-07-17,911.1717,914.8056,915.2398,910.1217,894125
2014-07-18,920.1857,909.7284,921.4740,902.1377,857383
2014-07-21,917.6221,916.4537,921.9042,912.8524,1473126
2014-07-22,929.6520,920.0988,930.2480,919.8257,731996
2014-07-23,932.3201,929.7159,940.2283,922.6771,941253
2014-07-24,937.6819,929.6371,951.4298,923.8652,2260388
2014-07-25,927.8079,939.4108,939.7267,923.4131,1421821
2014-07-28,920.2856,927.2240,931.6229,920.2524,1542004
2014-07-29,917.2864,921.3170,928.8336,914.7119,1372326
2014-07-30,913.7977,915.7087,916.9538,910.5161,1286055
2014-07-31,932.0624,916.9594,939.1429,916.1272,1850448
2014-08-01,950.4658,933.2547,957.7949,924.8540,1020386
2014-08-04,949.1995,954.1797,960.0659,947.4015,707309
2014-08-05,943.7937,946.2408,946.3886,930.2625,861346
2014-08-06,939.5648,941.6385,942.9398,934.7554,777204
2014-08-07,937.2869,940.4239,945.4829,934.3153,1484151
2014-08-08,937.2967,934.8664,937.7881,932.4275,913868
2014-08-11,929.6248,936.9791,937.8174,926.4061,2963429
2014-08-12,935.8723,929.7157,936.4606,923.8939,1381335
2014-08-13,941.5765,938.5387,953.9571,931.5259,716440
2014-08-14,943.0022,942.3331,954.1458,938.0279,1039056
2014-08-15,942.2958,941.2314,951.0024,937.6178,1498904
2014-08-18,940.5925,943.1256,943.1648,938.4500,1666047
2014-08-19,956.8312,941.7380,958.4921,935.2162,986171
2014-08-20,947.4086,956.3987,959.1610,947.1281,1447387
2014-08-21,950.8800,951.3199,953.3434,946.1527,1181520
2014-08-22,952.5786,949.5089,955.1683,945.5390,1536424
2014-08-25,954.6397,950.9608,960.7242,948.7302,1325467
2014-08-26,954.5618,953.1919,962.8446,952.3419,883433
2014-08-27,957.0604,955.3659,962.2080,949.1557,891583
2014-08-28,945.5489,956.9035,961.9852,936.7536,910560
2014-08-29,937.1301,942.1320,945.8920,934.3192,1559923
2014-09-01,922.8914,938.5588,940.0068,914.4680,1016863
2014-09-02,917.4261,921.9206,924.4408,913.4139,2023675
2014-09-03,928.7097,918.9148,932.5263,914.4949,1182451
2014-09-04,924.8247,933.8078,936.2447,924.7625,1127247
2014-09-05,919.5012,925.6372,930.0181,915.5828,1234724
2014-09-08,913.0115,921.3099,930.0901,910.2657,1112442
2014-09-09,917.2283,918.9802,923.9769,913.1554,2248365
2014-09-10,922.6765,917.5199,923.5425,913.5424,877661
2014-09-11,931.9727,920.8932,933.3434,920.2268,1190143
2014-09-12,930.4583,930.6531,930.8013,927.3253,1562734
2014-09-15,928.5779,926.7406,934.9287,922.1366,1095759
2014-09-16,937.1888,928.9715,939.8959,928.0459,1365649
2014-09-17,942.6193,939.5723,951.2071,937.5991,859980
2014-09-18,939.9478,940.8764,941.7615,937.1111,1308483
2014-09-19,949.7462,943.7207,956.3676,940.4342,1030195
2014-09-22,952.1397,951.3417,955.0810,950.1355,978257
2014-09-23,964.5968,955.9631,971.5576,953.2778,1181366
2014-09-24,965.8178,966.2792,972.8342,961.7236,1115872
2014-09-25,971.1673,968.6715,975.9653,964.6833,1539493
2014-09-26,978.1235,970.0325,979.1585,964.3748,1047072
2014-09-29,981.1706,977.3840,984.4614,972.3133,1465053
2014-09-30,973.2890,981.0703,984.9468,969.9725,821106
2014-10-01,982.0681,975.0574,984.9893,970.1609,1588622
2014-10-02,996.7477,980.9133,996.9106,979.7502,577734
2014-10-03,993.3145,998.4718,1000.9087,984.6014,1696827
2014-10-06,1013.3172,997.0534,1028.4543,993.9509,1324267
2014-10-07,997.3987,1004.3569,1004.6829,988.8333,958961
2014-10-08,997.8910,998.1464,1000.6570,995.6072,1628897
2014-10-09,987.6799,1000.9271,1007.9380,983.4557,1139329
2014-10-10,992.5239,991.1547,996.2157,986.2035,1481827
2014-10-13,982.3297,991.0827,995.2922,977.7328,1371117
2014-10-14,990.6339,981.9131,990.7460,974.3059,1342625
2014-10-15,1000.1679,992.2250,1005.0898,988.1832,1361673
2014-10-16,998.8687,999.0169,1004.7879,996.2760,2130792
2014-10-17,1016.4067,999.8347,1022.7956,985.3992,1233766
2014-10-20,1030.6414,1016.3388,1033.4700,1013.8857,1348868
2014-10-21,1017.7605,1032.0999,1034.2454,1016.2560,1253916
2014-10-22,1017.3775,1018.5897,1026.1439,1013.6750,1201567
2014-10-23,1029.6611,1017.8802,1035.1896,1009.4538,1210885
2014-10-24,1053.1107,1030.3948,1053.4775,1019.0876,1630153
2014-10-27,1035.8907,1051.8758,1057.3379,1031.4675,1056858
2014-10-28,1045.9967,1029.7429,1047.5520,1028.7889,1481343
2014-10-29,1049.7732,1047.2931,1054.4462,1046.0035,607871
2014-10-30,1059.2261,1052.8177,1060.1581,1040.6314,857427
2014-10-31,1068.2740,1049.3046,1072.0256,1038.4733,1146142
2014-11-03,1057.8370,1070.8368,1075.5226,1042.3973,1949196
2014-11-04,1063.0483,1058.0945,1068.9271,1056.4516,1164222
2014-11-05,1046.3423,1060.0679,1073.7899,1045.0774,940777
2014-11-06,1063.7594,1045.2487,1075.9710,1041.7300,1365546
2014-11-07,1064.4589,1067.4286,1075.3620,1058.0701,1305375
2014-11-10,1048.2500,1062.1103,1063.0369,1041.0921,1578332
2014-11-11,1072.1028,1047.8021,1077.1173,1047.6022,863891
2014-11-12,1075.3760,1075.6787,1088.6023,1069.4914,2268688
2014-11-13,1081.3540,1078.5883,1088.9391,1066.9625,1027077
2014-11-14,1067.6564,1076.7359,1078.8659,1062.9807,1757328
2014-11-17,1107.1416,1071.6988,1110.2166,1071.1075,1515872
2014-11-18,1100.2987,1103.4742,1108.5467,1092.4695,1605621
2014-11-19,1090.3705,1106.6499,1127.9710,1088.6835,1010772
2014-11-20,1086.1358,1091.5994,1095.2645,1074.9595,1741109
2014-11-21,1069.3022,1084.9653,1106.1802,1051.4204,1062574
2014-11-24,1061.5079,1070.0972,1074.6064,1048.4325,822820
2014-11-25,1064.2363,1054.6226,1080.4057,1048.4903,1013537
2014-11-26,1070.5340,1066.6150,1077.0373,1056.7383,1032890
2014-11-27,1061.7250,1066.9158,1072.6713,1056.4114,1243642
2014-11-28,1067.3407,1061.8339,1070.7737,1053.4676,736767
2014-12-01,1074.5055,1068.2463,1080.0718,1063.2750,1651533
2014-12-02,1050.9051,1073.3992,1083.0120,1043.8581,962169
2014-12-03,1074.0030,1056.0149,1075.5722,1051.7683,1001347
2014-12-04,1062.4226,1072.2901,1077.3278,1051.6402,1254925
2014-12-05,1069.7750,1062.6244,1087.6692,1047.8648,998003
2014-12-08,1070.6624,1068.8548,1072.1716,1052.7619,1562189
2014-12-09,1066.5312,1072.9032,1078.9108,1061.3010,1550841
2014-12-10,1073.6429,1066.0782,1084.9472,1060.1381,660052
2014-12-11,1085.2797,1076.5578,1087.0533,1073.2680,2838064
2014-12-12,1068.8046,1083.5514,1087.1059,1065.3319,1038101
2014-12-15,1070.8882,1067.3209,1074.1672,1066.4979,1238490
2014-12-16,1067.7431,1067.0883,1076.0627,1060.6641,940246
2014-12-17,1046.4245,1066.8809,1070.0198,1038.0657,1918961
2014-12-18,1052.0365,1045.9183,1065.0395,1036.8128,1193592
2014-12-19,1060.4010,1047.1923,1063.4157,1046.2892,1362131
2014-12-22,1068.5406,1059.8052,1073.4151,1057.4270,1766927
2014-12-23,1070.3444,1069.1891,1072.7816,1068.9560,1504406
2014-12-24,1051.0182,1069.4629,1070.3758,1049.8993,1402150
2014-12-25,1069.1479,1051.0706,1077.8541,1044.1836,1504779
2014-12-26,1068.9445,1065.2454,1069.2589,1050.6509,1527573
2014-12-29,1075.8475,1073.7116,1086.0635,1068.3193,912512
2014-12-30,1079.7765,1075.3334,1085.3908,1063.5191,1181831
2014-12-31,1069.7705,1079.5351,1084.9446,1065.0924,1189698
2015-01-01,1061.3459,1068.1382,1069.0382,1060.9424,1158728
2015-01-02,1052.5892,1056.8359,1061.0218,1052.3753,1704475
2015-01-05,1061.7680,1055.4389,1062.2562,1053.2208,1335553
2015-01-06,1056.3397,1060.1924,1065.6107,1055.7936,1180540
2015-01-07,1066.9262,1061.7416,1069.4122,1057.3204,1045493
2015-01-08,1077.3878,1069.8732,1094.9430,1063.1300,1175610
2015-01-09,1079.5843,1076.9301,1083.7193,1070.7976,972546
2015-01-12,1089.5247,1080.3670,1096.3898,1071.1061,1663575
2015-01-13,1102.3318,1091.9123,1108.3662,1090.5206,1273881
2015-01-14,1101.9937,1103.5719,1104.0940,1096.0475,1056112
2015-01-15,1095.7549,1100.2871,1103.4838,1095.1980,1119110
2015-01-16,1107.5999,1094.4086,1109.1288,1092.2981,1706109
2015-01-19,1105.5283,1105.8871,1106.6396,1101.9784,1063595
2015-01-20,1092.0162,1105.6642,1108.0501,1090.8319,1277758
2015-01-21,1115.1117,1092.7708,1118.8148,1091.7407,1147738
2015-01-22,1119.5104,1114.9813,1121.7814,1105.0381,891134
2015-01-23,1126.5857,1121.4649,1134.3991,1117.5854,1423459
2015-01-26,1149.0191,1124.4141,1153.4401,1122.0685,1053046
2015-01-27,1148.8568,1146.1835,1149.0317,1135.7273,916808
2015-01-28,1141.1601,1146.2441,1149.0208,1136.2994,1467874
2015-01-29,1144.6268,1144.2244,1159.7904,1142.9056,1426585
2015-01-30,1146.7618,1144.2387,1147.1734,1134.3526,585969
2015-02-02,1142.7434,1148.5780,1150.9233,1140.6060,1139762
2015-02-03,1134.3767,1146.7404,1147.0456,1127.6412,1212965
2015-02-04,1141.6663,1135.6578,1142.3160,1127.3243,1271164
2015-02-05,1153.4398,1144.1438,1165.8354,1141.1097,884079
2015-02-06,1152.2119,1151.7711,1158.2167,1144.7549,1537179
2015-02-09,1145.2976,1153.9617,1157.2192,1140.7296,1175506
2015-02-10,1146.1643,1144.3386,1153.0073,1141.6314,632188
2015-02-11,1139.5423,1144.9618,1153.2530,1136.8884,1014858
2015-02-12,1137.0308,1137.0842,1140.6122,1125.5507,527725
2015-02-13,1116.1133,1137.0940,1142.1790,1111.9081,1826446
2015-02-16,1124.6140,1114.3982,1125.5781,1107.7301,1196799
2015-02-17,1108.4881,1115.8465,1125.1493,1103.2819,1382856
2015-02-18,1112.6121,1108.3852,1113.5765,1104.6594,2093637
2015-02-19,1110.9042,1113.2035,1122.1652,1107.0028,1196055
2015-02-20,1105.4041,1110.2846,1110.7985,1098.8398,1186273
2015-02-23,1092.8294,1101.0381,1105.3204,1088.3141,1354198
2015-02-24,1081.8381,1092.9284,1095.3981,1077.6112,1692676
2015-02-25,1073.1991,1077.5839,1077.9701,1071.4619,1190258
2015-02-26,1061.2890,1074.9497,1083.4294,1054.8198,1206484
2015-02-27,1073.2937,1062.6534,1078.2365,1057.9578,1716229
2015-03-02,1079.6935,1072.7547,1088.5226,1068.1875,803133
2015-03-03,1089.9129,1076.7456,1096.9070,1074.5467,1279387
2015-03-04,1101.0864,1091.1987,1112.2863,1087.8144,1108785
2015-03-05,1102.4374,1101.9483,1104.4613,1100.3874,574105
2015-03-06,1118.7749,1111.1315,1123.7518,1107.2414,1339669
2015-03-09,1143.7250,1125.0427,1144.0638,1117.2625,1261911
2015-03-10,1152.7077,1142.5562,1162.2996,1141.0422,1342440
2015-03-11,1163.4292,1150.9611,1171.8426,1141.9920,1118351
2015-03-12,1162.4990,1166.3425,1170.7365,1156.8701,1315306
2015-03-13,1161.8386,1160.6304,1163.6029,1156.5824,1273538
2015-03-16,1153.7403,1159.1541,1161.9988,1151.4352,1349882
2015-03-17,1148.8102,1151.0218,1152.8802,1141.9395,1297054
2015-03-18,1154.8701,1154.7961,1159.3301,1152.6564,901506
2015-03-19,1159.8268,1155.1357,1161.6811,1154.3701,1084921
2015-03-20,1154.2291,1157.3577,1160.0037,1148.7484,461368
2015-03-23,1166.1106,1155.9180,1173.3197,1153.8398,1432418
2015-03-24,1163.6934,1164.7452,1167.7339,1157.1548,944627
2015-03-25,1151.4685,1164.1975,1164.3862,1143.0610,1246116
2015-03-26,1145.9237,1151.4930,1157.0425,1142.9107,621524
2015-03-27,1145.6800,1144.7608,1152.3220,1141.8152,1120400
2015-03-30,1164.9289,1149.3725,1167.7083,1143.8343,1642126
2015-03-31,1156.1753,1166.4562,1172.3920,1152.7761,2337172
2015-04-01,1171.2549,1155.5753,1182.7824,1147.9448,1003547
2015-04-02,1186.2740,1176.0195,1189.6990,1175.8203,1440464
2015-04-03,1212.0149,1184.1021,1220.0399,1172.0549,1262098
2015-04-06,1210.9212,1217.5837,1218.1583,1202.8357,1217222
2015-04-07,1194.4528,1207.0610,1218.2166,1190.2795,2105782
2015-04-08,1196.3340,1194.1585,1213.1780,1189.2410,928635
2015-04-09,1183.1284,1198.1530,1200.4233,1175.0218,898453
2015-04-10,1201.4290,1181.1858,1209.3357,1176.1643,1314667
2015-04-13,1189.1403,1200.1497,1212.2269,1184.6135,1362871
2015-04-14,1184.4150,1187.5267,1197.9954,1177.6732,1092548
2015-04-15,1174.7762,1188.9325,1192.5749,1171.5156,1266379
2015-04-16,1170.5836,1172.4071,1181.6593,1170.3428,568828
2015-04-17,1186.1827,1171.0966,1192.1518,1165.5157,1074729
2015-04-20,1182.8878,1187.8343,1188.6162,1182.0419,461783
2015-04-21,1190.8435,1185.9378,1196.4319,1179.3934,1479427
2015-04-22,1167.6631,1192.3748,1204.2934,1167.4561,995453
2015-04-23,1159.5345,1167.5276,1178.3287,1145.7187,832455
2015-04-24,1139.8842,1156.0220,1160.2438,1139.5282,833310
2015-04-27,1157.1626,1141.1542,1165.2313,1126.5860,1726505
2015-04-28,1179.8313,1156.9718,1185.2499,1142.7442,1185355
2015-04-29,1154.6589,1170.9715,1172.3383,1150.2780,1200599
2015-04-30,1141.9500,1159.0310,1165.4065,1133.4475,1318967
2015-05-01,1162.5329,1142.3169,1172.0790,1135.4184,1371903
2015-05-04,1154.5375,1154.8388,1158.2810,1139.0409,2049727
2015-05-05,1170.3323,1163.1897,1178.4239,1150.2163,1231489
2015-05-06,1180.5002,1174.8926,1194.1387,1166.9557,1099934
2015-05-07,1186.5264,1185.1131,1195.0935,1181.0393,889988
2015-05-08,1233.8562,1195.1526,1237.1863,1193.4993,1797547
2015-05-11,1223.6313,1227.5505,1243.9561,1218.1518,1480962
2015-05-12,1209.7024,1221.4456,1238.1051,1200.8247,1944779
2015-05-13,1230.1965,1207.8553,1239.5033,1207.0223,1184736
2015-05-14,1242.7214,1228.8063,1265.2271,1220.8450,1655634
2015-05-15,1244.1319,1242.7463,1246.4464,1235.4290,1365881
2015-05-18,1242.4634,1239.8765,1252.1350,1236.1359,1336433
2015-05-19,1235.5833,1243.4598,1247.8728,1217.7406,1240803
2015-05-20,1234.1955,1240.1259,1248.4778,1225.9758,1357635
2015-05-21,1241.7670,1234.8277,1247.9582,1234.4759,1007415
2015-05-22,1250.0422,1249.1975,1256.6433,1247.5933,1788748
2015-05-25,1262.3715,1244.2024,1263.4822,1227.8426,1526477
2015-05-26,1279.3388,1261.9497,1290.0426,1259.0941,1343580
2015-05-27,1290.2063,1277.1758,1302.2169,1275.7198,684049
2015-05-28,1262.0865,1292.6844,1301.5175,1259.8989,1133753
2015-05-29,1245.7599,1260.1058,1264.2816,1230.3081,1408661
2015-06-01,1260.8050,1249.3627,1261.0997,1238.4787,1466514
2015-06-02,1271.0577,1265.1088,1271.3983,1258.3605,604001
2015-06-03,1272.2871,1273.9022,1291.5035,1255.0654,1620740
2015-06-04,1268.3520,1268.3363,1275.7293,1265.3850,1249949
2015-06-05,1273.9201,1271.8904,1277.8154,1261.6373,1448641
2015-06-08,1289.6059,1273.4219,1290.4495,1270.2186,1130884
2015-06-09,1248.0429,1287.0005,1292.5672,1239.2622,1532898
2015-06-10,1235.4526,1257.0252,1265.8639,1234.5728,1505520
2015-06-11,1230.3840,1229.7906,1231.9434,1216.1960,2422993
2015-06-12,1226.4510,1231.8563,1252.3475,1225.5717,1279167
2015-06-15,1233.8525,1226.9355,1240.1719,1222.0348,1246312
2015-06-16,1264.9413,1241.8643,1268.9084,1239.4347,1194580
2015-06-17,1261.8637,1269.9946,1271.3396,1257.5866,1099889
2015-06-18,1262.4175,1262.1116,1267.6522,1261.6549,1324439
2015-06-19,1251.0455,1260.4137,1261.4876,1244.7733,1761169
2015-06-22,1248.2937,1251.9127,1252.0294,1231.9150,1658439
2015-06-23,1243.9948,1244.4739,1248.6665,1241.1630,782445
2015-06-24,1226.7868,1244.1712,1248.6552,1214.9825,1666694
2015-06-25,1210.1687,1223.4308,1230.4899,1195.7081,952132
2015-06-26,1195.6803,1209.1716,1215.3117,1195.4212,1086377
2015-06-29,1212.2219,1202.6302,1212.9273,1187.9954,1840813
2015-06-30,1214.0592,1209.4564,1217.4492,1198.0973,2183180
2015-07-01,1203.8386,1219.9527,1223.9354,1191.4480,1708506
2015-07-02,1200.3049,1203.7114,1213.3732,1200.0862,1162098
2015-07-03,1200.2563,1203.6764,1210.1580,1200.1002,1572176
2015-07-06,1211.9068,1202.4988,1218.8323,1189.3659,1174338
2015-07-07,1211.4139,1218.1382,1219.9178,1209.7201,1713633
2015-07-08,1214.9301,1210.0520,1225.3751,1206.9799,1300447
2015-07-09,1194.7796,1214.6447,1218.0255,1188.7607,2116023
2015-07-10,1220.8537,1194.1870,1225.7218,1190.8533,1071749
2015-07-13,1226.8314,1220.4641,1242.5389,1212.3092,901960
2015-07-14,1191.0754,1225.9010,1229.6134,1185.2714,1361081
2015-07-15,1187.2257,1192.6630,1194.2603,1175.9183,1164210
2015-07-16,1200.6321,1189.5378,1202.5626,1187.2571,1386425
2015-07-17,1235.1454,1198.5309,1238.9170,1183.3494,1767697
2015-07-20,1229.3564,1224.6935,1240.2986,1216.1010,1035099
2015-07-21,1211.3148,1230.7379,1240.9414,1209.1510,1403364
2015-07-22,1225.5069,1219.3023,1236.2508,1207.6860,949594
2015-07-23,1252.3091,1223.2268,1265.5544,1208.0705,1293196
2015-07-24,1230.5711,1258.6704,1261.1685,1216.7907,2044366
2015-07-27,1239.3855,1234.2896,1239.7195,1231.9820,1401356
2015-07-28,1221.5741,1236.1716,1247.3542,1221.3024,1055975
2015-07-29,1191.5633,1226.0303,1231.8933,1186.2247,1896199
2015-07-30,1164.5232,1190.3099,1199.9206,1152.7993,1243332
2015-07-31,1152.1855,1162.3762,1162.9370,1149.8948,874408
2015-08-03,1166.8176,1149.1620,1182.2125,1148.0226,1173858
2015-08-04,1171.0147,1173.8683,1185.9876,1169.8289,1661785
2015-08-05,1170.9290,1178.7768,1184.2502,1167.7825,1867275
2015-08-06,1176.4755,1172.1926,1185.7044,1169.2851,1201381
2015-08-07,1173.2932,1160.3191,1173.2961,1158.5476,1175008
2015-08-10,1177.0618,1173.4454,1188.3671,1172.2881,1333995
2015-08-11,1156.9403,1177.2145,1178.3020,1146.5837,1413584
2015-08-12,1175.1061,1162.5643,1177.9578,1158.0402,1092121
2015-08-13,1167.1070,1176.6722,1181.3027,1145.5742,1009631
2015-08-14,1156.4482,1163.8501,1174.1419,1145.2594,870385
2015-08-17,1145.7347,1158.9287,1160.2102,1144.2759,1281640
2015-08-18,1154.9341,1142.6920,1167.0100,1134.8432,1172828
2015-08-19,1156.0065,1158.6218,1166.4108,1152.7134,1608654
2015-08-20,1155.5516,1152.3264,1158.4446,1147.5401,1473428
2015-08-21,1169.9652,1157.9525,1176.7587,1147.3983,1606670
2015-08-24,1184.1915,1172.1190,1190.4549,1165.4685,1383654
2015-08-25,1195.8756,1179.8958,1201.7222,1172.4155,1396851
2015-08-26,1198.2323,1193.6436,1200.0194,1191.4808,1575189
2015-08-27,1208.6825,1198.1400,1214.8972,1192.1990,1579861
2015-08-28,1212.6382,1210.9273,1220.7544,1199.0536,1533086
2015-08-31,1212.8371,1207.6092,1213.6770,1205.8312,1348978
2015-09-01,1230.0739,1211.7902,1232.0079,1211.5834,1521339
2015-09-02,1247.1423,1232.9508,1251.7862,1232.7969,1272594
2015-09-03,1221.4528,1239.2031,1247.0056,1219.1843,2088149
2015-09-04,1212.1174,1228.8633,1231.5292,1188.9162,1004573
2015-09-07,1210.9256,1213.7343,1215.5090,1208.8618,1249792
2015-09-08,1203.9990,1213.8618,1217.8025,1198.8497,1449332
2015-09-09,1196.0350,1205.2096,1206.3549,1190.8666,966962
2015-09-10,1179.1816,1200.2145,1204.2882,1174.1699,1035453
2015-09-11,1194.3807,1183.1704,1203.7354,1179.2589,1420435
2015-09-14,1199.0613,1191.7094,1204.8007,1186.5110,696836
2015-09-15,1191.9145,1200.5693,1212.8769,1189.2998,617427
2015-09-16,1208.5035,1190.8001,1228.6306,1187.4999,938426
2015-09-17,1196.2464,1207.0649,1211.8443,1196.1962,984952
2015-09-18,1186.7024,1191.5984,1200.0365,1178.1689,1395828
2015-09-21,1164.8989,1187.9561,1195.8864,1164.7431,2362332
2015-09-22,1168.6061,1171.5287,1172.5652,1161.1612,839835
2015-09-23,1168.7312,1171.5659,1174.3740,1167.6183,1517322
2015-09-24,1172.3002,1172.0804,1173.5306,1171.2328,2259632
2015-09-25,1152.7402,1165.3902,1168.7004,1151.6394,1754398
2015-09-28,1181.5879,1157.4939,1187.2976,1152.9660,1158759
2015-09-29,1188.7663,1185.8185,1196.5613,1179.6726,1350497
2015-09-30,1183.4434,1186.7325,1190.3090,1175.1621,1771318
2015-10-01,1199.5647,1184.7077,1207.4097,1169.4626,1046456
2015-10-02,1210.1654,1199.0431,1219.0973,1188.9303,1995429
2015-10-05,1215.0564,1213.2117,1221.0612,1207.4647,1090902
2015-10-06,1219.9868,1212.0206,1221.9100,1205.1778,1015197
2015-10-07,1229.3878,1224.5131,1230.4770,1218.9810,905615
2015-10-08,1242.1994,1224.4040,1252.7424,1219.5297,1151470
2015-10-09,1234.5318,1240.1291,1240.6609,1227.5780,1461775
2015-10-12,1218.3786,1234.6216,1247.4888,1204.8259,915402
2015-10-13,1226.8689,1212.6783,1237.9057,1207.0331,1629332
2015-10-14,1239.9476,1227.8672,1250.0484,1219.1595,1164162
2015-10-15,1239.2878,1240.0275,1243.6558,1234.0285,658338
2015-10-16,1238.3998,1240.8104,1246.7669,1223.5931,1251963
2015-10-19,1230.5961,1240.4574,1246.8165,1228.1447,1305440
2015-10-20,1221.5000,1233.7036,1237.5998,1218.3507,1929776
2015-10-21,1214.9961,1215.7214,1230.1180,1212.5071,1059968
2015-10-22,1247.6860,1220.7010,1248.5762,1216.3241,1007851
2015-10-23,1234.7776,1246.1293,1252.6899,1233.1701,1276556
2015-10-26,1237.4621,1236.8143,1247.2299,1230.6190,1354104
2015-10-27,1231.9893,1235.2582,1237.9359,1231.2202,1200954
2015-10-28,1248.6790,1234.9543,1250.9298,1234.9470,893267
2015-10-29,1254.5851,1248.0945,1261.5671,1246.6311,1212944
2015-10-30,1254.9212,1251.9393,1263.1003,1250.8257,1242865
2015-11-02,1255.9103,1251.6928,1257.3297,1247.1994,1062338
2015-11-03,1276.2711,1257.6661,1277.6783,1252.0200,1006242
2015-11-04,1251.4539,1274.9935,1276.0099,1243.1594,1273931
2015-11-05,1231.5536,1243.0413,1243.8613,1228.2433,773017
2015-11-06,1266.6554,1229.8764,1273.6666,1228.3856,564483
2015-11-09,1271.1613,1262.0524,1273.7360,1257.2819,1750832
2015-11-10,1285.9470,1271.7170,1303.6648,1247.3038,1195985
2015-11-11,1307.7309,1282.8645,1313.8998,1273.2780,1084529
2015-11-12,1321.5936,1309.2364,1333.1910,1307.1570,1217720
2015-11-13,1308.7071,1320.1938,1332.8050,1304.2944,1397808
2015-11-16,1313.4958,1314.4175,1320.8921,1299.4852,1326326
2015-11-17,1344.1359,1312.0913,1366.4614,1297.2721,981528
2015-11-18,1332.9549,1336.8632,1346.1457,1318.0914,1355355
2015-11-19,1330.8849,1330.9494,1343.8305,1321.4663,1499480
2015-11-20,1321.3842,1324.5489,1330.8283,1318.2711,1344149
2015-11-23,1337.9070,1327.0183,1343.5311,1314.7845,1003402
2015-11-24,1332.4804,1335.9347,1343.0174,1322.2916,1675822
2015-11-25,1323.9874,1331.2935,1333.3656,1323.6593,1253601
2015-11-26,1310.9290,1317.0118,1333.2533,1310.5655,1527660
2015-11-27,1308.8725,1306.4443,1314.0363,1300.6125,2224274
2015-11-30,1319.2135,1312.5284,1322.7338,1309.1282,1170239
2015-12-01,1309.1239,1321.0669,1321.5973,1306.0195,814109
2015-12-02,1326.6158,1315.7855,1332.8621,1304.3137,992073
2015-12-03,1315.0570,1323.2227,1335.5461,1308.4078,1257571
2015-12-04,1290.6528,1316.7213,1316.7380,1282.9637,906013
2015-12-07,1279.6541,1289.3081,1295.2972,1273.7125,1145457
2015-12-08,1301.9985,1276.9972,1317.8936,1273.7708,1192500
2015-12-09,1328.3725,1306.5147,1333.1386,1290.4162,1205252
2015-12-10,1325.3804,1333.7380,1334.4309,1320.9802,1294753
2015-12-11,1316.2476,1330.1596,1332.9349,1311.1751,1107213
2015-12-14,1303.5443,1325.4622,1348.7256,1297.6998,1682876
2015-12-15,1318.6156,1310.6895,1331.2155,1307.7567,1283360
2015-12-16,1335.8869,1321.1486,1346.0979,1308.0412,947943
2015-12-17,1314.1450,1340.4281,1341.8089,1304.6004,742543
2015-12-18,1318.0056,1318.4428,1327.7552,1303.3003,884820
2015-12-21,1307.6822,1317.5679,1318.2242,1302.1612,1137172
2015-12-22,1321.4031,1302.7297,1324.1959,1292.5502,1531603
2015-12-23,1326.7050,1323.5219,1328.6763,1320.0922,1201364
2015-12-24,1295.8654,1317.4079,1327.7413,1293.4956,1781972
2015-12-25,1290.9350,1295.0979,1305.7668,1287.5391,1552341
2015-12-28,1273.1016,1292.8861,1295.7448,1271.2679,898127
2015-12-29,1249.5602,1268.4544,1280.8431,1231.0095,1566187
2015-12-30,1236.0231,1256.9054,1270.1958,1217.9339,2080850
2015-12-31,1248.3152,1231.7572,1249.3522,1222.0111,1057709
2016-01-01,1239.8456,1248.3830,1252.7123,1238.9542,1778022
2016-01-04,1249.5428,1243.4466,1249.8467,1240.8359,1267800
2016-01-05,1254.6589,1252.7666,1257.1815,1252.4692,1230424
2016-01-06,1226.4393,1251.9279,1256.6814,1221.9018,933632
2016-01-07,1217.5667,1235.1410,1244.3030,1215.2684,1408220
2016-01-08,1236.1329,1222.5537,1236.3794,1213.3454,883319
2016-01-11,1261.1143,1237.0087,1269.2843,1236.7542,1411444
2016-01-12,1293.0191,1264.4927,1300.6376,1257.3529,1410763
2016-01-13,1270.4157,1288.8553,1302.9417,1266.7890,1250983
2016-01-14,1289.2552,1270.9925,1290.3625,1253.3578,1238249
2016-01-15,1282.9314,1284.9196,1295.3306,1279.1209,1928753
2016-01-18,1303.4691,1292.0594,1305.6596,1282.4169,978580
2016-01-19,1308.6421,1305.5105,1314.9426,1300.7105,2111160
2016-01-20,1314.8888,1313.8631,1317.3494,1300.4592,1457435
2016-01-21,1289.9792,1316.1205,1333.2285,1271.2568,659119
2016-01-22,1295.7320,1289.9357,1304.7606,1285.3265,1494661
2016-01-25,1271.2116,1295.3674,1309.8819,1257.7793,1089262
2016-01-26,1282.0589,1281.1829,1290.1131,1277.0352,751044
2016-01-27,1254.0541,1280.3353,1291.7483,1250.8780,856956
2016-01-28,1227.5359,1257.0858,1258.7819,1222.6017,1349796
2016-01-29,1219.6515,1221.5389,1223.4484,1218.9663,2092951
2016-02-01,1255.9785,1228.3919,1262.6448,1220.7274,1334146
2016-02-02,1218.5306,1258.5843,1265.8499,1198.0457,945153
2016-02-03,1199.2445,1213.9020,1220.1002,1198.4801,1283080
2016-02-04,1202.4879,1189.9827,1202.5465,1181.9336,1418318
2016-02-05,1178.5308,1207.1363,1225.5289,1166.8565,1065505
2016-02-08,1149.3938,1160.8749,1173.7546,1145.6508,1888125
2016-02-09,1130.2269,1132.4188,1148.8101,1111.9744,1215384
2016-02-10,1132.8946,1125.4541,1147.1370,1121.2566,852238
2016-02-11,1133.4539,1133.3535,1151.6651,1129.3904,1136239
2016-02-12,1110.5016,1132.9667,1133.3295,1108.2865,1548088
2016-02-15,1080.5227,1115.4568,1118.9499,1072.9388,958444
2016-02-16,1077.7556,1091.0645,1118.8760,1069.1515,1879218
2016-02-17,1097.0123,1079.1752,1108.1384,1070.7321,766727
2016-02-18,1087.2880,1099.9200,1108.0210,1080.9719,924667
2016-02-19,1095.3353,1090.8870,1097.4130,1086.1644,1357174
2016-02-22,1112.9979,1095.3953,1123.0851,1083.5197,1075423
2016-02-23,1112.8031,1118.2297,1137.8011,1082.1539,1090595
2016-02-24,1114.9955,1110.6614,1127.9484,1108.8732,981632
2016-02-25,1142.9303,1118.8522,1167.2739,1113.5193,1438029
2016-02-26,1130.6567,1138.6887,1141.6308,1130.3737,1248433
2016-02-29,1129.5878,1124.9259,1136.1442,1124.0825,1119377
2016-03-01,1142.2565,1130.5188,1144.4811,1124.3725,868346
2016-03-02,1148.9102,1144.4126,1154.7988,1142.8667,565033
2016-03-03,1143.0926,1149.2589,1169.8770,1138.5883,1070203
2016-03-04,1140.8016,1144.2748,1148.4210,1140.0880,1177022
2016-03-07,1154.2438,1142.8147,1173.2698,1142.6307,1061257
2016-03-08,1167.6468,1149.6558,1175.6701,1141.1269,906139
2016-03-09,1162.2728,1171.0339,1173.8073,1146.0154,1215079
2016-03-10,1160.5760,1166.7843,1167.7745,1146.8230,1632335
2016-03-11,1173.9764,1165.9878,1183.2106,1153.2762,970620
2016-03-14,1196.2812,1167.5786,1197.6605,1166.5650,990419
2016-03-15,1153.1828,1191.9735,1210.9445,1152.4488,1286279
2016-03-16,1144.5211,1145.7171,1149.6175,1143.5842,1631149
2016-03-17,1145.5684,1140.2344,1154.5862,1134.6636,1502568
2016-03-18,1129.1076,1145.0283,1150.3090,1125.3055,995190
2016-03-21,1107.3163,1132.7120,1138.1218,1100.1862,1754627
2016-03-22,1106.3719,1105.4796,1111.5236,1104.7387,1057028
2016-03-23,1110.7142,1108.3259,1111.6061,1098.2147,1441251
2016-03-24,1110.9274,1108.6624,1128.0956,1102.3026,1200543
2016-03-25,1112.3708,1107.5305,1123.1182,1103.8558,1612932
2016-03-28,1097.8298,1109.2275,1121.2995,1097.5520,907425
2016-03-29,1089.6362,1095.3058,1100.8681,1083.1103,2051902
2016-03-30,1071.0472,1081.4427,1083.2948,1063.0605,1074871
2016-03-31,1090.1972,1071.8447,1099.6018,1069.4848,1326219
2016-04-01,1086.1356,1088.6548,1098.5344,1071.4756,1153318
2016-04-04,1100.1405,1090.0078,1115.3452,1088.4181,1055530
2016-04-05,1086.5094,1101.2775,1108.6321,1084.8222,1515387
2016-04-06,1064.3716,1089.9768,1091.7589,1052.6880,1282089
2016-04-07,1074.5109,1068.6995,1078.7488,1066.3890,1776751
2016-04-08,1099.8225,1079.7960,1109.2042,1073.0199,852583
2016-04-11,1095.9766,1099.2094,1104.9054,1093.1557,1914987
2016-04-12,1105.4883,1093.2980,1108.8826,1093.2854,908392
2016-04-13,1112.3529,1107.9055,1119.1014,1107.5428,1196711
2016-04-14,1120.3029,1113.9498,1126.0147,1098.3939,1064142
2016-04-15,1088.9250,1128.4146,1136.2170,1082.4910,2316996
2016-04-18,1101.0457,1084.8536,1110.2689,1074.5540,1682193
2016-04-19,1094.3704,1104.9760,1127.0320,1091.4605,2099938
2016-04-20,1076.1579,1089.9736,1090.7257,1067.5377,1492047
2016-04-21,1069.3614,1066.8507,1074.2531,1058.5823,1394102
2016-04-22,1062.1751,1068.4250,1075.1567,1059.7603,1452000
2016-04-25,1066.4745,1067.4839,1074.2080,1063.1133,1540581
2016-04-26,1061.4630,1068.4931,1080.2497,1051.6936,959440
2016-04-27,1061.8178,1063.5000,1065.7169,1058.3310,1567140
2016-04-28,1059.7019,1066.7293,1070.6072,1054.7607,938966
2016-04-29,1049.8491,1060.1117,1061.6452,1047.0618,743910
2016-05-02,1038.1255,1046.9656,1047.5598,1033.3143,1378832
2016-05-03,1029.6794,1035.3118,1039.2576,1027.6300,1291747
2016-05-04,1040.2511,1029.5502,1049.1393,1027.1683,990687
2016-05-05,1055.5835,1036.9013,1061.4633,1028.4352,1331722
2016-05-06,1045.2085,1059.1449,1060.0057,1035.6048,1007180
2016-05-09,1052.4844,1050.6351,1054.2469,1050.1733,1346169
2016-05-10,1039.2554,1052.1408,1059.9067,1026.3731,980046
2016-05-11,1035.3039,1043.1921,1051.7975,1030.7660,1160359
2016-05-12,1031.8032,1041.6575,1043.1560,1026.4138,972641
2016-05-13,1021.0815,1030.6996,1032.6803,1011.6679,724635
2016-05-16,1007.8015,1017.3016,1020.1120,1001.8185,1510212
2016-05-17,1011.3311,1009.2620,1026.1447,1002.3665,869376
2016-05-18,1013.2695,1011.2530,1014.6865,1006.2791,823563
2016-05-19,1005.7655,1012.4776,1015.2317,999.6561,1799852
2016-05-20,1024.4048,1007.0213,1027.3459,1006.6998,1118120
2016-05-23,1021.7634,1024.4666,1025.5148,1009.4169,1133470
2016-05-24,1004.3397,1023.8551,1025.9772,1000.9467,1778347
2016-05-25,1008.9335,1004.0646,1020.2744,995.7983,1082492
2016-05-26,1017.6277,1007.0537,1019.0177,1003.6910,1147452
2016-05-27,1016.5327,1018.6032,1020.1833,1015.0681,786039
2016-05-30,1033.8591,1021.6842,1043.0154,1020.8789,1262042
2016-05-31,1044.6428,1035.7256,1056.7014,1033.4323,916711
2016-06-01,1037.1964,1044.4043,1055.6022,1033.7134,1223521
2016-06-02,1040.8643,1041.6267,1046.2611,1039.6786,1101241
2016-06-03,1049.6319,1041.0085,1050.3661,1040.6043,1647692
2016-06-06,1060.2327,1050.5126,1061.0612,1042.5635,870805
2016-06-07,1066.8598,1055.1062,1069.4451,1052.1816,906124
2016-06-08,1066.6084,1067.9568,1069.9043,1061.4888,870720
2016-06-09,1061.9313,1071.2001,1071.3372,1054.1911,696616
2016-06-10,1064.5515,1063.9060,1065.3662,1062.3831,839953
2016-06-13,1075.7134,1058.5053,1077.2937,1053.6894,1651040
2016-06-14,1080.8133,1076.5241,1084.8493,1067.6785,1380258
2016-06-15,1081.6179,1084.2939,1086.6323,1081.1495,1337238
2016-06-16,1100.4334,1083.0443,1104.9803,1082.6968,2129625
2016-06-17,1105.1092,1101.4424,1108.1406,1099.4264,872326
2016-06-20,1102.4630,1105.5079,1110.6418,1101.7420,1130431
2016-06-21,1084.0352,1100.7794,1101.7281,1074.1930,1550797
2016-06-22,1087.2092,1087.4078,1094.0239,1083.0371,1060018
2016-06-23,1074.5982,1088.7751,1089.1324,1072.7996,1988815
2016-06-24,1076.7769,1072.4830,1080.7364,1069.1962,543890
2016-06-27,1085.3348,1074.0373,1088.4179,1073.0983,2498732
2016-06-28,1074.9338,1086.9297,1088.0987,1074.6206,1933811
2016-06-29,1076.4757,1072.3211,1082.2314,1067.6375,1234327
2016-06-30,1071.8143,1070.8461,1084.2037,1068.7142,1989511
2016-07-01,1073.4476,1072.9426,1074.3000,1061.2215,1400796
2016-07-04,1072.4187,1076.2022,1078.4634,1066.9710,1121561
2016-07-05,1079.0601,1070.6644,1082.3658,1070.0963,999829
2016-07-06,1066.9091,1071.7976,1073.3522,1063.5915,469745
2016-07-07,1062.0817,1060.6655,1067.4402,1059.5634,1026684
2016-07-08,1047.9929,1063.5874,1066.4646,1043.2537,1251446
2016-07-11,1049.8915,1045.7813,1051.4557,1041.0531,1461314
2016-07-12,1050.5616,1051.6594,1056.5964,1044.5183,1484884
2016-07-13,1042.3385,1050.0929,1053.0534,1036.5255,997854
2016-07-14,1036.1048,1041.4863,1045.4155,1031.3189,2269301
2016-07-15,1043.6058,1039.4012,1047.3686,1037.7341,1014120
2016-07-18,1052.6346,1040.7340,1054.2884,1037.2519,972409
2016-07-19,1048.5877,1053.1296,1053.2530,1047.7212,1750028
2016-07-20,1048.0382,1045.5801,1051.4020,1043.5274,1894952
2016-07-21,1046.5430,1049.5291,1051.8823,1046.4840,1620993
2016-07-22,1049.2221,1045.4526,1050.1310,1045.3671,1109572
2016-07-25,1048.7107,1047.8627,1053.1109,1045.2158,1031183
2016-07-26,1044.1886,1049.5220,1053.3121,1041.1287,583423
2016-07-27,1035.3234,1042.8260,1046.3615,1031.3629,806139
2016-07-28,1033.3471,1033.8598,1035.4165,1030.2049,1543197
2016-07-29,1042.3547,1034.6101,1046.3697,1034.3538,1011792
2016-08-01,1046.8260,1040.7610,1050.7973,1036.2807,1049574
2016-08-02,1047.9993,1046.0047,1053.4914,1044.4123,1233337
2016-08-03,1049.4820,1046.2890,1051.8020,1042.3591,1932501
2016-08-04,1054.0677,1047.6255,1054.8541,1046.9142,907834
2016-08-05,1057.8017,1052.9452,1058.5433,1051.6090,1487833
2016-08-08,1060.4696,1059.2652,1061.4625,1052.2886,1086932
2016-08-09,1064.1775,1061.2679,1069.6938,1053.6977,1183087
2016-08-10,1067.3235,1065.9074,1069.3647,1063.3957,1446373
2016-08-11,1056.5443,1066.7760,1069.4698,1055.5749,1270769
2016-08-12,1068.0472,1058.7348,1070.4586,1058.0713,613937
2016-08-15,1067.7339,1068.7470,1074.7813,1061.9289,1333405
2016-08-16,1070.3208,1070.7618,1070.8917,1066.6831,1052226
2016-08-17,1078.4671,1070.8026,1081.5732,1067.3254,2294075
2016-08-18,1073.7560,1075.5432,1075.6948,1069.3036,2073441
2016-08-19,1076.2889,1076.4555,1080.0866,1076.1036,1137521
2016-08-22,1070.6391,1076.8324,1083.3630,1067.6576,1402354
2016-08-23,1063.5626,1071.1156,1071.4468,1063.4278,1084196
2016-08-24,1062.0403,1065.2950,1076.1763,1057.2356,875678
2016-08-25,1065.6331,1056.9592,1066.7167,1056.5796,856718
2016-08-26,1050.3029,1062.7351,1073.2236,1043.8601,968887
2016-08-29,1040.4285,1054.7067,1058.0268,1037.1337,902696
2016-08-30,1031.1963,1039.3657,1039.6040,1024.9696,1571155
2016-08-31,1041.3027,1032.2191,1049.9941,1022.4764,1155330
2016-09-01,1034.9064,1038.0313,1041.2478,1034.4094,1292316
2016-09-02,1039.5701,1029.1934,1048.1755,1024.1604,1822898
2016-09-05,1050.8978,1042.6302,1058.9352,1035.9275,1453117
2016-09-06,1068.6611,1048.3303,1073.6949,1042.1285,1646866
2016-09-07,1070.8028,1070.4920,1071.6274,1066.8790,2014122
2016-09-08,1063.5764,1068.8009,1072.0461,1063.1814,1198799
2016-09-09,1062.8421,1060.0256,1069.8524,1058.3246,1105858
2016-09-12,1075.4793,1062.2007,1084.3712,1056.4535,1900849
2016-09-13,1087.9918,1074.6798,1088.2799,1073.3870,1293318
2016-09-14,1078.1420,1084.0714,1084.9959,1076.0044,1154013
2016-09-15,1064.4639,1075.6562,1075.7195,1057.6614,842561
2016-09-16,1065.9515,1064.1565,1070.9557,1053.5045,1316111
2016-09-19,1064.3869,1068.3242,1070.5040,1051.0313,1571382
2016-09-20,1068.0250,1061.3429,1071.3217,1060.5562,1125599
2016-09-21,1088.1715,1063.1690,1096.8311,1062.5756,928076
2016-09-22,1102.0536,1087.4228,1114.0746,1086.5230,1407663
2016-09-23,1106.8291,1102.4519,1111.8129,1091.6762,823909
2016-09-26,1113.4682,1105.5183,1113.9884,1095.2950,1250186
2016-09-27,1116.1817,1114.0776,1127.1582,1110.4549,865256
2016-09-28,1138.9962,1115.0290,1146.6874,1114.3099,1308752
2016-09-29,1139.5005,1139.4565,1143.4892,1125.3338,674899
2016-09-30,1152.9794,1135.9982,1156.7832,1130.7952,932870
2016-10-03,1183.3960,1152.1049,1186.9582,1144.8916,1315882
2016-10-04,1202.4780,1180.6853,1205.0695,1169.8366,1339772
2016-10-05,1217.9767,1211.7162,1220.5471,1202.4776,1131820
2016-10-06,1212.2179,1219.7586,1242.7137,1212.1166,1021616
2016-10-07,1208.8279,1216.5391,1220.1123,1208.0162,1024452
2016-10-10,1215.9176,1214.6359,1225.0870,1211.7955,820447
2016-10-11,1203.9119,1210.8792,1212.3654,1203.4674,1457319
2016-10-12,1202.0122,1198.9765,1211.7306,1193.5686,2691120
2016-10-13,1202.2583,1206.8718,1220.6535,1191.4998,1612723
2016-10-14,1204.6013,1207.6246,1208.5401,1198.3332,1458425
2016-10-17,1194.3505,1200.2073,1203.4205,1190.8418,1347729
2016-10-18,1189.3282,1200.6662,1210.4465,1184.6426,916131
2016-10-19,1201.5459,1190.0784,1206.3531,1185.2366,1056161
2016-10-20,1201.2361,1199.1051,1206.0786,1197.3834,1342444
2016-10-21,1212.4615,1199.8769,1216.9207,1194.8646,2208329
2016-10-24,1218.2354,1217.4466,1223.7599,1215.1903,1028987
2016-10-25,1223.7061,1220.4195,1232.0492,1208.5552,1520107
2016-10-26,1217.0257,1224.2324,1226.9421,1214.4878,798590
2016-10-27,1223.2963,1215.2634,1232.7068,1212.9581,582088
2016-10-28,1225.5031,1221.5574,1225.8064,1221.2910,843100
2016-10-31,1218.3815,1227.1723,1232.5098,1217.1488,1045084
2016-11-01,1218.8692,1222.6568,1228.5761,1218.2656,1170422
2016-11-02,1225.7208,1221.6505,1225.7605,1220.9941,1240476
2016-11-03,1222.9638,1225.9587,1231.6913,1208.7815,1123881
2016-11-04,1233.1810,1222.3164,1235.6089,1216.2294,1948189
2016-11-07,1225.2047,1232.8877,1237.3978,1221.9556,1075461
2016-11-08,1234.2089,1229.1429,1240.2654,1221.7837,1173083
2016-11-09,1225.5314,1237.3167,1238.4284,1223.3000,581893
2016-11-10,1223.4053,1229.9510,1230.7039,1214.1772,679735
2016-11-11,1220.6988,1224.6527,1224.9001,1216.3549,1743027
2016-11-14,1220.9537,1217.8071,1223.7788,1217.3468,1062173
2016-11-15,1228.9144,1220.2953,1231.2193,1219.9001,827598
2016-11-16,1233.8926,1229.3278,1234.0398,1222.0095,647963
2016-11-17,1238.6787,1240.1954,1245.9602,1229.9088,1487989
2016-11-18,1238.3444,1240.1137,1240.3387,1237.4833,1008023
2016-11-21,1246.2466,1241.1467,1246.8109,1233.2480,1720719
2016-11-22,1236.6620,1245.0825,1251.4665,1234.2038,624150
2016-11-23,1229.2385,1232.5069,1238.7888,1228.4952,2514190
2016-11-24,1236.4427,1236.7414,1240.8174,1231.9292,1107458
2016-11-25,1241.8474,1232.7404,1242.7080,1230.4194,1420281
2016-11-28,1254.0537,1239.8449,1254.4772,1238.6787,1006988
2016-11-29,1265.1075,1255.9743,1268.0658,1252.8032,1014071
2016-11-30,1258.7652,1261.7195,1265.1509,1255.6631,1605415
2016-12-01,1254.2937,1256.9532,1257.4041,1250.8674,1118864
2016-12-02,1238.2365,1251.7943,1258.1324,1232.5724,946213
2016-12-05,1242.0488,1242.5496,1245.2563,1234.6864,1014627
2016-12-06,1223.8408,1239.9014,1241.6931,1221.2672,1513831
2016-12-07,1226.9876,1225.7557,1234.2274,1219.5000,1336235
2016-12-08,1227.5138,1228.5749,1239.0952,1224.7896,1773426
2016-12-09,1228.5782,1230.1616,1241.5425,1222.0631,1182051
2016-12-12,1218.7996,1228.2891,1229.0457,1217.5737,1245479
2016-12-13,1223.1738,1217.6555,1223.5476,1208.8888,1005766
2016-12-14,1209.2677,1220.7447,1222.0479,1204.2070,833475
2016-12-15,1202.1612,1203.5457,1220.9416,1198.8773,1278521
2016-12-16,1209.3545,1201.0449,1217.7105,1200.2498,1679655
2016-12-19,1208.4914,1206.3522,1215.5653,1205.1883,976467
2016-12-20,1199.2334,1209.1982,1210.5681,1198.5113,984251
2016-12-21,1186.5584,1197.0986,1199.1460,1184.2751,1124800
2016-12-22,1199.2802,1187.0619,1200.9964,1185.2744,1513702
2016-12-23,1204.9356,1200.8758,1205.5492,1189.3442,1160123
2016-12-26,1209.8617,1203.8791,1219.6070,1195.5306,1194539
2016-12-27,1217.3158,1212.3101,1217.8895,1208.4427,1420037
2016-12-28,1234.4911,1217.7881,1236.5200,1209.7361,2214608
2016-12-29,1244.4146,1241.2521,1245.4138,1231.3318,1173569
2016-12-30,1235.9654,1252.2716,1262.0198,1230.5331,1438217
2017-01-02,1230.0371,1230.3663,1232.6448,1220.8204,1591556
2017-01-03,1237.8303,1226.0996,1239.2276,1222.0445,731544
2017-01-04,1236.1771,1236.8766,1237.5079,1232.7531,1111944
2017-01-05,1230.2114,1238.7898,1239.8669,1227.4122,1170218
2017-01-06,1247.8229,1232.7417,1249.7277,1231.3780,485145
2017-01-09,1254.1387,1246.7964,1261.1507,1238.2583,676110
2017-01-10,1253.2769,1258.4221,1264.6891,1250.3866,1095514
2017-01-11,1236.7776,1250.2935,1253.3144,1231.0569,1332773
2017-01-12,1234.8425,1241.1198,1243.2730,1232.8389,1245678
2017-01-13,1254.5996,1236.3129,1259.0966,1235.1975,1782779
2017-01-16,1237.1769,1251.9628,1256.6749,1235.9326,1250459
2017-01-17,1236.7629,1240.5791,1241.2746,1233.9384,1480785
2017-01-18,1241.7242,1240.2052,1243.6563,1223.7270,1745930
2017-01-19,1236.1901,1236.5322,1253.6250,1234.1011,745757
2017-01-20,1235.6007,1241.4611,1242.4448,1234.6092,1489959
2017-01-23,1236.8931,1238.0596,1245.0825,1231.3508,1453295
2017-01-24,1242.1690,1235.0548,1246.1456,1232.4827,1837037
2017-01-25,1227.5429,1238.8943,1242.3214,1226.0300,1031491
2017-01-26,1249.1030,1227.1314,1255.5345,1225.5207,1244167
2017-01-27,1245.4803,1245.8124,1249.2791,1239.1347,1691563
2017-01-30,1240.0640,1241.6259,1243.9422,1218.7051,709977
2017-01-31,1268.9675,1241.0061,1272.9484,1233.8431,1273733
2017-02-01,1268.5721,1263.1734,1275.8123,1262.4409,790286
2017-02-02,1240.4043,1271.4388,1272.7440,1230.5983,1434188
2017-02-03,1235.5469,1238.8972,1242.5855,1212.1770,1244439
2017-02-06,1225.3588,1235.4970,1239.4457,1220.3149,1043231
2017-02-07,1214.7366,1222.1056,1224.9491,1213.3388,1077647
2017-02-08,1204.1772,1213.9845,1223.7818,1203.4651,1130149
2017-02-09,1204.7202,1205.2980,1217.4305,1203.3375,2031460
2017-02-10,1221.1736,1206.5854,1226.1960,1195.6546,994876
2017-02-13,1213.5767,1226.3892,1232.5446,1205.1468,1144614
2017-02-14,1217.5687,1212.8381,1218.2186,1210.5842,1323685
2017-02-15,1214.4905,1215.0015,1219.7172,1206.9030,1142153
2017-02-16,1219.1337,1210.5492,1223.4044,1204.0798,1647432
2017-02-17,1230.6292,1222.5704,1235.9026,1216.2992,913468
2017-02-20,1241.8681,1238.5749,1245.9399,1230.1727,1658020
2017-02-21,1228.0226,1245.8993,1249.7415,1224.8454,989490
2017-02-22,1258.1565,1232.8166,1265.7426,1225.5480,1115279
2017-02-23,1229.4054,1264.0326,1267.7788,1219.2811,998205
2017-02-24,1226.9778,1234.9751,1245.6965,1221.5566,1135053
2017-02-27,1221.0343,1223.5712,1233.9079,1220.9523,1042985
2017-02-28,1212.7399,1235.2963,1237.2823,1208.1777,921730
2017-03-01,1206.8665,1212.6780,1224.9679,1203.1659,889973
2017-03-02,1220.1515,1203.8761,1229.1628,1199.1525,1772132
2017-03-03,1230.3272,1224.1083,1232.2557,1212.8804,1296645
2017-03-06,1225.2786,1232.0640,1239.9457,1218.5134,900429
2017-03-07,1220.7515,1226.9278,1239.8653,1208.6725,1472482
2017-03-08,1205.4756,1222.6949,1223.7111,1203.5487,971325
2017-03-09,1186.6538,1211.5220,1216.6318,1172.8957,761428
2017-03-10,1188.6824,1181.6896,1194.3455,1176.3947,935966
2017-03-13,1171.8943,1183.1569,1190.6264,1169.3213,1083885
2017-03-14,1154.2653,1162.7824,1171.5076,1150.4293,1192028
2017-03-15,1141.8471,1151.2932,1152.3208,1131.1732,1163417
2017-03-16,1138.6183,1135.3099,1151.1125,1130.9745,1651159
2017-03-17,1139.6237,1132.4723,1143.1874,1124.7381,1026289
2017-03-20,1133.9288,1138.3344,1146.4497,1120.0016,1498734
2017-03-21,1127.4160,1133.9217,1136.1649,1121.8647,1514074
2017-03-22,1124.5887,1132.5982,1145.6343,1120.3737,1108438
2017-03-23,1134.5660,1122.9102,1148.3150,1121.1858,682630
2017-03-24,1129.6960,1137.5042,1137.8859,1125.1112,1301070
2017-03-27,1131.0135,1129.1742,1134.9818,1126.0162,2156625
2017-03-28,1113.4718,1122.0075,1126.0149,1109.3540,1229287
2017-03-29,1099.8677,1115.8090,1117.8578,1096.5400,1150305
2017-03-30,1100.0124,1098.2538,1109.8795,1084.2396,1891676
2017-03-31,1090.7417,1100.5354,1103.9126,1090.3339,1674842
2017-04-03,1096.6473,1087.9876,1102.8205,1086.7160,1434591
2017-04-04,1101.3533,1096.0872,1105.5449,1090.4555,996645
2017-04-05,1096.8683,1099.0133,1099.9298,1091.4458,1464631
2017-04-06,1100.8690,1096.2242,1109.8739,1088.3178,1059539
2017-04-07,1095.7178,1097.8824,1100.3477,1090.2726,1774654
