Date,Price,Open,High,Low,Vol.,Change %
9/24/2026,35850,"36,300.00","36,300.00","35,800.00",3.66M,-1.38%
9/23/2026,36350,"36,200.00","36,650.00","36,100.00",2.87M,0.41%
9/22/2026,36200,"36,400.00","36,550.00","35,900.00",3.16M,0.00%
9/21/2026,36200,"35,750.00","36,850.00","36,150.00","3.99M	",1.26%
9/17/2026,35750,"36,850.00","37,850.00","35,750.00",13.64M,-2.59%
9/16/2026,36350,"36,950.00","36,950.00","36,300.00",2.26M,-1.22%
9/15/2026,36800,"35,800.00","37,000.00","35,800.00",5.81M,2.94%
9/14/2026,35750,"35,250.00","35,850.00","35,200.00",3.60M,0.42%
9/11/2026,35600,"36,200.00","36,250.00","35,600.00",4.97M,-2.06%
9/10/2026,36350,"36,400.00","36,550.00","36,050.00",2.39M,-0.14%
9/9/2026,36400,"36,200.00","36,700.00","36,150.00",2.46M,0.55%
9/8/2026,36200,"36,000.00","36,350.00","35,850.00",1.68M,0.56%
9/7/2026,36000,"36,600.00","36,800.00","36,000.00",2.69M,-1.37%
9/4/2026,36500,"36,450.00","36,700.00","36,350.00",2.36M,0.14%
9/3/2026,36450,"36,750.00","36,750.00","36,400.00",3.26M,-1.09%
8/28/2026,36850,"36,950.00","37,200.00","36,700.00",3.12M,-0.27%
8/27/2026,36950,"36,900.00","37,400.00","36,800.00",3.10M,0.14%
8/26/2026,36900,"36,500.00","36,950.00","36,500.00",3.77M,0.54%
8/25/2026,36700,"36,950.00","37,350.00","36,650.00",4.03M,-0.54%
8/24/2026,36900,"37,600.00","37,750.00","36,850.00",3.92M,0.00%
8/21/2026,36900,"36,050.00","36,950.00","35,800.00",4.54M,2.93%
8/20/2026,35850,"35,900.00","36,100.00","35,550.00",2.15M,0.42%
8/19/2026,35700,"36,000.00","36,000.00","35,500.00",2.17M,-0.83%
8/18/2026,36000,"36,000.00","36,400.00","35,900.00",2.49M,0.28%
8/17/2026,35900,"36,000.00","36,200.00","35,600.00",2.59M,0.28%
8/14/2026,35800.1,"36,221.30","36,408.50","35,519.30",5.06M,-1.54%
8/13/2026,36361.7,"36,595.60","37,063.60","36,361.70",6.05M,-1.02%
8/12/2026,36736,"36,595.60","36,970.00","36,455.30",2.88M,0.38%
8/11/2026,36595.6,"36,970.00","37,344.40","36,595.60",5.16M,-1.01%
8/10/2026,36970,"37,016.80","37,204.00","36,736.00",3.23M,1.15%
8/7/2026,36548.8,"35,472.50","36,876.40","35,472.50",9.24M,3.03%
8/6/2026,35472.5,"35,659.70","35,846.90","35,472.50",2.90M,-0.26%
8/5/2026,35566.1,"35,940.50","36,221.30","35,472.50",3.61M,0.00%
8/4/2026,35566.1,"35,940.50","36,034.10","35,425.70",4.25M,-0.65%
8/3/2026,35800.1,"35,846.90","36,502.10","35,753.30",4.82M,0.66%
7/31/2026,35566.1,"34,957.70","36,876.40","34,723.70",10.22M,2.01%
7/30/2026,34864.1,"33,319.80","34,910.90","33,226.20",7.06M,5.08%
7/29/2026,33179.4,"33,085.80","33,460.20","32,898.60",2.38M,1.00%
7/28/2026,32851.8,"32,290.30","33,366.60","32,149.90",2.96M,1.15%
7/27/2026,32477.5,"33,975.00","34,068.60","32,477.50",3.80M,-3.61%
7/24/2026,33694.2,"33,694.20","34,396.20","33,273.00",3.17M,0.00%
7/23/2026,33694.2,"33,319.80","34,349.40","32,477.50",6.11M,0.42%
7/22/2026,33553.8,"34,630.10","34,770.50","33,553.80",6.42M,-2.58%
7/21/2026,34443,"34,723.70","35,285.30","34,443.00",3.70M,-0.54%
7/20/2026,34630.1,"36,314.90","36,408.50","34,630.10",5.88M,-4.64%
7/17/2026,36314.9,"36,502.10","36,548.80","36,221.30",2.04M,-0.13%
7/16/2026,36361.7,"36,546.70","36,778.00","35,667.70",4.79M,-0.51%
7/15/2026,36546.7,"37,333.20","37,379.40","36,546.70",2.87M,-1.86%
7/14/2026,37240.6,"36,963.10","37,472.00","36,454.20",2.92M,0.75%
7/13/2026,36963.1,"37,934.60","37,934.60","36,778.00",6.47M,-2.56%
7/10/2026,37934.6,"38,212.10","38,397.20","37,934.60",2.44M,-0.61%
7/9/2026,38165.9,"38,489.70","38,628.50","38,119.60",3.10M,-1.32%
7/8/2026,38674.8,"38,536.00","38,859.80","38,119.60",2.95M,0.36%
7/7/2026,38536,"38,304.70","38,582.20","38,212.10",2.31M,0.73%
7/6/2026,38258.4,"39,137.40","39,461.20","38,119.60",5.98M,-2.13%
7/3/2026,39091.1,"39,414.90","39,553.70","38,906.10",4.17M,-0.71%
7/2/2026,39368.7,"39,831.30","39,970.10","39,368.70",3.18M,-1.16%
7/1/2026,39831.3,"39,229.90","40,016.30","39,183.60",6.06M,1.53%
6/30/2026,39229.9,"39,368.70","39,600.00","39,229.90",3.14M,0.00%
6/29/2026,39229.9,"38,906.10","39,276.20","38,859.80",3.05M,1.68%
6/26/2026,38582.2,"38,813.50","38,952.30","38,582.20",3.53M,-0.48%
6/25/2026,38767.3,"38,952.30","39,091.10","38,767.30",2.85M,-0.48%
6/24/2026,38952.3,"39,414.90","39,646.30","38,767.30",3.17M,-1.29%
6/23/2026,39461.2,"39,692.50","40,247.70","39,322.40",8.95M,0.47%
6/22/2026,39276.2,"38,674.80","39,600.00","38,582.20",5.20M,1.56%
6/19/2026,38674.8,"39,507.50","39,507.50","38,674.80",4.67M,-2.22%
6/18/2026,39553.7,"39,785.00","39,831.30","39,229.90",4.41M,-0.47%
6/17/2026,39738.8,"38,859.80","39,970.10","38,813.50",9.18M,2.51%
6/16/2026,38767.3,"38,721.00","39,044.80","38,628.50",3.26M,0.72%
6/15/2026,38489.7,"38,536.00","38,721.00","38,304.70",3.07M,1.34%
6/12/2026,37980.8,"38,674.80","38,767.30","37,980.80",3.67M,-0.85%
6/11/2026,38304.7,"38,212.10","38,489.70","38,027.10",1.68M,-0.60%
6/10/2026,38536,"38,212.10","39,137.40","38,165.90",3.91M,1.22%
6/9/2026,38073.4,"38,258.40","38,304.70","37,749.50",2.17M,0.37%
6/8/2026,37934.6,"38,489.70","38,767.30","37,888.30",5.48M,-2.38%
6/5/2026,38859.8,"39,600.00","39,600.00","38,859.80",2.42M,-1.52%
6/4/2026,39461.2,"38,767.30","39,600.00","38,721.00",4.16M,1.79%
6/3/2026,38767.3,"38,489.70","39,044.80","38,397.20",2.90M,0.48%
6/2/2026,38582.2,"38,674.80","39,091.10","38,027.10",4.83M,-0.48%
6/1/2026,38767.3,"38,906.10","39,276.20","38,489.70",4.81M,-0.24%
5/29/2026,38859.8,"39,276.20","39,368.70","38,674.80",6.37M,-1.18%
5/28/2026,39322.4,"40,062.60","40,247.70","39,322.40",4.30M,-1.85%
5/27/2026,40062.6,"40,571.50","40,571.50","39,970.10",4.11M,-0.69%
5/26/2026,40340.2,"39,738.80","40,525.20","39,553.70",4.65M,1.40%
5/25/2026,39785,"39,831.30","39,877.60","39,229.90",5.43M,0.00%
5/22/2026,39785,"40,571.50","40,571.50","39,461.20",6.79M,-1.83%
5/21/2026,40525.2,"41,080.40","41,357.90","40,247.70",7.91M,-0.23%
5/20/2026,40617.7,"40,479.00","40,895.30","38,767.30",11.03M,-0.79%
5/19/2026,40941.6,"42,005.60","42,930.80","39,970.10",20.77M,-2.32%
5/18/2026,41913.1,"39,600.00","42,098.10","39,044.80",18.63M,5.47%
5/15/2026,39738.8,"40,710.30","40,710.30","39,646.30",11.24M,-1.38%
5/14/2026,40293.9,"39,692.50","40,941.60","39,646.30",11.83M,1.75%
5/13/2026,39600,"38,674.80","39,785.00","38,073.40",16.27M,2.51%
5/12/2026,38628.5,"38,443.40","38,628.50","37,980.80",6.63M,0.60%
5/11/2026,38397.2,"39,507.50","39,507.50","38,397.20",7.01M,-2.12%
5/8/2026,39229.9,"37,795.80","39,600.00","37,795.80",25.40M,3.79%
5/7/2026,37795.8,"38,119.60","38,212.10","37,749.50",7.66M,-0.12%
5/6/2026,37842,"37,657.00","37,934.60","37,518.20",4.70M,0.86%
5/5/2026,37518.2,"37,564.50","37,749.50","37,194.40",3.71M,-0.73%
5/4/2026,37795.8,"37,379.40","38,212.10","37,101.90",6.94M,1.87%
4/29/2026,37101.9,"37,194.40","37,333.20","36,731.80",7.15M,-0.12%
4/28/2026,37148.1,"37,842.00","38,027.10","37,055.60",7.05M,-1.47%
4/24/2026,37703.3,"38,489.70","38,536.00","37,703.30",5.03M,-2.04%
4/23/2026,38489.7,"37,240.60","39,831.30","37,240.60",25.56M,3.35%
4/22/2026,37240.6,"37,564.50","37,564.50","37,194.40",3.87M,-0.37%
4/21/2026,37379.4,"37,703.30","38,212.10","37,379.40",8.53M,-0.37%
4/20/2026,37518.2,"37,425.70","37,703.30","37,240.60",6.40M,0.62%
4/17/2026,37286.9,"37,286.90","37,657.00","37,101.90",6.19M,0.25%
4/16/2026,37194.4,"37,379.40","37,564.50","37,148.10",4.59M,-0.25%
4/15/2026,37286.9,"37,703.30","37,934.60","37,286.90",6.73M,-0.25%
4/14/2026,37379.4,"37,703.30","37,795.80","37,240.60",5.95M,0.12%
4/13/2026,37333.2,"37,472.00","37,703.30","37,240.60",6.17M,-1.10%
4/10/2026,37749.5,"38,027.10","38,813.50","37,610.70",9.58M,0.49%
4/9/2026,37564.5,"37,934.60","38,073.40","37,472.00",8.70M,-2.05%
4/8/2026,38350.9,"37,472.00","38,350.90","37,055.60",16.08M,5.20%
4/7/2026,36454.2,"36,454.20","36,546.70","36,084.10",5.13M,0.13%
4/6/2026,36407.9,"36,130.40","36,454.20","35,760.30",6.07M,0.77%
4/3/2026,36130.4,"36,731.80","36,778.00","36,130.40",7.78M,-1.64%
4/2/2026,36731.8,"37,009.30","37,009.30","36,454.20",7.59M,-1.37%
4/1/2026,37240.6,"37,009.30","37,564.50","36,731.80",10.76M,2.16%
3/31/2026,36454.2,"36,639.20","36,824.30","36,176.60",7.78M,-0.13%
3/30/2026,36500.5,"36,176.60","36,593.00","36,037.80",6.49M,-1.00%
3/27/2026,36870.6,"35,991.60","36,916.80","35,991.60",8.76M,2.44%
3/26/2026,35991.6,"36,546.70","36,731.80","35,991.60",6.58M,-1.52%
3/25/2026,36546.7,"36,546.70","36,685.50","35,991.60",9.32M,1.02%
3/24/2026,36176.6,"36,361.70","36,639.20","35,621.50",7.47M,1.69%
3/23/2026,35575.2,"36,454.20","36,500.50","35,251.40",11.36M,-3.27%
3/20/2026,36778,"37,610.70","38,027.10","36,639.20",10.84M,-2.21%
3/19/2026,37610.7,"37,842.00","38,027.10","37,101.90",6.83M,-1.57%
3/18/2026,38212.1,"38,027.10","39,785.00","37,934.60",15.61M,2.10%
3/17/2026,37425.7,"37,749.50","38,212.10","37,333.20",7.40M,0.37%
3/16/2026,37286.9,"37,472.00","38,119.60","37,009.30",5.53M,-0.86%
3/13/2026,37610.7,"37,564.50","38,165.90","36,963.10",8.47M,-0.25%
3/12/2026,37703.3,"38,674.80","38,767.30","37,610.70",6.89M,-2.28%
3/11/2026,38582.2,"38,212.10","39,183.60","38,212.10",6.58M,-0.24%
3/10/2026,38674.8,"38,397.20","39,600.00","36,546.70",15.02M,3.08%
3/9/2026,37518.2,"37,518.20","37,934.60","37,518.20",6.55M,-6.89%
3/6/2026,40293.9,"40,710.30","41,635.50","39,785.00",5.79M,-1.91%
3/5/2026,41080.4,"42,653.30","42,653.30","41,080.40",6.48M,-2.63%
3/4/2026,42190.6,"40,155.10","42,190.60","40,155.10",11.47M,4.71%
3/3/2026,40293.9,"41,728.00","42,468.20","40,247.70",16.24M,-3.65%
3/2/2026,41820.5,"42,607.00","43,856.10","41,820.50",12.54M,-5.64%
2/27/2026,44318.7,"44,827.60","45,429.00","43,948.60",6.97M,-1.14%
2/26/2026,44827.6,"44,920.10","45,243.90","44,179.90",5.01M,-0.10%
2/25/2026,44873.8,"45,290.20","46,215.40","44,873.80",8.95M,-0.51%
2/24/2026,45105.1,"45,752.80","45,752.80","44,827.60",6.13M,-0.71%
2/23/2026,45429,"44,041.10","45,984.10","43,624.80",8.07M,4.69%
2/13/2026,43393.4,"43,994.80","44,133.60","43,300.90",7.23M,-1.37%
2/12/2026,43994.8,"44,688.80","44,873.80","43,809.80",5.14M,-1.96%
2/11/2026,44873.8,"43,069.60","45,105.10","42,653.30",9.34M,2.97%
2/10/2026,43578.5,"46,446.70","46,724.30","43,578.50",24.55M,-6.92%
2/9/2026,46816.8,"47,927.10","47,927.10","46,816.80",3.84M,-1.56%
2/6/2026,47557,"46,909.30","48,389.70","46,909.30",10.56M,-0.19%
2/5/2026,47649.5,"49,037.40","49,314.90","47,649.50",10.49M,-2.83%
2/4/2026,49037.4,"49,962.60","50,332.70","48,667.30",10.31M,-2.03%
2/3/2026,50055.1,"51,535.50","52,275.70","49,962.60",12.37M,-1.64%
2/2/2026,50887.8,"49,777.60","51,072.90","48,204.70",12.75M,2.04%
1/30/2026,49870.1,"48,389.70","50,425.20","48,019.60",14.63M,3.85%
1/29/2026,48019.6,"47,927.10","48,852.30","47,186.90",7.57M,0.00%
1/28/2026,48019.6,"49,407.50","51,720.50","47,557.00",19.12M,-1.33%
1/27/2026,48667.3,"48,574.80","48,852.30","45,799.10",13.33M,0.19%
1/26/2026,48574.8,"47,186.90","48,667.30","47,001.90",12.77M,3.35%
1/23/2026,47001.9,"47,927.10","48,852.30","46,909.30",10.77M,-2.31%
1/22/2026,48112.1,"49,500.00","52,368.20","47,742.00",19.33M,-1.89%
1/21/2026,49037.4,"48,667.30","49,870.10","47,279.40",12.75M,-0.38%
1/20/2026,49222.4,"48,944.80","51,165.40","48,297.20",16.61M,2.31%
1/19/2026,48112.1,"47,279.40","48,667.30","46,724.30",10.05M,1.76%
1/16/2026,47279.4,"47,186.90","50,147.60","46,631.80",14.93M,0.79%
1/15/2026,46909.3,"48,667.30","49,962.60","46,909.30",28.27M,-6.97%
1/14/2026,50425.2,"47,001.90","50,425.20","46,446.70",18.85M,6.86%
1/13/2026,47186.9,"45,660.30","47,742.00","44,966.30",23.37M,3.55%
1/12/2026,45567.7,"44,318.70","45,567.70","43,486.00",8.32M,6.95%
1/9/2026,42607,"40,525.20","42,607.00","40,432.70",24.49M,6.97%
1/8/2026,39831.3,"38,212.10","40,525.20","37,842.00",29.39M,5.13%
1/7/2026,37888.3,"36,546.70","38,304.70","36,546.70",14.33M,5.27%
1/6/2026,35991.6,"35,436.40","35,991.60","34,973.80",5.19M,1.17%
1/5/2026,35575.2,"35,945.30","35,991.60","35,066.30",4.15M,-1.16%
12/31/2025,35991.6,"36,546.70","36,593.00","35,991.60",1.74M,-1.27%
12/30/2025,36454.2,"35,899.10","36,870.60","35,760.30",5.75M,1.55%
12/29/2025,35899.1,"35,899.10","35,991.60","35,714.00",1.76M,0.00%
12/26/2025,35899.1,"35,575.20","35,899.10","35,158.90",2.84M,0.00%
12/25/2025,35899.1,"35,529.00","36,037.80","35,482.70",3.98M,1.04%
12/24/2025,35529,"35,158.90","35,575.20","34,973.80",2.12M,1.05%
12/23/2025,35158.9,"35,621.50","35,899.10","35,066.30",2.05M,-1.04%
12/22/2025,35529,"34,881.30","35,575.20","34,835.00",2.90M,1.86%
12/19/2025,34881.3,"35,158.90","35,297.70","34,788.80",2.19M,-0.79%
12/18/2025,35158.9,"35,251.40","35,436.40","35,066.30",1.32M,0.00%
12/17/2025,35158.9,"34,650.00","35,621.50","34,650.00",4.36M,1.60%
12/16/2025,34603.7,"34,326.20","34,927.60","34,094.90",2.20M,1.08%
12/15/2025,34233.6,"34,279.90","34,372.40","34,141.10",1.33M,0.00%
12/12/2025,34233.6,"34,881.30","34,881.30","34,233.60",2.01M,-1.60%
12/11/2025,34788.8,"34,881.30","35,251.40","34,788.80",1.21M,-0.27%
12/10/2025,34881.3,"34,696.30","35,066.30","34,650.00",2.03M,0.67%
12/9/2025,34650,"34,696.30","35,112.60","34,326.20",3.49M,-0.13%
12/8/2025,34696.3,"34,973.80","35,112.60","34,650.00",1.82M,-0.79%
12/5/2025,34973.8,"35,436.40","35,575.20","34,973.80",1.74M,-1.05%
12/4/2025,35343.9,"35,621.50","35,667.70","35,205.10",2.19M,-0.52%
12/3/2025,35529,"34,233.60","35,575.20","34,233.60",4.29M,4.21%
12/2/2025,34094.9,"34,187.40","34,279.90","33,909.80",1.70M,-0.27%
12/1/2025,34187.4,"34,418.70","34,511.20","34,187.40",1.56M,-0.40%
11/28/2025,34326.2,"34,742.50","34,788.80","34,326.20",938.73K,-1.20%
11/27/2025,34742.5,"34,650.00","34,881.30","34,511.20",1.14M,0.54%
11/26/2025,34557.5,"34,279.90","34,742.50","34,279.90",1.32M,0.95%
11/25/2025,34233.6,"34,973.80","34,973.80","34,233.60",1.92M,-1.73%
11/24/2025,34835,"34,788.80","35,112.60","34,788.80",1.17M,0.13%
11/21/2025,34788.8,"35,066.30","35,066.30","34,603.70",1.33M,-0.92%
11/20/2025,35112.6,"35,343.90","35,343.90","35,066.30",1.57M,-0.39%
11/19/2025,35251.4,"35,436.40","35,575.20","35,251.40",1.39M,-0.78%
11/18/2025,35529,"35,621.50","35,621.50","35,390.20",1.55M,0.00%
11/17/2025,35529,"35,482.70","35,667.70","35,436.40",1.52M,0.13%
11/14/2025,35482.7,"35,343.90","35,621.50","35,343.90",2.39M,0.13%
11/13/2025,35436.4,"35,390.20","35,575.20","35,158.90",2.08M,0.13%
11/12/2025,35390.2,"35,343.90","35,529.00","34,973.80",2.17M,0.66%
11/11/2025,35158.9,"34,788.80","35,297.70","34,788.80",2.56M,1.60%
11/10/2025,34603.7,"34,696.30","35,158.90","34,511.20",2.50M,-0.27%
11/7/2025,34696.3,"35,482.70","35,760.30","34,650.00",3.44M,-2.60%
11/6/2025,35621.5,"35,806.50","35,991.60","35,482.70",2.56M,-0.39%
11/5/2025,35760.3,"34,788.80","35,899.10","34,788.80",4.22M,1.98%
11/4/2025,35066.3,"34,326.20","35,158.90","34,141.10",3.72M,2.16%
11/3/2025,34326.2,"34,788.80","34,973.80","34,326.20",2.62M,-0.80%
10/31/2025,34603.7,"35,158.90","35,158.90","34,603.70",2.54M,-1.32%
10/30/2025,35066.3,"35,112.60","35,390.20","34,788.80",2.78M,0.26%
10/29/2025,34973.8,"34,696.30","35,066.30","34,511.20",3.42M,1.89%
10/28/2025,34326.2,"33,863.50","34,372.40","33,863.50",2.98M,1.64%
10/27/2025,33771,"34,187.40","34,418.70","33,771.00",2.20M,-1.08%
10/24/2025,34141.1,"34,233.60","34,326.20","33,493.40",3.73M,0.00%
10/23/2025,34141.1,"34,233.60","34,650.00","34,094.90",2.89M,-0.81%
10/22/2025,34418.7,"34,696.30","34,696.30","33,771.00",4.24M,0.40%
10/21/2025,34279.9,"33,817.30","34,696.30","33,817.30",4.81M,1.51%
10/20/2025,33771,"36,037.80","36,130.40","33,771.00",7.90M,-6.53%
10/17/2025,36130.4,"36,778.00","36,824.30","36,130.40",4.46M,-1.76%
10/16/2025,36778,"36,407.90","36,778.00","36,269.10",4.06M,1.02%
10/15/2025,36407.9,"36,731.80","37,148.10","36,407.90",4.63M,-0.63%
10/14/2025,36639.2,"37,564.50","37,703.30","36,639.20",8.25M,-2.10%
10/13/2025,37425.7,"37,517.20","37,654.50","37,288.40",4.62M,-0.73%
10/10/2025,37700.2,"37,425.70","37,974.70","37,425.70",7.26M,0.98%
10/9/2025,37334.2,"37,105.40","37,471.50","36,968.20",4.64M,0.87%
10/8/2025,37013.9,"37,425.70","37,425.70","36,830.90",4.92M,-0.12%
10/7/2025,37059.7,"37,517.20","37,517.20","37,013.90",2.58M,-0.61%
10/6/2025,37288.4,"36,876.70","37,425.70","36,647.90",3.27M,2.39%
10/3/2025,36419.1,"36,602.20","36,739.40","36,419.10",2.69M,-0.75%
10/2/2025,36693.7,"36,739.40","37,242.70","36,602.20",2.92M,0.12%
10/1/2025,36647.9,"36,602.20","37,196.90","36,419.10",1.91M,0.13%
9/30/2025,36602.2,"36,785.20","37,105.40","36,236.10",3.94M,-0.74%
9/29/2025,36876.7,"36,830.90","37,105.40","36,693.70",2.25M,-0.62%
9/26/2025,37105.4,"37,334.20","37,654.50","37,105.40",2.45M,-0.86%
9/25/2025,37425.7,"37,654.50","37,654.50","37,334.20",2.15M,-0.73%
9/24/2025,37700.2,"37,380.00","37,700.20","36,785.20",4.99M,0.86%
9/23/2025,37380,"37,242.70","37,425.70","37,059.70",3.70M,-0.37%
9/22/2025,37517.2,"36,785.20","37,517.20","36,236.10",8.54M,3.02%
9/19/2025,36419.1,"37,608.70","37,700.20","36,419.10",6.58M,-2.45%
9/18/2025,37334.2,"37,517.20","37,929.00","37,105.40",5.01M,-0.49%
9/17/2025,37517.2,"38,432.30","38,798.30","37,517.20",3.95M,-2.50%
9/16/2025,38478,"38,889.80","39,072.80","38,432.30",7.84M,-0.36%
9/15/2025,38615.3,"37,563.00","38,615.30","37,563.00",7.83M,3.05%
9/12/2025,37471.5,"37,334.20","37,746.00","37,334.20",3.55M,0.74%
9/11/2025,37196.9,"37,334.20","37,334.20","36,464.90",6.18M,-0.12%
9/10/2025,37242.7,"37,242.70","37,837.50","37,105.40",5.85M,0.12%
9/9/2025,37196.9,"37,196.90","37,517.20","36,922.40",4.54M,0.00%
9/8/2025,37196.9,"38,157.80","38,295.00","37,196.90",9.70M,-3.10%
9/5/2025,38386.5,"39,896.40","39,896.40","38,386.50",14.49M,-3.34%
9/4/2025,39713.3,"40,033.60","40,216.60","39,484.60",7.73M,-0.23%
9/3/2025,39804.8,"39,438.80","40,170.90","38,478.00",12.13M,1.52%
8/29/2025,39210.1,"39,072.80","39,896.40","38,889.80",11.14M,0.82%
8/28/2025,38889.8,"39,393.10","39,576.10","38,661.00",6.24M,-0.70%
8/27/2025,39164.3,"38,569.50","40,719.90","38,295.00",15.89M,2.39%
8/26/2025,38249.3,"37,517.20","38,295.00","37,105.40",11.94M,1.95%
8/25/2025,37517.2,"40,170.90","40,170.90","37,517.20",12.08M,-5.20%
8/22/2025,39576.1,"38,798.30","41,268.90","38,386.50",24.29M,2.25%
8/21/2025,38706.8,"37,517.20","38,981.30","37,425.70",18.51M,3.93%
8/20/2025,37242.7,"37,517.20","38,295.00","36,236.10",15.54M,-0.37%
8/19/2025,37380,"37,425.70","37,974.70","37,242.70",10.60M,0.12%
8/18/2025,37334.2,"37,563.00","37,791.70","37,151.20",8.03M,-0.49%
8/15/2025,37517.2,"38,981.30","38,981.30","37,242.70",15.36M,-2.73%
8/14/2025,38569.5,"38,066.20","39,027.10","37,654.50",16.20M,1.93%
8/13/2025,37837.5,"38,249.30","38,249.30","36,876.70",12.65M,-0.36%
8/12/2025,37974.7,"37,059.70","38,386.50","37,013.90",16.40M,3.23%
8/11/2025,36785.2,"36,602.20","37,151.20","36,236.10",12.17M,1.26%
8/8/2025,36327.6,"37,517.20","37,517.20","36,007.40",17.88M,-1.85%
8/7/2025,37013.9,"36,327.60","37,059.70","36,144.60",13.12M,2.41%
8/6/2025,36144.6,"35,687.10","36,510.70","35,641.40",7.46M,1.94%
8/5/2025,35458.3,"35,138.10","36,785.20","34,955.10",30.49M,1.84%
8/4/2025,34817.8,"34,040.00","35,000.80","34,040.00",4.77M,2.28%
8/1/2025,34040,"34,634.80","35,046.60","33,948.50",7.61M,-1.72%
7/31/2025,34634.8,"35,229.60","35,229.60","34,314.50",6.72M,-0.66%
7/30/2025,34863.6,"34,223.00","35,504.10","34,131.50",9.94M,1.87%
7/29/2025,34223,"36,281.90","36,281.90","34,223.00",16.45M,-5.08%
7/28/2025,36053.1,"35,778.60","36,419.10","35,595.60",11.81M,1.42%
7/25/2025,35549.8,"35,778.60","35,778.60","35,458.30",6.72M,0.00%
7/24/2025,35549.8,"35,687.10","36,281.90","35,412.60",11.70M,0.39%
7/23/2025,35412.6,"35,778.60","35,870.10","35,275.30",7.46M,-0.51%
7/22/2025,35595.6,"34,817.80","35,961.60","34,772.10",11.57M,2.10%
7/21/2025,34863.6,"35,183.80","35,366.80","34,817.80",6.63M,-0.65%
7/18/2025,35092.3,"35,046.60","35,504.10","34,772.10",9.65M,0.13%
7/17/2025,35046.6,"35,504.10","35,504.10","34,909.30",6.07M,-0.26%
7/16/2025,35138.1,"34,680.50","35,138.10","34,634.80",7.61M,0.79%
7/15/2025,34863.6,"35,321.10","35,458.30","34,863.60",6.18M,-1.42%
7/14/2025,35366.8,"35,229.60","36,007.40","35,046.60",8.88M,0.91%
7/11/2025,35046.6,"35,000.80","35,366.80","34,909.30",9.31M,0.13%
7/10/2025,35000.8,"35,229.60","35,412.60","34,817.80",8.26M,0.13%
7/9/2025,34955.1,"34,451.80","35,183.80","34,314.50",11.90M,1.87%
7/8/2025,34314.5,"34,040.00","34,314.50","33,857.00",7.87M,0.81%
7/7/2025,34040,"33,536.70","34,040.00","33,536.70",12.01M,1.78%
7/4/2025,33445.2,"33,353.70","33,582.50","33,216.50",4.18M,0.69%
7/3/2025,33216.5,"33,399.50","33,674.00","33,079.20",6.47M,-0.27%
7/2/2025,33308,"33,491.00","33,536.70","33,216.50",4.06M,-0.55%
7/1/2025,33491,"33,262.20","33,719.70","33,170.70",7.49M,0.83%
6/30/2025,33216.5,"33,262.20","33,262.20","33,125.00",4.86M,0.55%
6/27/2025,33033.4,"32,667.40","33,536.70","32,667.40",8.87M,1.12%
6/26/2025,32667.4,"32,850.40","32,896.20","32,575.90",2.50M,-0.42%
6/25/2025,32804.7,"32,987.70","33,170.70","32,804.70",3.63M,-0.42%
6/24/2025,32941.9,"32,987.70","33,125.00","32,667.40",4.72M,0.42%
6/23/2025,32804.7,"32,621.70","32,941.90","32,530.20",2.45M,-0.42%
6/20/2025,32941.9,"32,758.90","33,308.00","32,758.90",6.39M,0.56%
6/19/2025,32758.9,"32,667.40","32,850.40","32,484.40",2.00M,0.42%
6/18/2025,32621.7,"32,850.40","32,987.70","32,575.90",2.77M,-0.70%
6/17/2025,32850.4,"32,941.90","33,125.00","32,804.70",4.00M,0.14%
6/16/2025,32804.7,"32,530.20","32,850.40","32,438.70",2.89M,0.84%
6/13/2025,32530.2,"32,072.60","33,170.70","32,026.90",6.75M,0.71%
6/12/2025,32301.4,"32,118.40","32,392.90","32,118.40",1.51M,0.71%
6/11/2025,32072.6,"32,301.40","32,392.90","32,026.90",1.32M,-0.43%
6/10/2025,32209.9,"32,255.70","32,438.70","32,209.90",1.99M,-0.14%
6/9/2025,32255.7,"32,255.70","32,347.20","32,026.90",1.77M,0.00%
6/6/2025,32255.7,"32,484.40","32,621.70","32,209.90",2.98M,-0.70%
6/5/2025,32484.4,"32,850.40","32,850.40","32,438.70",3.53M,-0.70%
6/4/2025,32713.2,"32,941.90","33,033.40","32,621.70",3.22M,-0.42%
6/3/2025,32850.4,"32,850.40","33,079.20","32,758.90",2.92M,0.56%
6/2/2025,32667.4,"32,758.90","32,804.70","32,484.40",2.99M,-0.83%
5/30/2025,32941.9,"33,308.00","33,308.00","32,758.90",2.49M,-1.23%
5/29/2025,33353.7,"33,399.50","33,399.50","33,033.40",3.24M,-0.14%
5/28/2025,33399.5,"33,811.20","33,811.20","32,987.70",4.99M,0.55%
5/27/2025,33216.5,"32,941.90","33,308.00","32,758.90",3.79M,1.26%
5/26/2025,32804.7,"32,804.70","32,850.40","32,026.90",2.68M,0.00%
5/23/2025,32804.7,"32,941.90","32,941.90","32,484.40",3.57M,-0.42%
5/22/2025,32941.9,"33,125.00","33,125.00","32,804.70",3.72M,-0.55%
5/21/2025,33125,"33,262.20","33,719.70","32,941.90",3.94M,0.00%
5/20/2025,33125,"33,170.70","33,308.00","32,804.70",4.97M,0.00%
5/19/2025,33125,"33,399.50","33,445.20","33,033.40",2.93M,-1.09%
5/16/2025,33491,"34,223.00","34,268.80","33,445.20",6.17M,-2.14%
5/15/2025,34223,"34,314.50","34,497.50","33,994.30",6.65M,-0.13%
5/14/2025,34268.8,"32,896.20","34,314.50","32,850.40",12.67M,4.61%
5/13/2025,32758.9,"32,438.70","32,758.90","32,301.40",7.04M,1.56%
5/12/2025,32255.7,"32,118.40","32,301.40","32,026.90",3.35M,0.43%
5/9/2025,32118.4,"32,530.20","32,667.40","32,118.40",3.27M,-0.99%
5/8/2025,32438.7,"31,935.40","32,530.20","31,752.40",4.99M,1.58%
5/7/2025,31935.4,"31,843.90","31,935.40","31,660.90",2.28M,-0.14%
5/6/2025,31981.1,"31,935.40","32,209.90","31,615.10",3.18M,0.29%
5/5/2025,31889.6,"31,706.60","31,889.60","31,386.40",1.96M,0.87%
4/29/2025,31615.1,"31,660.90","31,798.10","31,432.10",2.61M,0.00%
4/28/2025,31615.1,"32,301.40","32,301.40","31,477.90",3.55M,-1.29%
4/25/2025,32026.9,"32,301.40","32,392.90","32,026.90",2.87M,-1.27%
4/24/2025,32438.7,"32,347.20","32,438.70","31,935.40",2.17M,0.28%
4/23/2025,32347.2,"32,713.20","32,713.20","32,026.90",1.98M,0.71%
4/22/2025,32118.4,"32,164.10","32,209.90","30,013.80",3.85M,-0.43%
4/21/2025,32255.7,"32,896.20","32,941.90","32,118.40",2.25M,-1.95%
4/18/2025,32896.2,"33,125.00","33,170.70","32,804.70",3.72M,0.28%
4/17/2025,32804.7,"32,209.90","32,804.70","31,981.10",3.34M,-0.42%
4/16/2025,32941.9,"33,033.40","33,308.00","32,667.40",3.11M,-1.37%
4/15/2025,33399.5,"33,491.00","33,628.20","32,941.90",3.20M,-1.35%
4/14/2025,33857,"33,857.00","33,857.00","32,941.90",3.79M,0.68%
4/11/2025,33628.2,"33,765.50","33,765.50","32,530.20",7.42M,5.91%
4/10/2025,31752.4,"31,752.40","31,752.40","31,752.40",679.31K,6.93%
4/9/2025,29693.5,"28,549.70","31,569.40","28,549.70",6.97M,-3.13%
4/8/2025,30654.3,"32,026.90","32,484.40","30,654.30",5.03M,-6.94%
4/4/2025,32941.9,"30,700.10","32,941.90","30,700.10",7.35M,0.00%
4/3/2025,32941.9,"33,857.00","34,680.50","32,941.90",8.03M,-6.98%
4/2/2025,35412.6,"35,915.90","35,915.90","35,412.60",3.23M,-0.77%
4/1/2025,35687.1,"35,595.60","35,687.10","35,412.60",1.46M,0.65%
3/31/2025,35458.3,"35,687.10","35,687.10","35,229.60",3.10M,-0.90%
3/28/2025,35778.6,"35,824.40","35,915.90","35,732.90",1.50M,0.00%
3/27/2025,35778.6,"36,281.90","36,281.90","35,778.60",1.99M,-1.14%
3/26/2025,36190.4,"36,236.10","36,464.90","36,053.10",2.78M,-0.38%
3/25/2025,36327.6,"35,870.10","36,327.60","35,870.10",3.14M,1.53%
3/24/2025,35778.6,"36,098.90","36,144.60","35,687.10",3.99M,-0.89%
3/21/2025,36098.9,"36,236.10","36,419.10","36,098.90",2.57M,-0.88%
3/20/2025,36419.1,"36,190.40","36,510.70","36,190.40",2.41M,0.00%
3/19/2025,36419.1,"36,785.20","36,785.20","36,190.40",3.40M,-0.50%
3/18/2025,36602.2,"37,059.70","37,151.20","36,602.20",3.65M,-0.87%
3/17/2025,36922.4,"36,968.20","37,105.40","36,739.40",3.55M,-0.12%
3/14/2025,36968.2,"36,785.20","36,968.20","36,647.90",2.46M,0.50%
3/13/2025,36785.2,"37,425.70","37,425.70","36,693.70",4.25M,-1.71%
3/12/2025,37425.7,"37,837.50","37,883.20","37,380.00",4.24M,-1.21%
3/11/2025,37883.2,"37,471.50","37,883.20","37,288.40",3.58M,0.00%
3/10/2025,37883.2,"37,791.70","38,432.30","37,700.20",5.22M,0.61%
3/7/2025,37654.5,"37,334.20","37,654.50","37,242.70",4.94M,0.86%
3/6/2025,37334.2,"37,196.90","37,425.70","37,105.40",2.55M,0.37%
3/5/2025,37196.9,"37,242.70","37,654.50","37,013.90",3.02M,-0.37%
3/4/2025,37334.2,"37,334.20","37,425.70","36,968.20",3.57M,-0.37%
3/3/2025,37471.5,"37,471.50","37,700.20","37,380.00",2.10M,0.00%
2/28/2025,37471.5,"37,471.50","37,471.50","37,242.70",3.26M,0.00%
2/27/2025,37471.5,"37,700.20","37,791.70","37,425.70",2.73M,-0.61%
2/26/2025,37700.2,"37,700.20","37,746.00","37,471.50",3.23M,-0.12%
2/25/2025,37746,"37,654.50","37,837.50","37,517.20",4.65M,0.36%
2/24/2025,37608.7,"37,425.70","37,883.20","37,242.70",4.45M,0.49%
2/21/2025,37425.7,"37,380.00","37,563.00","37,196.90",3.19M,0.00%
2/20/2025,37425.7,"37,517.20","37,563.00","37,196.90",3.63M,0.12%
2/19/2025,37380,"37,059.70","37,425.70","36,968.20",5.83M,0.86%
2/18/2025,37059.7,"36,693.70","37,196.90","36,647.90",3.55M,0.75%
2/17/2025,36785.2,"37,196.90","37,196.90","36,739.40",2.43M,-1.11%
2/14/2025,37196.9,"36,922.40","37,380.00","36,739.40",4.87M,1.63%
2/13/2025,36602.2,"36,602.20","36,830.90","36,510.70",2.60M,0.00%
2/12/2025,36602.2,"36,922.40","37,013.90","36,510.70",4.63M,-1.11%
2/11/2025,37013.9,"37,059.70","37,288.40","36,693.70",3.07M,0.25%
2/10/2025,36922.4,"37,059.70","37,700.20","36,693.70",4.91M,-0.37%
2/7/2025,37059.7,"36,419.10","37,334.20","36,419.10",8.61M,1.76%
2/6/2025,36419.1,"36,281.90","36,602.20","36,236.10",4.25M,0.51%
2/5/2025,36236.1,"36,510.70","36,556.40","36,190.40",2.53M,-0.13%
2/4/2025,36281.9,"36,144.60","36,693.70","35,824.40",4.56M,0.63%
2/3/2025,36053.1,"36,327.60","36,510.70","35,778.60",3.79M,-1.50%
1/24/2025,36602.2,"36,510.70","36,602.20","36,373.40",2.49M,0.25%
1/23/2025,36510.7,"36,144.60","36,693.70","36,098.90",3.13M,1.01%
1/22/2025,36144.6,"36,419.10","36,419.10","36,098.90",2.16M,-0.75%
1/21/2025,36419.1,"36,647.90","36,647.90","36,144.60",2.29M,-0.25%
1/20/2025,36510.7,"36,098.90","36,693.70","36,053.10",3.05M,1.01%
1/17/2025,36144.6,"35,870.10","36,144.60","35,732.90",1.68M,0.25%
1/16/2025,36053.1,"35,870.10","36,144.60","35,732.90",1.74M,0.51%
1/15/2025,35870.1,"35,870.10","35,870.10","35,321.10",1.59M,0.51%
1/14/2025,35687.1,"35,870.10","35,870.10","35,595.60",1.02M,-0.76%
1/13/2025,35961.6,"35,778.60","36,007.40","35,138.10",2.63M,0.51%
1/10/2025,35778.6,"36,510.70","36,510.70","35,778.60",3.33M,-2.13%
1/9/2025,36556.4,"36,510.70","36,647.90","36,007.40",3.85M,-0.99%
1/8/2025,36922.4,"36,968.20","36,968.20","36,281.90",3.34M,-0.12%
1/7/2025,36968.2,"35,778.60","37,059.70","35,732.90",11.16M,4.12%
1/6/2025,35504.1,"35,046.60","35,824.40","34,955.10",5.15M,1.57%
1/3/2025,34955.1,"34,955.10","35,321.10","34,955.10",3.95M,0.00%
1/2/2025,34955.1,"34,955.10","35,366.80","34,680.50",3.38M,1.73%
12/31/2024,34360.3,"35,229.60","35,458.30","34,360.30",3.65M,-1.83%
12/30/2024,35000.8,"35,778.60","35,824.40","35,000.80",4.29M,-2.30%
12/27/2024,35824.4,"35,915.90","36,144.60","35,778.60",3.06M,0.38%
12/26/2024,35687.1,"35,641.40","36,007.40","35,504.10",4.15M,0.91%
12/25/2024,35366.8,"34,955.10","36,419.10","34,863.60",5.64M,1.44%
12/24/2024,34863.6,"35,412.60","35,549.80","34,817.80",3.44M,-1.30%
12/23/2024,35321.1,"35,595.60","35,687.10","35,229.60",3.09M,0.55%
12/20/2024,35127.5,"35,165.30","35,316.50","35,051.80",3.87M,0.00%
12/19/2024,35127.5,"35,278.70","35,354.30","35,089.70",3.50M,-0.85%
12/18/2024,35430,"35,430.00","35,543.40","35,316.50",2.15M,0.54%
12/17/2024,35240.9,"35,543.40","35,656.80","35,240.90",2.91M,-0.32%
12/16/2024,35354.3,"35,543.40","35,732.50","35,316.50",4.20M,0.75%
12/13/2024,35089.7,"35,203.10","35,392.20","35,089.70",1.79M,-0.43%
12/12/2024,35240.9,"35,316.50","35,656.80","35,240.90",2.50M,0.00%
12/11/2024,35240.9,"35,505.60","35,543.40","35,165.30",1.66M,-0.32%
12/10/2024,35354.3,"35,392.20","35,808.10","35,354.30",2.51M,0.11%
12/9/2024,35316.5,"35,278.70","35,543.40","35,240.90",2.22M,0.21%
12/6/2024,35240.9,"35,089.70","35,505.60","35,089.70",3.23M,1.30%
12/5/2024,34787.2,"34,257.80","35,392.20","34,257.80",3.14M,1.88%
12/4/2024,34144.4,"34,862.80","34,900.60","34,144.40",3.10M,-1.95%
12/3/2024,34825,"35,165.30","35,165.30","34,825.00",1.81M,-0.97%
12/2/2024,35165.3,"35,467.80","35,619.00","35,165.30",1.70M,-0.53%
11/29/2024,35354.3,"34,862.80","35,354.30","34,673.70",1.87M,1.41%
11/28/2024,34862.8,"35,165.30","35,203.10","34,862.80",1.66M,-0.54%
11/27/2024,35051.8,"34,976.20","35,127.50","34,825.00",1.57M,0.22%
11/26/2024,34976.2,"34,409.00","34,976.20","34,409.00",2.38M,1.54%
11/25/2024,34446.9,"34,560.30","34,635.90","34,409.00",1.44M,-0.33%
11/22/2024,34560.3,"34,635.90","34,635.90","34,220.00",2.42M,0.77%
11/21/2024,34295.6,"34,106.50","34,522.50","34,106.50",1.90M,0.78%
11/20/2024,34030.9,"33,804.00","34,673.70","33,652.80",2.83M,0.90%
11/19/2024,33728.4,"34,182.20","34,182.20","33,728.40",1.88M,0.34%
11/18/2024,33615,"33,766.20","34,484.70","33,615.00",2.47M,-0.56%
11/15/2024,33804,"34,484.70","34,484.70","33,804.00",2.92M,-1.76%
11/14/2024,34409,"34,976.20","34,976.20","34,409.00",2.58M,-1.41%
11/13/2024,34900.6,"35,014.00","35,165.30","34,673.70",2.35M,-0.32%
11/12/2024,35014,"35,165.30","35,430.00","35,014.00",2.18M,-0.43%
11/11/2024,35165.3,"35,845.90","35,921.50","35,089.70",3.36M,-1.90%
11/8/2024,35845.9,"36,072.80","36,224.00","35,543.40",3.42M,-0.42%
11/7/2024,35997.2,"36,602.10","36,602.10","35,997.20",1.63M,-0.94%
11/6/2024,36337.5,"35,997.20","36,413.10","35,997.20",1.40M,1.37%
11/5/2024,35845.9,"36,072.80","36,224.00","35,808.10",1.97M,-0.63%
11/4/2024,36072.8,"36,110.60","36,450.90","35,959.30",1.73M,-0.10%
11/1/2024,36110.6,"36,299.60","36,375.30","35,959.30",2.00M,0.00%
10/31/2024,36110.6,"36,299.60","36,640.00","36,035.00",2.32M,0.10%
10/30/2024,36072.8,"36,035.00","36,450.90","36,035.00",1.83M,0.32%
10/29/2024,35959.3,"36,072.80","36,640.00","35,921.50",2.81M,0.11%
10/28/2024,35921.5,"35,921.50","36,110.60","35,770.30",2.23M,0.00%
10/25/2024,35921.5,"36,337.50","36,526.50","35,921.50",2.19M,-1.04%
10/24/2024,36299.6,"36,375.30","36,942.50","36,299.60",1.89M,-0.83%
10/23/2024,36602.1,"36,866.80","36,866.80","36,299.60",3.10M,-0.72%
10/22/2024,36866.8,"37,585.30","37,585.30","36,829.00",4.36M,-1.81%
10/21/2024,37547.4,"37,812.10","37,963.40","37,547.40",2.75M,-1.29%
10/18/2024,38039,"38,341.50","38,568.40","38,039.00",4.39M,0.00%
10/17/2024,38039,"37,963.40","38,039.00","37,471.80",2.74M,0.90%
10/16/2024,37698.7,"37,812.10","38,190.30","37,660.90",2.32M,-0.30%
10/15/2024,37812.1,"37,434.00","38,568.40","37,434.00",8.96M,1.21%
10/14/2024,37358.4,"37,434.00","37,623.10","37,358.40",1.50M,0.00%
10/11/2024,37358.4,"37,698.70","37,698.70","37,282.80",1.99M,-0.70%
10/10/2024,37623.1,"37,774.30","37,774.30","37,358.40",3.43M,0.61%
10/9/2024,37396.2,"37,207.10","37,509.60","36,904.60",2.83M,1.12%
10/8/2024,36980.3,"37,093.70","37,320.60","36,904.60",2.46M,-0.31%
10/7/2024,37093.7,"37,434.00","37,434.00","37,055.90",1.93M,-0.30%
10/4/2024,37207.1,"37,434.00","37,509.60","37,169.30",2.80M,-0.61%
10/3/2024,37434,"37,660.90","38,417.10","37,434.00",4.53M,-0.60%
10/2/2024,37660.9,"37,585.30","37,963.40","37,509.60",2.37M,0.20%
10/1/2024,37585.3,"37,585.30","38,341.50","37,585.30",3.64M,0.00%
9/30/2024,37585.3,"37,887.80","37,963.40","37,509.60",2.83M,-0.80%
9/27/2024,37887.8,"38,039.00","39,097.70","37,812.10",4.14M,0.20%
9/26/2024,37812.1,"38,039.00","38,417.10","37,698.70",5.47M,0.00%
9/25/2024,37812.1,"37,585.30","38,114.60","37,320.60",6.80M,1.52%
9/24/2024,37245,"37,018.10","37,245.00","36,677.80",1.83M,1.13%
9/23/2024,36829,"37,093.70","37,358.40","36,829.00",1.57M,-0.71%
9/20/2024,37093.7,"37,434.00","37,736.50","37,093.70",3.43M,-0.41%
9/19/2024,37245,"37,207.10","37,358.40","36,904.60",1.75M,0.41%
9/18/2024,37093.7,"36,904.60","37,396.20","36,677.80",2.37M,0.72%
9/17/2024,36829,"36,148.40","36,829.00","35,921.50",1.76M,1.99%
9/16/2024,36110.6,"36,450.90","36,753.40","36,110.60",2.03M,-0.93%
9/13/2024,36450.9,"36,450.90","36,715.60","36,450.90",966.24K,-0.31%
9/12/2024,36564.3,"36,677.80","36,829.00","36,564.30",1.43M,0.10%
9/11/2024,36526.5,"36,640.00","36,791.20","36,299.60",1.82M,-0.41%
9/10/2024,36677.8,"37,282.80","37,282.80","36,640.00",3.10M,-1.12%
9/9/2024,37093.7,"37,207.10","37,471.80","36,980.30",1.55M,-0.51%
9/6/2024,37282.8,"36,829.00","37,434.00","36,791.20",3.05M,1.23%
9/5/2024,36829,"36,866.80","37,434.00","36,753.40",2.46M,-0.51%
9/4/2024,37018.1,"36,677.80","37,396.20","36,413.10",2.55M,0.10%
8/30/2024,36980.3,"37,471.80","37,585.30","36,980.30",2.32M,-0.81%
8/29/2024,37282.8,"37,282.80","38,265.90","37,282.80",2.18M,-0.60%
8/28/2024,37509.6,"37,509.60","38,039.00","37,434.00",1.56M,0.00%
8/27/2024,37509.6,"38,039.00","38,039.00","37,131.50",5.38M,-1.20%
8/26/2024,37963.4,"38,417.10","38,492.80","37,887.80",2.90M,-0.59%
8/23/2024,38190.3,"37,963.40","38,417.10","37,887.80",2.94M,0.40%
8/22/2024,38039,"38,568.40","38,795.30","37,736.50",3.54M,-0.59%
8/21/2024,38265.9,"37,396.20","38,417.10","37,093.70",7.98M,2.95%
8/20/2024,37169.3,"36,526.50","37,207.10","36,413.10",5.64M,2.61%
8/19/2024,36224,"36,148.40","36,677.80","35,997.20",2.72M,0.84%
8/16/2024,35921.5,"35,354.30","36,337.50","35,354.30",3.08M,1.82%
8/15/2024,35278.7,"35,581.20","35,883.70","35,278.70",1.30M,-0.85%
8/14/2024,35581.2,"35,392.20","36,110.60","35,392.20",2.20M,0.86%
8/13/2024,35278.7,"35,543.40","35,656.80","35,165.30",1.31M,-0.32%
8/12/2024,35392.2,"35,316.50","35,808.10","35,165.30",1.76M,0.21%
8/9/2024,35316.5,"35,543.40","35,543.40","35,051.80",1.36M,1.52%
8/8/2024,34787.2,"35,165.30","35,392.20","34,560.30",1.84M,-0.86%
8/7/2024,35089.7,"35,845.90","35,845.90","34,787.20",2.77M,-0.75%
8/6/2024,35354.3,"35,089.70","36,035.00","34,673.70",2.33M,1.41%
8/5/2024,34862.8,"35,467.80","35,694.70","34,030.90",3.52M,-3.46%
8/2/2024,36110.6,"35,165.30","36,110.60","35,165.30",2.55M,2.03%
8/1/2024,35392.2,"36,224.00","36,980.30","35,392.20",4.95M,-1.68%
7/31/2024,35997.2,"35,543.40","36,602.10","35,467.80",4.09M,1.71%
7/30/2024,35392.2,"35,808.10","35,808.10","35,165.30",2.95M,-0.64%
7/29/2024,35619,"35,051.80","35,732.50","35,051.80",1.35M,1.84%
7/26/2024,34976.2,"35,014.00","35,203.10","34,673.70",1.60M,0.54%
7/25/2024,34787.2,"35,127.50","35,127.50","34,409.00",1.89M,-0.22%
7/24/2024,34862.8,"34,030.90","35,430.00","34,030.90",3.20M,0.22%
7/23/2024,34787.2,"36,148.40","36,488.70","33,652.80",4.34M,-3.56%
7/22/2024,36072.8,"36,072.80","36,829.00","35,694.70",4.44M,0.00%
7/19/2024,36072.8,"36,904.60","37,055.90","35,921.50",3.99M,-1.65%
7/18/2024,36677.8,"36,753.40","37,282.80","36,186.20",4.35M,1.04%
7/17/2024,36299.6,"36,224.00","37,812.10","35,959.30",10.15M,1.80%
7/16/2024,35656.8,"35,392.20","36,526.50","35,165.30",5.27M,1.29%
7/15/2024,35203.1,"35,543.40","35,581.20","35,014.00",1.53M,-0.11%
7/12/2024,35240.9,"35,467.80","35,694.70","34,976.20",1.86M,-0.43%
7/11/2024,35392.2,"35,883.70","35,883.70","35,392.20",1.67M,-0.21%
7/10/2024,35467.8,"36,186.20","36,224.00","35,467.80",2.61M,-1.26%
7/9/2024,35921.5,"35,921.50","36,299.60","35,467.80",3.33M,1.06%
7/8/2024,35543.4,"35,959.30","36,148.40","35,354.30",2.56M,-0.63%
7/5/2024,35770.3,"35,808.10","36,450.90","35,619.00",5.98M,0.00%
7/4/2024,35770.3,"35,543.40","35,845.90","35,392.20",3.45M,0.21%
7/3/2024,35694.7,"34,787.20","35,694.70","34,446.90",5.95M,3.17%
7/2/2024,34598.1,"33,463.70","34,635.90","33,312.50",4.67M,4.21%
7/1/2024,33199.1,"32,745.30","33,199.10","32,518.40",1.60M,1.50%
6/28/2024,32707.5,"33,350.30","33,728.40","32,707.50",2.74M,-1.93%
6/27/2024,33350.3,"33,804.00","34,030.90","33,350.30",2.03M,-0.90%
6/26/2024,33652.8,"33,463.70","33,879.70","33,274.70",2.18M,0.68%
6/25/2024,33425.9,"34,333.40","34,560.30","32,934.40",3.74M,-1.78%
6/24/2024,34030.9,"34,787.20","35,051.80","34,030.90",2.52M,-1.32%
6/21/2024,34484.7,"34,484.70","35,127.50","34,446.90",1.99M,0.22%
6/20/2024,34409,"34,787.20","34,938.40","34,295.60",3.45M,-1.30%
6/19/2024,34862.8,"35,392.20","35,392.20","34,673.70",3.36M,-0.86%
6/18/2024,35165.3,"35,316.50","35,581.20","35,165.30",1.90M,0.00%
6/17/2024,35165.3,"35,921.50","35,921.50","35,165.30",3.64M,-2.11%
6/14/2024,35921.5,"36,602.10","36,866.80","35,921.50",2.90M,-1.76%
6/13/2024,36564.3,"36,564.30","36,564.30","36,224.00",3.38M,0.94%
6/12/2024,36224,"35,997.20","36,261.80","35,543.40",3.42M,1.16%
6/11/2024,35808.1,"36,148.40","36,186.20","35,694.70",3.28M,-0.63%
6/10/2024,36035,"36,186.20","36,715.60","35,959.30",2.67M,-0.21%
6/7/2024,36110.6,"36,375.30","36,526.50","36,072.80",1.59M,-0.31%
6/6/2024,36224,"36,072.80","36,375.30","36,072.80",1.83M,0.52%
6/5/2024,36035,"36,224.00","36,450.90","36,035.00",2.33M,0.11%
6/4/2024,35997.2,"36,186.20","36,450.90","35,959.30",1.44M,0.63%
6/3/2024,35770.3,"36,224.00","36,640.00","35,694.70",2.71M,0.42%
5/31/2024,35619,"36,072.80","36,526.50","35,619.00",2.54M,-1.26%
5/30/2024,36072.8,"36,602.10","36,677.80","35,845.90",2.70M,-1.85%
5/29/2024,36753.4,"37,396.20","37,396.20","36,753.40",1.80M,-1.02%
5/28/2024,37131.5,"37,055.90","37,207.10","36,753.40",1.59M,0.41%
5/27/2024,36980.3,"37,358.40","37,358.40","36,715.60",986.67K,-0.61%
5/24/2024,37207.1,"37,509.60","38,265.90","36,677.80",2.81M,-0.61%
5/23/2024,37434,"37,660.90","37,963.40","37,358.40",2.31M,-0.60%
5/22/2024,37660.9,"38,190.30","38,719.60","37,623.10",3.14M,-0.40%
5/21/2024,37812.1,"37,812.10","38,039.00","37,358.40",2.32M,0.81%
5/20/2024,37509.6,"37,509.60","38,341.50","37,434.00",2.83M,0.51%
5/17/2024,37320.6,"37,547.40","37,585.30","37,207.10",1.96M,-0.50%
5/16/2024,37509.6,"37,169.30","38,039.00","37,093.70",2.71M,2.06%
5/15/2024,36753.4,"36,640.00","37,018.10","36,564.30",1.80M,1.04%
5/14/2024,36375.3,"36,904.60","37,207.10","36,337.50",2.52M,-1.03%
5/13/2024,36753.4,"37,207.10","37,434.00","36,677.80",2.15M,-0.92%
5/10/2024,37093.7,"37,509.60","37,623.10","37,018.10",1.07M,-0.91%
5/9/2024,37434,"38,039.00","38,039.00","37,434.00",1.25M,-0.60%
5/8/2024,37660.9,"37,887.80","38,417.10","37,660.90",1.37M,-0.40%
5/7/2024,37812.1,"38,265.90","38,568.40","37,812.10",1.38M,-0.99%
5/6/2024,38190.3,"37,282.80","38,190.30","37,282.80",1.54M,2.64%
5/3/2024,37207.1,"37,547.40","37,736.50","37,055.90",906.00K,0.00%
5/2/2024,37207.1,"37,282.80","37,585.30","36,942.50",735.22K,0.00%
4/26/2024,37207.1,"37,509.60","37,887.80","37,131.50",1.00M,-0.81%
4/25/2024,37509.6,"37,623.10","38,039.00","37,282.80",1.36M,-0.80%
4/24/2024,37812.1,"37,396.20","38,114.60","37,320.60",1.83M,1.21%
4/23/2024,37358.4,"37,207.10","38,190.30","36,677.80",2.94M,-1.40%
4/22/2024,37887.8,"36,904.60","37,887.80","36,904.60",1.68M,3.62%
4/19/2024,36564.3,"36,224.00","37,434.00","35,619.00",2.81M,0.52%
4/17/2024,36375.3,"38,492.80","38,568.40","36,299.60",2.55M,-4.37%
4/16/2024,38039,"37,585.30","38,719.60","37,396.20",3.04M,1.21%
4/15/2024,37585.3,"40,307.70","41,215.20","37,585.30",3.29M,-6.93%
4/12/2024,40383.4,"40,080.90","41,215.20","39,929.60",4.36M,0.75%
4/11/2024,40080.9,"38,946.50","40,383.40","38,795.30",2.94M,1.92%
4/10/2024,39324.6,"39,929.60","39,929.60","39,249.00",1.54M,-1.33%
4/9/2024,39854,"38,644.00","39,854.00","38,417.10",2.26M,3.74%
4/8/2024,38417.1,"37,963.40","39,022.10","37,812.10",1.17M,1.20%
4/5/2024,37963.4,"38,492.80","38,492.80","37,963.40",2.14M,-1.57%
4/4/2024,38568.4,"39,173.40","39,173.40","38,568.40",1.41M,0.00%
4/3/2024,38568.4,"39,324.60","39,551.50","38,568.40",1.93M,-1.73%
4/2/2024,39249,"39,249.00","39,627.10","38,946.50",2.04M,-0.38%
4/1/2024,39400.2,"39,475.90","39,854.00","39,097.70",1.76M,0.00%
3/29/2024,39400.2,"40,232.10","40,232.10","39,324.60",2.31M,-0.95%
3/28/2024,39778.4,"40,232.10","40,761.50","39,702.70",1.76M,0.19%
3/27/2024,39702.7,"40,307.70","40,307.70","39,702.70",2.08M,-0.94%
3/26/2024,40080.9,"40,080.90","40,761.50","40,080.90",1.82M,0.00%
3/25/2024,40080.9,"40,988.40","41,971.50","39,854.00",1.63M,-2.21%
3/22/2024,40988.4,"40,307.70","42,879.00","40,307.70",5.64M,2.26%
3/21/2024,40080.9,"40,232.10","40,383.40","39,929.60",2.40M,0.00%
3/20/2024,40080.9,"39,022.10","40,156.50","38,190.30",4.05M,2.71%
3/19/2024,39022.1,"39,400.20","39,400.20","38,568.40",989.38K,-0.77%
3/18/2024,39324.6,"39,324.60","39,929.60","37,736.50",1.91M,-0.38%
3/15/2024,39475.9,"39,022.10","39,929.60","38,568.40",1.85M,0.97%
3/14/2024,39097.7,"40,459.00","40,459.00","38,870.90",1.92M,-1.71%
3/13/2024,39778.4,"39,475.90","39,778.40","39,173.40",1.81M,1.15%
3/12/2024,39324.6,"38,265.90","39,400.20","38,190.30",1.56M,2.97%
3/11/2024,38190.3,"39,173.40","39,627.10","38,190.30",1.91M,-1.17%
3/8/2024,38644,"40,383.40","40,383.40","37,509.60",3.54M,-4.13%
3/7/2024,40307.7,"41,139.60","41,139.60","40,232.10",2.75M,-2.02%
3/6/2024,41139.6,"40,837.10","41,442.10","40,459.00",2.05M,0.00%
3/5/2024,41139.6,"40,459.00","41,139.60","40,005.20",1.55M,1.68%
3/4/2024,40459,"40,534.60","41,215.20","39,702.70",3.01M,0.00%
3/1/2024,40459,"40,307.70","41,064.00","39,627.10",1.61M,0.94%
2/29/2024,40080.9,"40,761.50","40,837.10","40,080.90",1.73M,-1.67%
2/28/2024,40761.5,"40,232.10","41,442.10","39,551.50",3.03M,1.70%
2/27/2024,40080.9,"40,610.20","40,837.10","40,080.90",2.25M,-1.12%
2/26/2024,40534.6,"39,929.60","41,215.20","39,324.60",1.98M,3.08%
2/23/2024,39324.6,"37,660.90","40,232.10","37,282.80",8.97M,4.52%
2/22/2024,37623.1,"37,660.90","37,736.50","37,434.00",2.06M,0.00%
2/21/2024,37623.1,"37,623.10","37,660.90","36,980.30",2.39M,0.71%
2/20/2024,37358.4,"37,434.00","37,963.40","37,358.40",2.03M,0.20%
2/19/2024,37282.8,"36,866.80","38,039.00","36,488.70",4.24M,1.54%
2/16/2024,36715.6,"37,055.90","37,055.90","36,526.50",1.75M,-0.82%
2/15/2024,37018.1,"37,018.10","37,245.00","36,640.00",2.10M,0.00%
2/7/2024,37018.1,"36,904.60","37,093.70","36,753.40",2.40M,0.31%
2/6/2024,36904.6,"36,904.60","36,904.60","36,299.60",1.97M,0.31%
2/5/2024,36791.2,"35,619.00","37,358.40","35,581.20",2.91M,3.73%
2/2/2024,35467.8,"35,770.30","35,921.50","35,316.50",2.52M,-0.74%
2/1/2024,35732.5,"35,921.50","36,261.80","35,656.80",1.99M,-0.94%
1/31/2024,36072.8,"36,677.80","36,904.60","35,921.50",2.16M,-1.55%
1/30/2024,36640,"36,904.60","36,980.30","36,450.90",1.45M,-0.51%
1/29/2024,36829,"36,980.30","37,207.10","36,677.80",1.27M,-0.51%
1/26/2024,37018.1,"36,602.10","37,018.10","36,602.10",1.05M,1.14%
1/25/2024,36602.1,"36,980.30","37,623.10","36,602.10",1.74M,-1.02%
1/24/2024,36980.3,"36,677.80","37,207.10","36,640.00",2.42M,-1.01%
1/23/2024,37358.4,"37,434.00","37,660.90","36,791.20",2.82M,-0.80%
1/22/2024,37660.9,"37,774.30","37,963.40","36,829.00",3.06M,-0.10%
1/19/2024,37698.7,"36,224.00","37,698.70","35,694.70",3.82M,4.95%
1/18/2024,35921.5,"35,430.00","36,186.20","35,278.70",2.95M,1.39%
1/17/2024,35430,"35,203.10","35,543.40","35,014.00",1.89M,-0.11%
1/16/2024,35467.8,"34,825.00","35,505.60","34,825.00",1.46M,0.64%
1/15/2024,35240.9,"34,825.00","35,543.40","34,825.00",1.73M,1.30%
1/12/2024,34787.2,"34,711.50","35,694.70","34,068.70",3.97M,-1.08%
1/11/2024,35165.3,"35,694.70","35,732.50","34,938.40",4.38M,-1.90%
1/10/2024,35845.9,"34,825.00","36,148.40","34,787.20",2.77M,2.93%
1/9/2024,34825,"35,543.40","35,543.40","34,825.00",2.25M,-0.75%
1/8/2024,35089.7,"33,879.70","35,165.30","33,766.20",2.52M,4.27%
1/5/2024,33652.8,"33,047.80","33,993.10","33,047.80",1.72M,1.95%
1/4/2024,33010,"33,199.10","34,030.90","32,972.20",4.15M,-0.34%
1/3/2024,33123.4,"32,820.90","33,350.30","32,518.40",2.02M,1.86%
1/2/2024,32518.4,"32,820.90","32,972.20","32,291.60",1.44M,-0.92%
12/29/2023,32820.9,"32,291.60","32,820.90","31,989.10",1.14M,1.64%
12/28/2023,32291.6,"32,518.40","32,631.90","32,291.60",1.42M,-0.70%
12/27/2023,32518.4,"32,367.20","32,669.70","32,367.20",1.21M,0.00%
12/26/2023,32518.4,"32,669.70","32,934.40","32,291.60",1.50M,-0.46%
12/25/2023,32669.7,"32,140.30","32,745.30","31,762.20",1.52M,1.77%
12/22/2023,32102.5,"31,610.90","32,102.50","31,308.40",1.54M,1.56%
12/21/2023,31610.9,"30,930.30","31,686.60","30,930.30",1.47M,1.21%
12/20/2023,31232.8,"31,686.60","31,762.20","30,854.70",1.32M,0.24%
12/19/2023,31157.2,"31,005.90","31,384.10","30,665.60",1.06M,0.49%
12/18/2023,31005.9,"31,043.80","31,384.10","30,627.80",877.04K,-1.20%
12/15/2023,31384.1,"31,346.30","31,535.30","31,195.00",726.56K,-0.24%
12/14/2023,31459.7,"31,497.50","31,610.90","31,232.80",1.01M,0.00%
12/13/2023,31459.7,"31,686.60","31,762.20","30,703.50",1.03M,-0.72%
12/12/2023,31686.6,"31,384.10","31,800.00","31,157.20",1.24M,1.21%
12/11/2023,31308.4,"31,762.20","31,913.40","31,270.60",2.05M,-1.19%
12/8/2023,31686.6,"30,703.50","31,762.20","30,703.50",3.11M,3.20%
12/7/2023,30703.5,"30,514.40","31,005.90","30,249.70",2.53M,1.50%
12/6/2023,30249.7,"29,985.00","30,552.20","29,796.00",1.50M,0.88%
12/5/2023,29985,"30,098.50","30,174.10","29,796.00",846.01K,-0.38%
12/4/2023,30098.5,"29,871.60","30,098.50","29,758.20",920.35K,1.02%
12/1/2023,29796,"29,417.80","29,871.60","29,380.00",983.95K,1.42%
11/30/2023,29380,"29,493.50","29,871.60","29,342.20",938.96K,-1.15%
11/29/2023,29720.3,"29,493.50","29,720.30","29,417.80",1.05M,1.16%
11/28/2023,29380,"29,493.50","29,493.50","28,888.50",1.08M,1.81%
11/27/2023,28856.5,"29,292.70","29,292.70","28,722.30",1.09M,-1.49%
11/24/2023,29292.7,"28,856.50","29,292.70","28,453.90",1.18M,1.51%
11/23/2023,28856.5,"29,527.60","29,527.60","28,856.50",1.10M,-1.38%
11/22/2023,29259.2,"29,494.10","29,527.60","29,125.00",1.08M,-0.80%
11/21/2023,29494.1,"29,326.30","29,494.10","28,856.50",1.20M,1.85%
11/20/2023,28957.2,"28,185.50","29,427.00","28,185.50",1.18M,0.58%
11/17/2023,28789.4,"29,527.60","29,527.60","28,554.50",1.76M,-1.94%
11/16/2023,29359.8,"29,695.40","29,796.00","29,158.50",1.41M,-0.91%
11/15/2023,29628.3,"29,125.00","29,628.30","28,990.80",2.11M,2.67%
11/14/2023,28856.5,"28,353.20","29,158.50","28,353.20",2.29M,2.14%
11/13/2023,28252.6,"28,319.70","28,655.20","28,151.90",690.41K,-0.24%
11/10/2023,28319.7,"28,453.90","28,789.40","28,252.60",914.04K,-1.52%
11/9/2023,28755.9,"28,856.50","28,957.20","28,588.10",1.10M,-0.12%
11/8/2023,28789.4,"27,950.60","28,856.50","27,883.50",1.41M,2.63%
11/7/2023,28051.2,"28,185.50","28,185.50","27,849.90",774.03K,0.00%
11/6/2023,28051.2,"27,950.60","28,319.70","27,917.00",855.03K,0.72%
11/3/2023,27849.9,"28,353.20","28,353.20","27,849.90",820.80K,-0.36%
11/2/2023,27950.6,"27,413.70","27,950.60","27,245.90",1.01M,4.13%
11/1/2023,26843.3,"27,447.30","27,447.30","26,642.00",511.21K,-0.50%
10/31/2023,26977.5,"27,514.40","27,849.90","26,977.50",793.99K,-1.95%
10/30/2023,27514.4,"28,118.30","28,118.30","27,514.40",787.58K,-2.38%
10/27/2023,28185.5,"27,212.40","28,185.50","26,977.50",1.30M,3.58%
10/26/2023,27212.4,"26,843.30","27,447.30","26,172.20",2.88M,-0.49%
10/25/2023,27346.6,"27,715.70","27,917.00","27,346.60",1.08M,-1.33%
10/24/2023,27715.7,"26,943.90","27,816.40","26,943.90",1.33M,2.48%
10/23/2023,27044.6,"27,044.60","27,178.80","26,910.40",1.03M,-0.49%
10/20/2023,27178.8,"26,977.50","27,178.80","26,541.30",1.43M,0.75%
10/19/2023,26977.5,"26,977.50","27,245.90","26,642.00",1.70M,0.50%
10/18/2023,26843.3,"27,715.70","27,749.20","26,843.30",2.12M,-3.15%
10/17/2023,27715.7,"28,118.30","28,319.70","27,715.70",1.43M,-0.84%
10/16/2023,27950.6,"28,521.00","28,521.00","27,682.10",1.42M,-2.00%
10/13/2023,28521,"28,319.70","28,521.00","28,252.60",1.50M,0.83%
10/12/2023,28286.1,"28,219.00","28,453.90","28,118.30",1.48M,0.36%
10/11/2023,28185.5,"28,521.00","28,521.00","28,017.70",1.63M,-0.12%
10/10/2023,28219,"28,319.70","28,521.00","28,118.30",1.28M,0.24%
10/9/2023,28151.9,"28,319.70","28,386.80","28,051.20",1.02M,-0.59%
10/6/2023,28319.7,"27,917.00","28,521.00","27,648.60",808.85K,1.44%
10/5/2023,27917,"28,521.00","28,755.90","27,883.50",766.45K,-2.12%
10/4/2023,28521,"27,514.40","28,823.00","27,514.40",1.30M,2.29%
10/3/2023,27883.5,"29,292.70","29,359.80","27,883.50",1.95M,-5.46%
10/2/2023,29494.1,"29,762.50","29,963.80","29,393.40",1.00M,-0.90%
9/29/2023,29762.5,"29,796.00","30,030.90","29,661.80",790.49K,0.00%
9/28/2023,29762.5,"29,762.50","29,997.40","29,695.40",1.01M,-0.11%
9/27/2023,29796,"29,762.50","29,997.40","29,695.40",1.57M,0.11%
9/26/2023,29762.5,"30,400.00","30,400.00","29,661.80",1.63M,-1.66%
9/25/2023,30265.8,"30,903.30","30,903.30","30,131.60",1.51M,-2.06%
9/22/2023,30903.3,"30,064.50","30,903.30","29,661.80",2.66M,1.88%
9/21/2023,30332.9,"30,668.50","30,903.30","30,265.80",1.33M,-1.09%
9/20/2023,30668.5,"30,332.90","30,668.50","30,265.80",980.91K,1.11%
9/19/2023,30332.9,"30,735.60","30,970.40","30,198.70",1.73M,-1.20%
9/18/2023,30702,"31,540.90","31,540.90","30,400.00",2.11M,-2.24%
9/15/2023,31406.6,"31,540.90","31,809.30","31,406.60",1.54M,0.11%
9/14/2023,31373.1,"31,540.90","32,144.80","31,373.10",2.73M,-0.53%
9/13/2023,31540.9,"31,608.00","31,775.70","31,205.30",1.75M,0.00%
9/12/2023,31540.9,"31,373.10","31,540.90","31,138.20",1.44M,1.08%
9/11/2023,31205.3,"31,809.30","31,809.30","30,869.80",1.41M,-1.06%
9/8/2023,31540.9,"31,876.40","31,910.00","31,507.30",2.33M,-0.74%
9/7/2023,31775.7,"31,876.40","32,312.60","31,675.10",1.71M,0.11%
9/6/2023,31742.2,"32,010.60","32,010.60","31,641.50",1.72M,-0.42%
9/5/2023,31876.4,"31,540.90","32,010.60","31,540.90",1.98M,1.17%
8/31/2023,31507.3,"31,104.70","31,507.30","31,071.10",2.43M,1.62%
8/30/2023,31004,"30,869.80","31,272.40","30,735.60",1.64M,0.87%
8/29/2023,30735.6,"30,467.10","30,936.90","30,433.60",1.98M,0.88%
8/28/2023,30467.1,"30,433.60","30,802.70","30,400.00",1.08M,0.44%
8/25/2023,30332.9,"30,735.60","30,735.60","30,232.30",1.71M,-1.31%
8/24/2023,30735.6,"30,668.50","30,936.90","30,433.60",1.98M,0.22%
8/23/2023,30668.5,"31,004.00","31,004.00","30,467.10",1.99M,-0.22%
8/22/2023,30735.6,"30,131.60","30,836.20","29,863.20",1.88M,0.44%
8/21/2023,30601.3,"29,930.30","31,440.20","29,863.20",2.64M,3.17%
8/18/2023,29661.8,"31,608.00","31,608.00","29,594.70",4.15M,-6.16%
8/17/2023,31608,"31,876.40","32,010.60","31,608.00",2.43M,-0.84%
8/16/2023,31876.4,"31,507.30","31,943.50","31,473.80",1.97M,1.06%
8/15/2023,31540.9,"31,809.30","31,943.50","31,440.20",2.42M,-1.26%
8/14/2023,31943.5,"31,540.90","31,977.10","31,306.00",3.08M,1.93%
8/11/2023,31339.5,"31,205.30","31,473.80","30,601.30",3.06M,0.43%
8/10/2023,31205.3,"32,346.20","32,480.40","31,205.30",3.81M,-3.53%
8/9/2023,32346.2,"32,648.10","32,748.80","32,245.50",2.63M,-0.92%
8/8/2023,32648.1,"32,815.90","33,185.00","32,581.00",3.07M,-0.41%
8/7/2023,32782.4,"32,681.70","33,185.00","32,513.90",2.92M,0.93%
8/4/2023,32480.4,"32,547.50","32,815.90","32,346.20",3.20M,-0.31%
8/3/2023,32581,"32,950.10","32,983.70","32,480.40",3.05M,-1.12%
8/2/2023,32950.1,"32,346.20","33,084.40","32,312.60",3.43M,1.87%
8/1/2023,32346.2,"31,910.00","33,218.60","31,675.10",5.56M,2.12%
7/31/2023,31675.1,"31,540.90","31,842.80","31,339.50",2.73M,1.07%
7/28/2023,31339.5,"31,339.50","31,742.20","31,138.20",2.56M,0.00%
7/27/2023,31339.5,"31,742.20","31,809.30","31,306.00",2.00M,-1.37%
7/26/2023,31775.7,"31,641.50","32,245.50","31,641.50",3.39M,0.42%
7/25/2023,31641.5,"31,373.10","31,675.10","31,339.50",2.36M,0.75%
7/24/2023,31406.6,"31,473.80","31,943.50","31,406.60",2.87M,0.11%
7/21/2023,31373.1,"31,037.60","31,373.10","30,936.90",2.07M,1.08%
7/20/2023,31037.6,"31,004.00","31,138.20","30,769.10",1.36M,0.00%
7/19/2023,31037.6,"31,473.80","31,473.80","30,769.10",3.39M,-0.96%
7/18/2023,31339.5,"31,004.00","31,339.50","31,004.00",2.43M,1.08%
7/17/2023,31004,"31,373.10","31,608.00","31,004.00",3.25M,-1.18%
7/14/2023,31373.1,"31,473.80","31,977.10","30,903.30",3.80M,-0.32%
7/13/2023,31473.8,"31,473.80","31,876.40","31,238.90",2.75M,0.43%
7/12/2023,31339.5,"31,507.30","31,641.50","30,970.40",3.40M,0.32%
7/11/2023,31238.9,"31,675.10","31,809.30","31,205.30",3.82M,-0.85%
7/10/2023,31507.3,"29,796.00","31,507.30","29,661.80",6.73M,5.98%
7/7/2023,29728.9,"29,326.30","29,728.90","29,326.30",1.28M,0.80%
7/6/2023,29494.1,"29,661.80","29,963.80","29,259.20",1.95M,-0.90%
7/5/2023,29762.5,"29,661.80","30,030.90","29,561.20",1.89M,0.80%
7/4/2023,29527.6,"29,796.00","29,896.70","29,359.80",1.72M,-1.12%
7/3/2023,29863.2,"29,460.50","29,863.20","29,326.30",1.58M,2.65%
6/30/2023,29091.4,"29,863.20","30,064.50","29,091.40",1.42M,-2.58%
6/29/2023,29863.2,"30,467.10","30,802.70","29,863.20",2.30M,-1.87%
6/28/2023,30433.6,"29,728.90","30,433.60","29,628.30",3.41M,2.37%
6/27/2023,29728.9,"29,594.70","29,829.60","29,527.60",1.16M,0.00%
6/26/2023,29728.9,"29,863.20","30,098.00","29,460.50",1.78M,0.00%
6/23/2023,29728.9,"29,460.50","30,165.10","29,326.30",2.79M,0.80%
6/22/2023,29494.1,"29,326.30","29,561.20","29,125.00",1.87M,1.27%
6/21/2023,29125,"29,192.10","29,527.60","29,057.90",1.18M,-0.23%
6/20/2023,29192.1,"29,158.50","29,192.10","28,957.20",1.18M,0.46%
6/19/2023,29057.9,"29,393.40","29,427.00","29,057.90",1.16M,-0.92%
6/16/2023,29326.3,"29,728.90","29,863.20","29,292.70",2.10M,-0.34%
6/15/2023,29427,"29,460.50","29,661.80","29,326.30",1.20M,-0.34%
6/14/2023,29527.6,"29,930.30","29,997.40","29,527.60",1.94M,-0.79%
6/13/2023,29762.5,"29,326.30","29,863.20","29,292.70",1.94M,1.60%
6/12/2023,29292.7,"29,259.20","29,292.70","28,856.50",1.64M,0.46%
6/9/2023,29158.5,"29,393.40","29,561.20","28,923.60",1.88M,-0.57%
6/8/2023,29326.3,"29,796.00","29,863.20","29,326.30",2.41M,-1.47%
6/7/2023,29762.5,"30,064.50","30,131.60","29,762.50",1.41M,-1.00%
6/6/2023,30064.5,"30,198.70","30,198.70","29,728.90",1.23M,0.22%
6/5/2023,29997.4,"30,131.60","30,433.60","29,997.40",1.40M,0.00%
6/2/2023,29997.4,"29,527.60","30,131.60","29,527.60",1.75M,1.82%
6/1/2023,29460.5,"29,527.60","29,527.60","29,292.70",900.19K,-0.23%
5/31/2023,29527.6,"29,393.40","29,527.60","29,225.60",1.12M,0.46%
5/30/2023,29393.4,"29,527.60","29,527.60","29,259.20",1.17M,-0.23%
5/29/2023,29460.5,"29,494.10","29,494.10","29,125.00",973.33K,1.15%
5/26/2023,29125,"29,594.70","29,594.70","29,125.00",793.70K,-0.80%
5/25/2023,29359.8,"29,192.10","29,527.60","29,158.50",954.83K,0.57%
5/24/2023,29192.1,"29,527.60","29,527.60","29,192.10",1.12M,-0.80%
5/23/2023,29427,"30,131.60","30,131.60","29,427.00",1.10M,-1.24%
5/22/2023,29796,"29,796.00","30,165.10","29,796.00",885.48K,0.00%
5/19/2023,29796,"29,930.30","30,165.10","29,728.90",878.78K,-0.56%
5/18/2023,29963.8,"30,131.60","30,165.10","29,863.20",749.85K,-0.33%
5/17/2023,30064.5,"30,198.70","30,265.80","30,064.50",1.26M,-0.44%
5/16/2023,30198.7,"30,265.80","30,265.80","30,030.90",625.29K,0.22%
5/15/2023,30131.6,"30,869.80","30,869.80","30,131.60",634.46K,-0.22%
5/12/2023,30198.7,"30,198.70","30,265.80","29,896.70",623.97K,0.00%
5/11/2023,30198.7,"30,198.70","30,366.50","30,064.50",743.73K,0.00%
5/10/2023,30198.7,"30,400.00","30,400.00","29,863.20",866.83K,-0.22%
5/9/2023,30265.8,"29,997.40","30,433.60","29,997.40",948.27K,0.89%
5/8/2023,29997.4,"29,225.60","30,534.20","29,225.60",1.65M,2.88%
5/5/2023,29158.5,"29,393.40","29,427.00","29,158.50",431.96K,-0.69%
5/4/2023,29359.8,"29,192.10","29,661.80","29,057.90",548.51K,0.57%
4/28/2023,29192.1,"29,494.10","29,594.70","29,192.10",604.01K,-0.91%
4/27/2023,29460.5,"29,594.70","29,594.70","29,192.10",237.61K,-0.45%
4/26/2023,29594.7,"29,192.10","29,728.90","28,990.80",590.17K,1.26%
4/25/2023,29225.6,"29,259.20","29,460.50","28,957.20",785.54K,-0.34%
4/24/2023,29326.3,"29,661.80","29,661.80","29,326.30",674.38K,-1.13%
4/21/2023,29661.8,"29,930.30","29,930.30","29,661.80",516.46K,-0.90%
4/20/2023,29930.3,"29,762.50","29,930.30","29,628.30",374.27K,0.45%
4/19/2023,29796,"30,030.90","30,030.90","29,661.80",658.65K,-0.45%
4/18/2023,29930.3,"30,064.50","30,198.70","29,728.90",931.95K,-0.89%
4/17/2023,30198.7,"29,829.60","30,265.80","29,796.00",1.04M,1.24%
4/14/2023,29829.6,"30,198.70","30,198.70","29,829.60",901.36K,-1.11%
4/13/2023,30165.1,"29,796.00","30,198.70","29,796.00",1.13M,1.24%
4/12/2023,29796,"29,863.20","30,064.50","29,661.80",1.13M,0.00%
4/11/2023,29796,"29,829.60","29,963.80","29,628.30",1.79M,-0.67%
4/10/2023,29997.4,"30,735.60","30,735.60","29,997.40",2.63M,-2.08%
4/7/2023,30634.9,"30,702.00","30,869.80","30,534.20",1.07M,-0.76%
4/6/2023,30869.8,"30,534.20","31,205.30","30,400.00",2.21M,1.10%
4/5/2023,30534.2,"30,869.80","31,071.10","30,400.00",1.99M,-1.09%
4/4/2023,30869.8,"30,802.70","30,970.40","30,668.50",1.30M,0.22%
4/3/2023,30802.7,"31,306.00","31,406.60","30,735.60",1.84M,-0.65%
3/31/2023,31004,"31,004.00","31,540.90","30,903.30",937.78K,0.00%
3/30/2023,31004,"31,037.60","31,272.40","31,004.00",1.02M,0.00%
3/29/2023,31004,"30,869.80","31,104.70","30,567.80",441.57K,0.43%
3/28/2023,30869.8,"31,205.30","31,406.60","30,869.80",734.26K,0.00%
3/27/2023,30869.8,"30,567.80","30,970.40","30,198.70",979.30K,0.99%
3/24/2023,30567.8,"30,802.70","31,071.10","30,534.20",531.17K,-0.76%
3/23/2023,30802.7,"30,400.00","30,869.80","30,400.00",604.45K,-0.43%
3/22/2023,30936.9,"30,702.00","31,004.00","30,500.70",817.01K,1.65%
3/21/2023,30433.6,"30,467.10","30,702.00","30,064.50",1.08M,0.00%
3/20/2023,30433.6,"30,869.80","30,869.80","30,198.70",853.43K,-2.05%
3/17/2023,31071.1,"31,540.90","31,540.90","30,869.80",452.65K,0.11%
3/16/2023,31037.6,"30,903.30","31,473.80","30,903.30",1.28M,-1.18%
3/15/2023,31406.6,"30,869.80","31,809.30","30,500.70",915.49K,3.88%
3/14/2023,30232.3,"30,936.90","31,104.70","30,030.90",2.10M,-2.59%
3/13/2023,31037.6,"31,272.40","31,473.80","31,037.60",1.36M,-1.91%
3/10/2023,31641.5,"31,842.80","31,842.80","31,507.30",1.26M,-1.05%
3/9/2023,31977.1,"32,211.90","32,211.90","31,574.40",1.71M,-0.73%
3/8/2023,32211.9,"31,138.20","32,211.90","30,802.70",1.79M,2.35%
3/7/2023,31473.8,"30,534.20","31,608.00","30,534.20",2.38M,2.40%
3/6/2023,30735.6,"30,802.70","31,540.90","30,400.00",1.26M,-0.22%
3/3/2023,30802.7,"31,138.20","31,205.30","30,366.50",1.07M,-1.08%
3/2/2023,31138.2,"30,634.90","31,205.30","30,467.10",1.42M,1.64%
3/1/2023,30634.9,"29,527.60","30,634.90","29,393.40",1.08M,3.51%
2/28/2023,29594.7,"29,695.40","29,930.30","29,561.20",375.29K,-0.34%
2/27/2023,29695.4,"29,863.20","29,863.20","29,259.20",1.37M,-0.78%
2/24/2023,29930.3,"30,232.30","30,567.80","29,796.00",725.37K,-2.09%
2/23/2023,30567.8,"30,165.10","30,567.80","29,326.30",1.86M,1.22%
2/22/2023,30198.7,"30,769.10","30,869.80","30,198.70",1.45M,-2.70%
2/21/2023,31037.6,"31,675.10","31,742.20","31,037.60",1.45M,-2.01%
2/20/2023,31675.1,"30,735.60","31,775.70","30,735.60",2.20M,3.06%
2/17/2023,30735.6,"30,198.70","30,735.60","30,165.10",2.18M,1.78%
2/16/2023,30198.7,"29,997.40","30,198.70","29,527.60",1.56M,2.27%
2/15/2023,29527.6,"28,957.20","29,829.60","28,957.20",880.82K,1.38%
2/14/2023,29125,"29,863.20","29,863.20","29,057.90",1.93M,-2.25%
2/13/2023,29796,"28,823.00","29,796.00","28,823.00",2.32M,3.38%
2/10/2023,28823,"29,796.00","29,896.70","28,823.00",2.04M,-2.39%
2/9/2023,29527.6,"29,863.20","30,198.70","29,527.60",1.73M,-1.12%
2/8/2023,29863.2,"29,460.50","30,366.50","29,460.50",2.62M,1.60%
2/7/2023,29393.4,"30,198.70","30,433.60","29,326.30",2.28M,-2.67%
2/6/2023,30198.7,"29,057.90","30,198.70","28,789.40",2.55M,3.81%
2/3/2023,29091.4,"29,192.10","29,393.40","28,957.20",2.01M,0.46%
2/2/2023,28957.2,"28,688.80","29,259.20","28,252.60",4.17M,0.82%
2/1/2023,28722.3,"30,433.60","30,534.20","28,588.10",3.66M,-5.10%
1/31/2023,30265.8,"29,695.40","30,265.80","29,225.60",2.39M,1.35%
1/30/2023,29863.2,"29,527.60","30,131.60","29,527.60",1.76M,-0.11%
1/27/2023,29896.7,"31,205.30","31,272.40","29,863.20",2.52M,-3.05%
1/19/2023,30836.2,"30,265.80","31,071.10","30,165.10",2.41M,1.88%
1/18/2023,30265.8,"30,131.60","30,567.80","30,064.50",2.67M,0.33%
1/17/2023,30165.1,"30,198.70","30,400.00","29,930.30",2.18M,0.56%
1/16/2023,29997.4,"28,185.50","29,997.40","28,151.90",6.90M,6.94%
1/13/2023,28051.2,"27,917.00","28,319.70","27,917.00",2.37M,0.84%
1/12/2023,27816.4,"27,749.20","28,151.90","27,514.40",1.03M,0.48%
1/11/2023,27682.1,"27,917.00","28,319.70","27,447.30",2.23M,-0.12%
1/10/2023,27715.7,"27,917.00","27,984.10","27,346.60",1.35M,0.73%
1/9/2023,27514.4,"28,319.70","28,319.70","27,413.70",1.93M,-1.56%
1/6/2023,27950.6,"27,346.60","28,487.40","27,245.90",4.95M,2.21%
1/5/2023,27346.6,"27,514.40","27,581.50","27,011.10",1.71M,-0.12%
1/4/2023,27380.2,"27,648.60","28,319.70","27,111.70",3.02M,-0.97%
1/3/2023,27648.6,"26,373.50","27,648.60","26,205.80",2.52M,6.74%
12/30/2022,25903.8,"27,011.10","27,849.90","25,903.80",3.81M,-3.50%
12/29/2022,26843.3,"28,185.50","28,252.60","26,843.30",1.84M,-4.53%
12/28/2022,28118.3,"26,910.40","28,453.90","26,574.90",5.38M,4.75%
12/27/2022,26843.3,"26,038.00","26,843.30","25,970.90",2.18M,3.09%
12/26/2022,26038,"26,172.20","26,239.30","26,004.40",1.83M,-0.51%
12/23/2022,26172.2,"26,507.70","26,507.70","26,172.20",1.01M,0.00%
12/22/2022,26172.2,"26,071.50","26,776.20","26,004.40",1.95M,1.04%
12/21/2022,25903.8,"26,071.50","26,574.90","25,803.10",2.09M,0.26%
12/20/2022,25836.7,"26,038.00","26,172.20","25,165.60",2.41M,-0.77%
12/19/2022,26038,"26,038.00","27,178.80","26,038.00",2.79M,-0.26%
12/16/2022,26105.1,"25,937.30","26,507.70","25,937.30",1.46M,-0.26%
12/15/2022,26172.2,"25,903.80","26,742.60","25,903.80",2.13M,0.52%
12/14/2022,26038,"26,642.00","26,642.00","26,038.00",960.65K,0.26%
12/13/2022,25970.9,"25,534.70","26,507.70","25,534.70",2.49M,1.57%
12/12/2022,25568.2,"26,440.60","26,776.20","25,568.20",2.89M,-2.81%
12/9/2022,26306.4,"26,105.10","26,507.70","25,702.40",2.37M,0.51%
12/8/2022,26172.2,"26,306.40","27,648.60","26,038.00",3.98M,0.00%
12/7/2022,26172.2,"26,507.70","26,507.70","25,836.70",2.62M,-0.26%
12/6/2022,26239.3,"27,581.50","27,581.50","26,239.30",3.89M,-5.21%
12/5/2022,27682.1,"27,782.80","28,185.50","27,212.40",2.43M,0.12%
12/2/2022,27648.6,"26,172.20","27,715.70","26,138.70",2.19M,5.64%
12/1/2022,26172.2,"27,581.50","27,849.90","26,172.20",2.82M,-5.11%
11/30/2022,27581.5,"27,514.40","28,386.80","26,507.70",2.99M,0.24%
11/29/2022,27514.4,"26,507.70","27,514.40","26,071.50",3.71M,3.80%
11/28/2022,26507.7,"26,843.30","27,245.90","26,172.20",3.80M,-1.25%
11/25/2022,26843.3,"25,769.60","26,843.30","25,635.30",3.74M,5.26%
11/24/2022,25501.1,"24,964.30","25,769.60","24,695.80",2.61M,1.60%
11/23/2022,25098.5,"24,427.40","25,501.10","24,125.40",3.52M,2.61%
11/22/2022,24460.9,"23,219.40","24,662.30","23,219.40",3.07M,2.68%
11/21/2022,23823.4,"24,494.50","24,494.50","23,823.40",1.87M,-1.25%
11/18/2022,24125.4,"23,924.10","24,192.50","22,816.80",2.02M,0.84%
11/17/2022,23924.1,"24,293.20","24,494.50","23,823.40",2.17M,-0.14%
11/16/2022,23957.6,"21,407.50","23,957.60","21,172.60",2.34M,6.89%
11/15/2022,22414.1,"23,487.90","23,991.20","22,414.10",2.75M,-6.96%
11/14/2022,24091.9,"23,890.50","24,762.90","23,420.80",1.93M,-0.28%
11/11/2022,24159,"24,159.00","24,494.50","23,756.30",3.15M,3.75%
11/10/2022,23286.6,"24,125.40","24,125.40","22,581.90",3.64M,-4.01%
11/9/2022,24259.6,"23,555.00","24,695.80","23,521.40",6.56M,3.58%
11/8/2022,23420.8,"22,145.70","23,487.90","22,145.70",4.49M,4.80%
11/7/2022,22347,"22,011.50","22,883.90","22,011.50",2.31M,0.00%
11/4/2022,22347,"22,145.70","22,581.90","21,172.60",3.46M,0.91%
11/3/2022,22145.7,"22,246.40","22,682.60","22,145.70",1.64M,-2.08%
11/2/2022,22615.5,"22,850.30","23,051.70","22,514.80",1.93M,-1.03%
11/1/2022,22850.3,"23,219.40","23,588.50","22,816.80",2.35M,-1.45%
10/31/2022,23185.9,"22,682.60","23,387.20","22,615.50",3.88M,2.22%
10/28/2022,22682.6,"23,018.10","23,454.30","22,682.60",3.07M,-0.29%
10/27/2022,22749.7,"21,340.40","22,749.70","21,340.40",2.96M,6.94%
10/26/2022,21273.3,"21,139.10","21,810.20","21,004.90",996.49K,1.28%
10/25/2022,21004.9,"20,132.50","21,776.60","19,662.70",2.13M,3.13%
10/24/2022,20367.3,"22,112.20","22,112.20","20,367.30",2.00M,-6.90%
10/21/2022,21877.3,"22,246.40","22,246.40","21,541.70",2.41M,-1.66%
10/20/2022,22246.4,"21,877.30","22,816.80","21,810.20",2.15M,0.45%
10/19/2022,22145.7,"22,011.50","22,481.30","21,743.10",1.10M,0.61%
10/18/2022,22011.5,"22,145.70","22,447.70","21,944.40",1.29M,0.31%
10/17/2022,21944.4,"22,112.20","22,112.20","21,273.30",1.59M,-0.91%
10/14/2022,22145.7,"22,145.70","22,279.90","21,877.30",2.51M,1.69%
10/13/2022,21776.6,"20,501.60","21,776.60","20,434.50",2.06M,6.57%
10/12/2022,20434.5,"19,461.40","20,434.50","19,260.10",2.15M,6.84%
10/11/2022,19125.8,"20,132.50","20,132.50","19,125.80",1.32M,-5.00%
10/10/2022,20132.5,"18,891.00","20,434.50","18,790.30",1.46M,2.74%
10/7/2022,19595.6,"20,468.00","20,535.10","19,394.30",2.50M,-5.81%
10/6/2022,20803.5,"21,441.10","21,441.10","20,803.50",1.33M,-2.52%
10/5/2022,21340.4,"21,340.40","21,474.60","21,004.90",751.89K,2.58%
10/4/2022,20803.5,"21,474.60","21,508.20","20,736.40",1.74M,-1.74%
10/3/2022,21172.6,"22,212.80","22,548.40","21,172.60",2.29M,-6.93%
9/30/2022,22749.7,"22,011.50","22,749.70","21,676.00",2.65M,1.19%
9/29/2022,22481.3,"22,816.80","22,883.90","22,447.70",1.46M,0.00%
9/28/2022,22481.3,"22,615.50","22,749.70","22,380.60",1.13M,-0.59%
9/27/2022,22615.5,"22,481.30","22,850.30","22,145.70",884.75K,0.90%
9/26/2022,22414.1,"22,883.90","22,984.60","21,743.10",2.94M,-3.88%
9/23/2022,23320.1,"23,890.50","23,890.50","23,152.30",1.14M,-1.14%
9/22/2022,23588.5,"23,185.90","23,689.20","23,118.80",1.42M,1.15%
9/21/2022,23320.1,"23,353.70","23,555.00","23,320.10",721.73K,-1.14%
9/20/2022,23588.5,"23,018.10","23,655.60","23,018.10",1.63M,2.78%
9/19/2022,22951,"23,789.90","23,789.90","22,883.90",1.86M,-3.66%
9/16/2022,23823.4,"24,159.00","24,293.20","23,823.40",1.42M,-0.70%
9/15/2022,23991.2,"24,494.50","24,695.80","23,924.10",2.83M,-2.05%
9/14/2022,24494.5,"24,159.00","24,494.50","24,125.40",1.36M,-0.82%
9/13/2022,24695.8,"24,762.90","24,997.80","24,595.20",1.22M,-0.27%
9/12/2022,24762.9,"24,830.00","25,165.60","24,695.80",1.37M,-0.27%
9/9/2022,24830,"24,628.70","24,897.10","24,259.60",1.62M,0.82%
9/8/2022,24628.7,"25,434.00","25,736.00","24,561.60",3.19M,-2.91%
9/7/2022,25366.9,"26,776.20","26,776.20","25,366.90",4.39M,-5.62%
9/6/2022,26876.8,"26,507.70","27,212.40","26,474.20",2.59M,1.39%
9/5/2022,26507.7,"26,843.30","26,876.80","26,340.00",1.17M,-1.25%
8/31/2022,26843.3,"26,709.10","26,977.50","26,574.90",2.36M,0.50%
8/30/2022,26709.1,"26,205.80","27,145.30","26,172.20",3.39M,2.05%
8/29/2022,26172.2,"25,903.80","26,373.50","25,601.80",1.96M,-1.02%
8/26/2022,26440.6,"26,373.50","26,943.90","26,373.50",2.92M,0.25%
8/25/2022,26373.5,"26,172.20","26,507.70","26,138.70",1.85M,0.00%
8/24/2022,26373.5,"26,642.00","26,709.10","26,138.70",1.41M,-0.51%
8/23/2022,26507.7,"25,736.00","26,507.70","25,635.30",2.52M,2.73%
8/22/2022,25803.1,"26,407.10","26,407.10","25,736.00",2.57M,-2.29%
8/19/2022,26407.1,"26,541.30","26,843.30","26,306.40",2.12M,-0.63%
8/18/2022,26574.9,"26,642.00","26,910.40","26,574.90",2.16M,-1.00%
8/17/2022,26843.3,"27,178.80","27,245.90","26,843.30",2.03M,-1.23%
8/16/2022,27178.8,"27,480.80","27,581.50","27,178.80",1.43M,-1.22%
8/15/2022,27514.4,"26,373.50","27,615.00","26,373.50",5.50M,4.59%
8/12/2022,26306.4,"25,702.40","26,306.40","25,601.80",2.39M,2.35%
8/11/2022,25702.4,"26,172.20","26,373.50","25,635.30",2.53M,-0.26%
8/10/2022,25769.6,"25,836.70","26,038.00","25,769.60",1.44M,-0.65%
8/9/2022,25937.3,"26,038.00","26,306.40","25,903.80",2.28M,-0.39%
8/8/2022,26038,"26,172.20","26,340.00","25,970.90",1.44M,-0.51%
8/5/2022,26172.2,"26,306.40","26,306.40","25,836.70",1.50M,-0.76%
8/4/2022,26373.5,"26,373.50","26,608.40","25,836.70",3.53M,0.00%
8/3/2022,26373.5,"25,467.60","26,373.50","25,434.00",3.13M,2.08%
8/2/2022,25836.7,"25,903.80","26,172.20","25,635.30",2.84M,-1.28%
8/1/2022,26172.2,"25,098.50","26,172.20","25,031.40",4.91M,4.56%
7/29/2022,25031.4,"24,628.70","25,434.00","24,595.20",6.08M,2.19%
7/28/2022,24494.5,"24,159.00","24,729.40","23,957.60",2.99M,2.67%
7/27/2022,23857,"23,857.00","23,924.10","23,487.90",1.06M,0.00%
7/26/2022,23857,"24,024.70","24,159.00","23,823.40",1.29M,0.42%
7/25/2022,23756.3,"23,823.40","24,091.90","23,353.70",1.74M,-0.28%
7/22/2022,23823.4,"24,762.90","24,762.90","23,823.40",1.82M,-2.74%
7/21/2022,24494.5,"24,293.20","24,729.40","24,293.20",2.21M,0.27%
7/20/2022,24427.4,"24,293.20","24,762.90","24,125.40",2.31M,2.10%
7/19/2022,23924.1,"23,823.40","24,058.30","23,487.90",1.42M,0.42%
7/18/2022,23823.4,"24,159.00","24,159.00","23,756.30",2.47M,-0.84%
7/15/2022,24024.7,"24,226.10","24,662.30","24,024.70",2.02M,-0.97%
7/14/2022,24259.6,"24,024.70","24,762.90","23,991.20",2.19M,0.28%
7/13/2022,24192.5,"24,293.20","24,964.30","24,024.70",3.87M,-0.96%
7/12/2022,24427.4,"23,051.70","24,494.50","22,951.00",2.43M,5.51%
7/11/2022,23152.3,"23,420.80","23,588.50","22,145.70",3.00M,-1.43%
7/8/2022,23487.9,"24,427.40","24,460.90","23,487.90",2.88M,-3.58%
7/7/2022,24360.3,"23,756.30","24,595.20","23,018.10",4.12M,1.97%
7/6/2022,23890.5,"24,024.70","24,762.90","23,823.40",3.98M,-1.93%
7/5/2022,24360.3,"23,521.40","25,165.60","23,487.90",7.19M,3.57%
7/4/2022,23521.4,"23,823.40","23,991.20","23,420.80",2.66M,0.00%
7/1/2022,23521.4,"22,078.60","23,957.60","21,541.70",5.13M,4.63%
6/30/2022,22481.3,"23,487.90","23,487.90","22,481.30",2.18M,-4.01%
6/29/2022,23420.8,"22,145.70","23,420.80","22,145.70",3.41M,3.71%
6/28/2022,22581.9,"21,206.20","22,783.20","21,206.20",3.51M,5.98%
6/27/2022,21306.9,"21,004.90","21,340.40","20,904.20",1.20M,1.76%
6/24/2022,20937.8,"20,937.80","21,642.40","20,870.70",1.94M,0.65%
6/23/2022,20803.5,"20,468.00","20,803.50","20,166.00",615.23K,1.64%
6/22/2022,20468,"20,333.80","21,206.20","19,998.30",2.23M,0.66%
6/21/2022,20333.8,"19,528.50","20,568.70","19,427.80",2.04M,2.71%
6/20/2022,19796.9,"21,273.30","21,340.40","19,796.90",1.42M,-6.65%
6/17/2022,21206.2,"21,441.10","21,441.10","20,937.80",1.78M,-2.17%
6/16/2022,21676,"21,474.60","22,011.50","21,474.60",1.88M,0.94%
6/15/2022,21474.6,"21,474.60","21,810.20","20,803.50",1.99M,-0.93%
6/14/2022,21676,"21,407.50","22,011.50","20,870.70",1.72M,1.10%
6/13/2022,21441.1,"22,179.30","22,380.60","21,441.10",2.11M,-5.47%
6/10/2022,22682.6,"22,850.30","23,018.10","22,682.60",1.15M,-2.03%
6/9/2022,23152.3,"23,051.70","23,320.10","22,883.90",574.59K,0.58%
6/8/2022,23018.1,"22,615.50","23,353.70","22,581.90",1.43M,2.08%
6/7/2022,22548.4,"22,883.90","22,951.00","22,212.80",1.71M,-1.75%
6/6/2022,22951,"23,051.70","23,253.00","22,682.60",1.34M,-0.44%
6/3/2022,23051.7,"23,286.60","23,320.10","22,816.80",831.43K,-1.01%
6/2/2022,23286.6,"23,588.50","23,622.10","23,152.30",1.32M,-1.28%
6/1/2022,23588.5,"23,555.00","23,857.00","23,454.30",1.56M,-0.42%
5/31/2022,23689.2,"23,823.40","23,890.50","23,487.90",1.50M,-1.26%
5/30/2022,23991.2,"23,823.40","24,058.30","23,622.10",1.59M,1.27%
5/27/2022,23689.2,"23,555.00","23,756.30","23,420.80",1.30M,0.57%
5/26/2022,23555,"23,890.50","23,991.20","23,487.90",1.74M,0.57%
5/25/2022,23420.8,"22,816.80","23,555.00","22,816.80",1.55M,3.41%
5/24/2022,22649,"22,615.50","22,716.10","22,212.80",1.12M,1.20%
5/23/2022,22380.6,"23,085.20","23,286.60","22,145.70",1.46M,-3.33%
5/20/2022,23152.3,"23,085.20","23,420.80","23,018.10",1.64M,-0.43%
5/19/2022,23253,"22,816.80","23,487.90","22,749.70",1.30M,-0.72%
5/18/2022,23420.8,"23,420.80","23,823.40","22,951.00",1.88M,1.31%
5/17/2022,23118.8,"21,810.20","23,118.80","21,508.20",1.63M,6.99%
5/16/2022,21608.8,"22,279.90","22,313.50","21,608.80",1.87M,1.26%
5/13/2022,21340.4,"22,682.60","22,816.80","21,340.40",3.43M,-5.36%
5/12/2022,22548.4,"23,756.30","24,024.70","22,548.40",2.20M,-6.93%
5/11/2022,24226.1,"23,991.20","24,226.10","23,521.40",1.26M,0.84%
5/10/2022,24024.7,"22,883.90","24,091.90","22,481.30",2.52M,3.92%
5/9/2022,23118.8,"24,561.60","24,762.90","23,118.80",3.52M,-6.89%
5/6/2022,24830,"25,064.90","25,400.50","24,830.00",2.30M,-3.14%
5/5/2022,25635.3,"25,232.70","25,635.30","24,830.00",2.90M,2.55%
5/4/2022,24997.8,"24,997.80","25,299.80","24,796.50",2.27M,0.00%
4/29/2022,24997.8,"24,729.40","25,333.40","24,695.80",2.21M,1.50%
4/28/2022,24628.7,"24,964.30","24,964.30","24,628.70",1.42M,-1.34%
4/27/2022,24964.3,"24,830.00","25,165.60","24,460.90",1.09M,0.81%
4/26/2022,24762.9,"23,588.50","24,997.80","23,588.50",2.71M,2.93%
4/25/2022,24058.3,"25,836.70","25,903.80","24,058.30",4.29M,-6.88%
4/22/2022,25836.7,"25,903.80","26,239.30","25,501.10",3.83M,0.00%
4/21/2022,25836.7,"25,434.00","26,004.40","25,266.20",3.05M,1.45%
4/20/2022,25467.6,"25,467.60","26,038.00","25,400.50",2.12M,0.00%
4/19/2022,25467.6,"25,736.00","26,306.40","25,165.60",3.38M,0.00%
4/18/2022,25467.6,"26,541.30","26,642.00","25,366.90",4.11M,-3.44%
4/15/2022,26373.5,"27,245.90","27,648.60","26,172.20",3.65M,-2.96%
4/14/2022,27178.8,"27,782.80","27,782.80","27,178.80",2.75M,-0.98%
4/13/2022,27447.3,"27,178.80","27,782.80","26,910.40",2.91M,1.11%
4/12/2022,27145.3,"28,386.80","28,386.80","27,145.30",4.64M,-3.46%
4/8/2022,28118.3,"28,856.50","28,990.80","28,051.20",4.58M,-2.67%
4/7/2022,28890.1,"29,192.10","29,762.50","28,890.10",4.59M,-1.03%
4/6/2022,29192.1,"28,856.50","29,393.40","28,621.70",4.72M,0.46%
4/5/2022,29057.9,"29,192.10","29,393.40","28,957.20",4.23M,-2.15%
4/4/2022,29695.4,"30,165.10","30,165.10","29,695.40",3.03M,-0.23%
4/1/2022,29762.5,"29,192.10","29,863.20","29,125.00",4.61M,1.95%
3/31/2022,29192.1,"29,359.80","29,494.10","29,125.00",2.10M,-0.11%
3/30/2022,29225.6,"28,252.60","30,198.70","27,984.10",5.12M,2.71%
3/29/2022,28453.9,"27,984.10","28,521.00","27,849.90",2.53M,1.92%
3/28/2022,27917,"28,856.50","29,158.50","27,816.40",5.80M,-4.26%
3/25/2022,29158.5,"28,957.20","29,427.00","28,588.10",2.87M,0.81%
3/24/2022,28923.6,"29,125.00","29,158.50","28,856.50",1.87M,-0.69%
3/23/2022,29125,"29,158.50","29,796.00","28,957.20",2.91M,-0.23%
3/22/2022,29192.1,"29,393.40","29,494.10","28,990.80",4.12M,-0.68%
3/21/2022,29393.4,"29,460.50","29,594.70","29,057.90",1.86M,-0.23%
3/18/2022,29460.5,"29,326.30","29,930.30","29,192.10",4.06M,0.92%
3/17/2022,29192.1,"28,319.70","29,695.40","27,514.40",8.48M,4.57%
3/16/2022,27917,"28,386.80","28,386.80","27,849.90",1.94M,-1.19%
3/15/2022,28252.6,"27,715.70","28,319.70","27,514.40",2.21M,1.94%
3/14/2022,27715.7,"28,084.80","28,319.70","27,715.70",1.95M,-1.31%
3/11/2022,28084.8,"27,480.80","28,084.80","27,480.80",2.15M,2.20%
3/10/2022,27480.8,"27,849.90","28,185.50","27,480.80",2.28M,1.11%
3/9/2022,27178.8,"27,917.00","28,118.30","27,178.80",2.87M,-2.64%
3/8/2022,27917,"28,051.20","28,554.50","27,782.80",3.77M,-1.54%
3/7/2022,28353.2,"28,722.30","28,722.30","28,286.10",3.30M,-2.42%
3/4/2022,29057.9,"28,722.30","29,192.10","28,521.00",2.42M,1.17%
3/3/2022,28722.3,"28,420.30","28,990.80","28,185.50",3.60M,0.82%
3/2/2022,28487.4,"29,326.30","29,527.60","28,420.30",4.50M,-3.74%
3/1/2022,29594.7,"29,359.80","30,198.70","29,259.20",3.49M,0.92%
2/28/2022,29326.3,"29,728.90","29,896.70","29,326.30",3.93M,-1.91%
2/25/2022,29896.7,"29,930.30","30,601.30","29,863.20",3.42M,-0.11%
2/24/2022,29930.3,"30,400.00","30,567.80","29,259.20",4.93M,-2.19%
2/23/2022,30601.3,"31,205.30","31,473.80","30,534.20",4.30M,-0.87%
2/22/2022,30869.8,"30,131.60","30,869.80","29,997.40",3.34M,1.66%
2/21/2022,30366.5,"30,064.50","30,500.70","29,326.30",4.31M,1.23%
2/18/2022,29997.4,"30,500.70","30,903.30","29,997.40",4.36M,-2.83%
2/17/2022,30869.8,"30,668.50","30,869.80","29,997.40",2.61M,1.88%
2/16/2022,30299.4,"30,936.90","30,936.90","29,997.40",4.07M,-2.27%
2/15/2022,31004,"30,098.00","31,071.10","29,796.00",5.38M,3.24%
2/14/2022,30030.9,"31,675.10","31,943.50","30,030.90",10.39M,-6.58%
2/11/2022,32144.8,"32,346.20","32,547.50","32,077.70",2.50M,-1.03%
2/10/2022,32480.4,"32,614.60","32,815.90","32,211.90",3.99M,0.00%
2/9/2022,32480.4,"31,742.20","32,815.90","31,540.90",6.65M,2.22%
2/8/2022,31775.7,"31,809.30","32,480.40","31,205.30",3.89M,-0.11%
2/7/2022,31809.3,"32,480.40","32,614.60","31,675.10",5.07M,-1.15%
1/28/2022,32178.4,"31,943.50","32,883.00","31,742.20",4.31M,0.74%
1/27/2022,31943.5,"32,211.90","32,547.50","31,809.30",2.80M,-1.04%
1/26/2022,32279.1,"33,218.60","33,520.60","32,279.10",5.90M,-1.84%
1/25/2022,32883,"31,071.10","32,883.00","30,802.70",6.85M,4.48%
1/24/2022,31473.8,"31,473.80","32,547.50","31,440.20",6.07M,-0.95%
1/21/2022,31775.7,"31,574.40","32,748.80","31,205.30",6.66M,1.39%
1/20/2022,31339.5,"28,923.60","31,339.50","28,353.20",8.21M,6.99%
1/19/2022,29292.7,"30,232.30","30,735.60","29,225.60",4.33M,-2.78%
1/18/2022,30131.6,"29,125.00","30,500.70","29,125.00",7.06M,2.86%
1/17/2022,29292.7,"29,527.60","31,540.90","29,259.20",11.28M,-1.36%
1/14/2022,29695.4,"29,057.90","30,265.80","29,057.90",4.76M,0.57%
1/13/2022,29527.6,"28,521.00","30,265.80","28,521.00",14.08M,4.39%
1/12/2022,28286.1,"26,440.60","28,286.10","26,440.60",11.70M,6.98%
1/11/2022,26440.6,"26,038.00","26,776.20","25,702.40",6.23M,1.42%
1/10/2022,26071.5,"26,306.40","27,044.60","26,038.00",4.63M,-0.89%
1/7/2022,26306.4,"25,937.30","26,474.20","25,266.20",6.36M,3.16%
1/6/2022,25501.1,"24,494.50","26,038.00","24,326.70",8.74M,2.56%
1/5/2022,24863.6,"25,434.00","25,434.00","24,762.90",2.80M,-0.94%
1/4/2022,25098.5,"25,232.70","25,501.10","24,997.80",2.58M,0.81%
12/31/2021,24897.1,"23,890.50","25,299.80","23,823.40",7.08M,4.80%
12/30/2021,23756.3,"23,756.30","23,957.60","23,622.10",1.44M,0.57%
12/29/2021,23622.1,"23,857.00","23,857.00","23,555.00",2.30M,0.00%
12/28/2021,23622.1,"23,823.40","23,823.40","23,420.80",1.98M,-0.28%
12/27/2021,23689.2,"23,622.10","23,823.40","23,487.90",1.75M,0.86%
12/24/2021,23487.9,"23,152.30","23,756.30","23,152.30",2.22M,1.45%
12/23/2021,23152.3,"23,353.70","23,420.80","22,615.50",3.38M,0.67%
12/22/2021,22997.2,"23,369.00","23,501.80","22,811.40",5.18M,-1.14%
12/21/2021,23262.8,"23,634.60","23,714.20","23,262.80",5.11M,-1.79%
12/20/2021,23687.7,"23,793.90","23,873.60","23,634.60",2.25M,-0.67%
12/17/2021,23847,"23,847.00","24,165.70","23,422.10",3.39M,0.00%
12/16/2021,23847,"23,900.10","23,900.10","23,369.00",3.07M,0.00%
12/15/2021,23847,"24,006.40","24,165.70","23,767.40",2.61M,-0.88%
12/14/2021,24059.5,"24,271.90","24,271.90","24,006.40",3.14M,-0.44%
12/13/2021,24165.7,"24,165.70","24,325.00","23,953.30",4.54M,2.02%
12/10/2021,23687.7,"23,528.40","24,006.40","23,528.40",3.78M,1.36%
12/9/2021,23369,"23,342.50","23,448.70","23,130.00",1.80M,0.00%
12/8/2021,23369,"23,209.70","23,528.40","23,076.90",2.10M,0.92%
12/7/2021,23156.6,"22,333.40","23,236.20","22,333.40",3.03M,3.93%
12/6/2021,22280.2,"22,837.90","22,837.90","22,120.90",5.24M,-0.12%
12/3/2021,22306.8,"23,634.60","23,634.60","22,306.80",4.03M,-4.98%
12/2/2021,23475.2,"23,501.80","24,112.60","23,369.00",2.51M,-0.23%
12/1/2021,23528.4,"23,581.50","23,740.80","23,209.70",3.22M,-0.23%
11/30/2021,23581.5,"23,847.00","24,245.40","23,156.60",4.66M,-0.22%
11/29/2021,23634.6,"23,634.60","23,900.10","23,422.10",5.97M,-2.09%
11/26/2021,24139.1,"24,484.40","24,537.50","23,369.00",7.57M,0.22%
11/25/2021,24086,"24,643.70","24,643.70","24,059.50",4.92M,-1.52%
11/24/2021,24457.8,"23,873.60","24,484.40","23,687.70",7.56M,3.02%
11/23/2021,23740.8,"24,165.70","24,165.70","23,475.20",3.29M,-1.87%
11/22/2021,24192.3,"23,581.50","24,537.50","23,369.00",9.06M,2.59%
11/19/2021,23581.5,"23,661.10","24,457.80","22,306.80",7.43M,-0.22%
11/18/2021,23634.6,"23,369.00","23,847.00","23,050.40",6.43M,2.06%
11/17/2021,23156.6,"22,652.00","23,262.80","22,545.80",4.48M,1.87%
11/16/2021,22731.7,"22,678.60","22,891.00","22,545.80",2.32M,0.00%
11/15/2021,22731.7,"23,023.80","23,103.50","22,306.80",2.79M,-0.93%
11/12/2021,22944.1,"22,492.70","22,997.20","22,492.70",3.44M,0.93%
11/11/2021,22731.7,"23,050.40","23,103.50","22,413.00",4.47M,-0.47%
11/10/2021,22837.9,"22,891.00","23,103.50","22,492.70",3.92M,0.00%
11/9/2021,22837.9,"23,369.00","23,448.70","22,837.90",4.66M,-2.05%
11/8/2021,23315.9,"23,156.60","23,581.50","22,917.60",4.92M,0.69%
11/5/2021,23156.6,"23,369.00","23,581.50","22,970.70",3.56M,-0.91%
11/4/2021,23369,"22,917.60","23,501.80","22,678.60",8.03M,2.21%
11/3/2021,22864.5,"22,466.10","23,422.10","22,306.80",10.26M,2.62%
11/2/2021,22280.2,"22,200.60","22,572.40","22,094.30",2.80M,0.36%
11/1/2021,22200.6,"22,306.80","22,359.90","22,094.30",6.03M,0.72%
10/29/2021,22041.2,"21,244.60","22,147.50","21,191.50",6.84M,4.14%
10/28/2021,21164.9,"21,244.60","21,350.80","21,085.20",2.27M,-0.13%
10/27/2021,21191.5,"20,846.20","21,218.00","20,846.20",2.59M,1.79%
10/26/2021,20819.7,"20,819.70","20,925.90","20,793.10",1.00M,0.00%
10/25/2021,20819.7,"21,032.10","21,032.10","20,819.70",1.63M,-0.25%
10/22/2021,20872.8,"20,979.00","21,085.20","20,872.80",1.93M,-0.51%
10/21/2021,20979,"21,111.80","21,191.50","20,979.00",1.16M,-0.63%
10/20/2021,21111.8,"21,271.10","21,350.80","20,872.80",1.98M,-0.75%
10/19/2021,21271.1,"20,872.80","21,536.70","20,713.50",4.05M,1.91%
10/18/2021,20872.8,"20,979.00","21,271.10","20,713.50",3.29M,-0.51%
10/15/2021,20979,"21,005.60","21,164.90","20,979.00",2.02M,-0.13%
10/14/2021,21005.6,"21,191.50","21,218.00","21,005.60",1.94M,-0.88%
10/13/2021,21191.5,"21,403.90","21,483.60","21,032.10",2.61M,-0.87%
10/12/2021,21377.3,"21,350.80","21,642.90","21,271.10",3.64M,0.62%
10/11/2021,21244.6,"21,032.10","21,244.60","20,925.90",3.23M,2.04%
10/8/2021,20819.7,"20,793.10","20,925.90","20,793.10",1.79M,0.13%
10/7/2021,20793.1,"20,925.90","20,979.00","20,793.10",1.87M,-0.63%
10/6/2021,20925.9,"20,979.00","21,244.60","20,872.80",1.49M,0.25%
10/5/2021,20872.8,"20,713.50","21,005.60","20,713.50",1.34M,1.03%
10/4/2021,20660.3,"20,633.80","21,032.10","20,447.90",1.93M,0.26%
10/1/2021,20607.2,"20,872.80","20,952.50","20,607.20",3.04M,-1.65%
9/30/2021,20952.5,"21,164.90","21,244.60","20,899.30",2.01M,-1.13%
9/29/2021,21191.5,"21,271.10","21,271.10","20,872.80",2.17M,-0.50%
9/28/2021,21297.7,"20,925.90","21,430.50","20,819.70",4.01M,1.78%
9/27/2021,20925.9,"21,085.20","21,297.70","20,819.70",2.22M,-0.76%
9/24/2021,21085.2,"20,979.00","21,138.30","20,952.50",1.77M,0.63%
9/23/2021,20952.5,"21,138.30","21,191.50","20,952.50",1.99M,-0.38%
9/22/2021,21032.1,"21,032.10","21,191.50","20,766.60",2.32M,-0.13%
9/21/2021,21058.7,"20,979.00","21,138.30","20,819.70",2.79M,-0.63%
9/20/2021,21191.5,"21,271.10","21,403.90","21,191.50",3.59M,-0.25%
9/17/2021,21244.6,"21,032.10","21,483.60","21,032.10",3.27M,1.52%
9/16/2021,20925.9,"20,766.60","20,979.00","20,740.00",2.69M,1.55%
9/15/2021,20607.2,"20,501.00","20,713.50","20,501.00",1.93M,0.26%
9/14/2021,20554.1,"20,766.60","20,793.10","20,501.00",2.59M,-1.15%
9/13/2021,20793.1,"21,058.70","21,058.70","20,713.50",3.18M,-1.26%
9/10/2021,21058.7,"21,244.60","21,244.60","21,032.10",1.45M,-0.38%
9/9/2021,21138.3,"21,032.10","21,138.30","21,005.60",1.54M,0.51%
9/8/2021,21032.1,"21,350.80","21,457.00","20,979.00",2.60M,-0.25%
9/7/2021,21085.2,"20,872.80","21,350.80","20,793.10",3.13M,1.53%
9/6/2021,20766.6,"20,740.00","20,979.00","20,686.90",2.50M,0.26%
9/1/2021,20713.5,"20,607.20","20,766.60","20,527.60",2.49M,0.13%
8/31/2021,20686.9,"21,032.10","21,032.10","20,686.90",3.33M,-1.27%
8/30/2021,20952.5,"20,713.50","20,979.00","20,607.20",2.58M,1.94%
8/27/2021,20554.1,"20,447.90","20,713.50","20,076.10",3.49M,0.26%
8/26/2021,20501,"21,058.70","21,058.70","20,182.30",3.75M,-2.15%
8/25/2021,20952.5,"20,979.00","21,005.60","20,713.50",2.02M,0.13%
8/24/2021,20925.9,"20,872.80","21,085.20","20,660.30",4.66M,0.25%
8/23/2021,20872.8,"21,510.10","21,669.50","20,872.80",5.02M,-2.96%
8/20/2021,21510.1,"22,625.50","22,784.80","21,244.60",8.00M,-4.71%
8/19/2021,22572.4,"22,625.50","22,625.50","22,386.50",3.31M,-0.35%
8/18/2021,22652,"22,784.80","22,837.90","22,572.40",2.78M,-0.70%
8/17/2021,22811.4,"23,156.60","23,156.60","22,731.70",2.87M,-0.81%
8/16/2021,22997.2,"22,492.70","23,103.50","22,306.80",6.02M,1.76%
8/13/2021,22598.9,"22,652.00","22,837.90","22,200.60",4.23M,-0.58%
8/12/2021,22731.7,"23,023.80","23,050.40","22,731.70",3.13M,-0.70%
8/11/2021,22891,"22,997.20","23,422.10","22,784.80",5.02M,-0.46%
8/10/2021,22997.2,"22,970.70","23,103.50","22,864.50",3.42M,0.35%
8/9/2021,22917.6,"22,598.90","22,917.60","22,492.70",3.20M,0.58%
8/6/2021,22784.8,"22,811.40","23,050.40","22,625.50",3.42M,-0.12%
8/5/2021,22811.4,"22,625.50","23,103.50","22,466.10",3.88M,-0.12%
8/4/2021,22837.9,"23,050.40","23,103.50","22,678.60",3.92M,-0.81%
8/3/2021,23023.8,"22,466.10","23,023.80","22,359.90",5.07M,1.88%
8/2/2021,22598.9,"22,306.80","22,811.40","22,306.80",7.26M,3.53%
7/30/2021,21828.8,"21,935.00","21,961.60","21,749.10",3.72M,0.24%
7/29/2021,21775.7,"21,669.50","21,775.70","21,563.20",2.16M,1.23%
7/28/2021,21510.1,"21,350.80","21,510.10","21,244.60",2.26M,0.75%
7/27/2021,21350.8,"21,457.00","21,669.50","21,324.20",2.62M,0.50%
7/26/2021,21244.6,"21,244.60","21,430.50","20,979.00",2.63M,-0.50%
7/23/2021,21350.8,"21,722.60","22,041.20","21,350.80",3.34M,-1.95%
7/22/2021,21775.7,"21,563.20","21,828.80","21,563.20",3.12M,0.74%
7/21/2021,21616.3,"21,988.10","21,988.10","21,510.10",2.12M,-0.73%
7/20/2021,21775.7,"21,085.20","21,775.70","20,660.30",4.97M,3.40%
7/19/2021,21058.7,"21,828.80","22,253.70","21,058.70",5.43M,-6.71%
7/16/2021,22572.4,"22,731.70","22,837.90","22,572.40",2.60M,-0.47%
7/15/2021,22678.6,"22,333.40","22,917.60","22,306.80",3.29M,0.23%
7/14/2021,22625.5,"22,572.40","22,678.60","21,775.70",3.28M,0.47%
7/13/2021,22519.2,"22,572.40","22,705.10","22,067.80",3.63M,0.95%
7/12/2021,22306.8,"23,687.70","23,687.70","22,200.60",11.03M,-6.46%
7/9/2021,23847,"24,006.40","24,431.30","23,369.00",6.57M,-1.97%
7/8/2021,24325,"24,165.70","24,510.90","23,873.60",3.90M,0.66%
7/7/2021,24165.7,"23,634.60","24,245.40","23,156.60",7.23M,3.41%
7/6/2021,23369,"24,909.30","25,812.20","23,369.00",12.64M,-5.68%
7/5/2021,24776.5,"24,988.90","24,988.90","24,006.40",6.39M,-0.85%
7/2/2021,24988.9,"25,227.90","25,360.70","24,909.30",7.70M,-0.53%
7/1/2021,25121.7,"25,227.90","25,307.60","24,882.70",8.43M,0.11%
6/30/2021,25095.1,"24,909.30","25,201.40","24,882.70",7.33M,0.75%
6/29/2021,24909.3,"24,962.40","25,440.40","24,749.90",7.23M,0.00%
6/28/2021,24909.3,"24,431.30","25,015.50","24,245.40",12.25M,2.96%
6/25/2021,24192.3,"23,953.30","24,431.30","23,740.80",4.71M,0.77%
6/24/2021,24006.4,"24,112.60","24,378.10","23,900.10",3.87M,-0.44%
6/23/2021,24112.6,"23,847.00","24,643.70","23,847.00",4.72M,0.89%
6/22/2021,23900.1,"24,059.50","24,139.10","23,847.00",5.10M,0.00%
6/21/2021,23900.1,"24,378.10","24,431.30","23,820.50",7.76M,-2.49%
6/18/2021,24510.9,"24,564.00","24,696.80","24,271.90",5.86M,0.54%
6/17/2021,24378.1,"23,687.70","24,617.10","23,687.70",6.56M,1.32%
6/16/2021,24059.5,"23,740.80","24,803.00","23,475.20",7.73M,0.89%
6/15/2021,23847,"23,767.40","23,979.80","23,369.00",5.97M,0.00%
6/14/2021,23847,"24,165.70","24,218.80","23,714.20",6.22M,-0.66%
6/11/2021,24006.4,"23,369.00","24,032.90","23,103.50",11.71M,2.96%
6/10/2021,23315.9,"24,139.10","24,218.80","23,315.90",8.18M,-3.41%
6/9/2021,24139.1,"23,900.10","24,271.90","23,369.00",8.16M,1.45%
6/8/2021,23793.9,"24,909.30","25,068.60","23,740.80",10.42M,-4.27%
6/7/2021,24856.1,"25,759.00","25,812.20","24,218.80",9.67M,-4.49%
6/4/2021,26024.6,"25,865.30","26,290.20","25,493.50",10.88M,0.41%
6/3/2021,25918.4,"25,387.30","26,290.20","25,174.80",12.30M,2.95%
6/2/2021,25174.8,"25,121.70","25,466.90","25,068.60",11.07M,-1.25%
6/1/2021,25493.5,"25,944.90","26,024.60","25,493.50",7.51M,-1.44%
5/31/2021,25865.3,"25,387.30","25,918.40","25,227.90",10.26M,3.29%
5/28/2021,25042,"24,218.80","25,334.10","23,847.00",14.40M,3.85%
5/27/2021,24112.6,"24,856.10","24,856.10","23,926.70",10.74M,-2.68%
5/26/2021,24776.5,"24,803.00","25,015.50","24,537.50",13.50M,-0.11%
5/25/2021,24803,"24,431.30","24,882.70","24,139.10",11.60M,1.52%
5/24/2021,24431.3,"24,165.70","24,643.70","24,165.70",12.82M,2.79%
5/21/2021,23767.4,"22,306.80","23,767.40","22,227.10",23.87M,6.93%
5/20/2021,22227.1,"21,722.60","22,253.70","21,244.60",6.40M,2.32%
5/19/2021,21722.6,"21,775.70","21,988.10","21,563.20",5.26M,0.00%
5/18/2021,21722.6,"22,147.50","22,147.50","21,669.50",7.15M,-2.15%
5/17/2021,22200.6,"22,572.40","22,837.90","22,147.50",5.48M,-1.30%
5/14/2021,22492.7,"22,731.70","22,837.90","22,466.10",4.99M,-0.59%
5/13/2021,22625.5,"22,572.40","23,050.40","22,306.80",6.38M,-0.12%
5/12/2021,22652,"22,306.80","22,678.60","22,200.60",6.10M,1.31%
5/11/2021,22359.9,"22,306.80","23,103.50","22,200.60",9.80M,1.69%
5/10/2021,21988.1,"21,510.10","22,041.20","21,430.50",5.55M,1.85%
5/7/2021,21589.8,"21,563.20","21,881.90","21,510.10",6.79M,-1.45%
5/6/2021,21908.5,"22,253.70","22,253.70","21,881.90",4.12M,-1.55%
5/5/2021,22253.7,"22,147.50","22,492.70","22,041.20",4.93M,1.45%
5/4/2021,21935,"21,244.60","22,200.60","21,244.60",3.98M,0.73%
4/29/2021,21775.7,"21,563.20","22,253.70","21,563.20",3.57M,0.99%
4/28/2021,21563.2,"21,430.50","21,722.60","21,430.50",2.53M,0.62%
4/27/2021,21430.5,"21,510.10","21,669.50","21,350.80",3.63M,-0.37%
4/26/2021,21510.1,"22,174.00","22,306.80","21,510.10",6.10M,-3.57%
4/23/2021,22306.8,"21,775.70","22,386.50","21,696.00",5.64M,2.44%
4/22/2021,21775.7,"22,944.10","22,944.10","21,775.70",5.37M,-5.09%
4/20/2021,22944.1,"22,891.00","23,369.00","22,811.40",4.90M,0.47%
4/19/2021,22837.9,"22,306.80","22,891.00","22,200.60",5.85M,2.38%
4/16/2021,22306.8,"22,758.20","23,103.50","22,227.10",8.55M,-2.44%
4/15/2021,22864.5,"23,422.10","23,475.20","22,837.90",6.79M,-2.16%
4/14/2021,23369,"23,103.50","23,528.40","22,837.90",5.20M,0.80%
4/13/2021,23183.1,"23,900.10","23,953.30","23,103.50",7.24M,-2.46%
4/12/2021,23767.4,"23,634.60","24,059.50","23,422.10",9.44M,1.02%
4/9/2021,23528.4,"23,740.80","23,793.90","23,395.60",8.23M,-1.12%
4/8/2021,23793.9,"24,271.90","24,325.00","23,740.80",8.08M,-1.65%
4/7/2021,24192.3,"24,271.90","24,298.50","24,086.00",4.78M,-0.44%
4/6/2021,24298.5,"24,112.60","24,564.00","23,926.70",7.54M,0.44%
4/5/2021,24192.3,"24,271.90","24,378.10","23,953.30",10.94M,1.22%
4/2/2021,23900.1,"23,581.50","24,165.70","23,395.60",10.62M,2.39%
4/1/2021,23342.5,"22,837.90","23,369.00","22,837.90",6.79M,2.33%
3/31/2021,22811.4,"22,811.40","23,076.90","22,731.70",3.98M,0.23%
3/30/2021,22758.2,"22,837.90","22,864.50","22,466.10",4.22M,0.71%
3/29/2021,22598.9,"22,572.40","22,652.00","22,386.50",2.47M,1.07%
3/26/2021,22359.9,"22,280.20","22,519.20","21,510.10",4.48M,-0.36%
3/25/2021,22439.6,"22,572.40","22,811.40","22,280.20",4.34M,0.24%
3/24/2021,22386.5,"22,837.90","22,997.20","22,253.70",6.12M,-3.55%
3/23/2021,23209.7,"23,634.60","23,661.10","22,891.00",8.34M,-2.13%
3/22/2021,23714.2,"23,900.10","23,900.10","23,634.60",4.70M,-0.78%
3/19/2021,23900.1,"23,900.10","24,112.60","23,740.80",5.29M,0.00%
3/18/2021,23900.1,"23,369.00","24,059.50","23,130.00",10.38M,3.93%
3/17/2021,22997.2,"22,572.40","23,050.40","22,280.20",7.96M,2.12%
3/16/2021,22519.2,"22,837.90","22,944.10","22,466.10",4.07M,-1.40%
3/15/2021,22837.9,"23,103.50","23,156.60","22,731.70",5.09M,-0.81%
3/12/2021,23023.8,"23,103.50","23,209.70","22,891.00",4.65M,0.12%
3/11/2021,22997.2,"22,678.60","23,156.60","22,598.90",3.06M,3.10%
3/10/2021,22306.8,"22,306.80","22,413.00","21,988.10",3.77M,0.36%
3/9/2021,22227.1,"22,519.20","22,519.20","22,041.20",4.45M,-1.41%
3/8/2021,22545.8,"23,050.40","23,050.40","22,466.10",2.92M,0.12%
3/5/2021,22519.2,"22,705.10","22,997.20","22,306.80",3.40M,-0.82%
3/4/2021,22705.1,"23,369.00","23,501.80","22,466.10",3.83M,-2.40%
3/3/2021,23262.8,"23,395.60","23,475.20","23,209.70",2.90M,-0.57%
3/2/2021,23395.6,"23,634.60","23,687.70","23,289.40",3.89M,-0.11%
3/1/2021,23422.1,"23,156.60","23,581.50","23,156.60",4.13M,1.15%
2/26/2021,23156.6,"22,731.70","23,209.70","22,466.10",2.53M,1.51%
2/25/2021,22811.4,"22,917.60","23,262.80","22,413.00",3.18M,-0.23%
2/24/2021,22864.5,"23,315.90","23,475.20","22,625.50",3.00M,-2.16%
2/23/2021,23369,"23,236.20","23,422.10","22,944.10",2.81M,0.57%
2/22/2021,23236.2,"23,422.10","23,634.60","23,209.70",2.79M,-0.79%
2/19/2021,23422.1,"22,837.90","23,634.60","22,758.20",3.71M,1.61%
2/18/2021,23050.4,"22,413.00","23,103.50","22,147.50",4.29M,3.09%
2/17/2021,22359.9,"21,696.00","22,359.90","21,696.00",2.64M,3.19%
2/9/2021,21669.5,"21,510.10","21,881.90","21,085.20",2.65M,1.75%
2/8/2021,21297.7,"22,200.60","22,306.80","20,740.00",3.44M,-4.07%
2/5/2021,22200.6,"22,041.20","22,359.90","21,935.00",2.34M,0.72%
2/4/2021,22041.2,"21,988.10","22,094.30","21,722.60",2.53M,0.36%
2/3/2021,21961.6,"21,297.70","22,041.20","21,085.20",3.39M,5.08%
2/2/2021,20899.3,"20,660.30","21,218.00","20,474.50",4.58M,0.64%
2/1/2021,20766.6,"21,191.50","21,775.70","20,527.60",2.83M,-2.01%
1/29/2021,21191.5,"19,385.70","21,696.00","19,385.70",3.68M,3.77%
1/28/2021,20421.3,"20,713.50","21,244.60","20,421.30",4.93M,-6.90%
1/27/2021,21935,"22,598.90","23,050.40","21,563.20",3.85M,-2.94%
1/26/2021,22598.9,"23,554.90","23,554.90","22,200.60",3.37M,-4.60%
1/25/2021,23687.7,"23,900.10","24,006.40","23,581.50",2.51M,-1.44%
1/22/2021,24032.9,"24,696.80","24,723.40","23,953.30",4.05M,-2.69%
1/21/2021,24696.8,"24,218.80","24,696.80","24,006.40",2.47M,2.20%
1/20/2021,24165.7,"24,032.90","24,696.80","22,572.40",4.23M,0.55%
1/19/2021,24032.9,"25,812.20","25,812.20","24,032.90",4.95M,-6.99%
1/18/2021,25838.7,"25,971.50","26,024.60","25,812.20",3.09M,-0.41%
1/15/2021,25944.9,"26,183.90","26,290.20","25,944.90",4.41M,0.00%
1/14/2021,25944.9,"25,759.00","26,024.60","25,493.50",3.49M,0.83%
1/13/2021,25732.5,"25,918.40","26,130.80","25,705.90",3.02M,-0.62%
1/12/2021,25891.8,"25,626.30","26,024.60","25,440.40",4.01M,1.04%
1/11/2021,25626.3,"25,759.00","25,812.20","25,440.40",5.05M,-0.52%
1/8/2021,25759,"26,183.90","26,183.90","25,599.70",3.73M,-0.82%
1/7/2021,25971.5,"25,918.40","26,502.60","25,759.00",3.08M,0.20%
1/6/2021,25918.4,"25,652.80","26,874.40","25,254.50",6.73M,1.88%
1/5/2021,25440.4,"25,440.40","25,546.60","25,307.60",3.95M,-0.73%
1/4/2021,25626.3,"25,360.70","25,732.50","25,360.70",3.65M,0.73%
12/31/2020,25440.4,"25,095.10","25,440.40","24,962.40",2.46M,1.38%
12/30/2020,25095.2,"25,277.90","25,486.90","25,069.00",2.64M,-0.62%
12/29/2020,25251.8,"24,703.40","25,408.50","24,703.40",5.55M,1.90%
12/28/2020,24781.8,"24,520.70","25,069.00","24,442.30",5.78M,1.82%
12/25/2020,24337.9,"23,763.40","24,390.10","23,502.20",2.86M,2.42%
12/24/2020,23763.4,"24,337.90","24,442.30","22,927.70",5.74M,-2.36%
12/23/2020,24337.9,"24,546.80","24,807.90","24,233.40",3.86M,-0.53%
12/22/2020,24468.4,"24,781.80","24,781.80","24,337.90",5.01M,-1.26%
12/21/2020,24781.8,"25,069.00","25,069.00","24,285.60",4.54M,0.96%
12/18/2020,24546.8,"24,390.10","24,807.90","24,233.40",4.46M,1.29%
12/17/2020,24233.4,"24,442.30","24,860.10","24,233.40",7.14M,-2.11%
12/16/2020,24755.7,"24,076.70","24,781.80","24,076.70",5.67M,2.82%
12/15/2020,24076.7,"24,102.80","24,546.80","23,946.20",6.27M,-0.86%
12/14/2020,24285.6,"24,102.80","24,311.70","23,946.20",5.38M,1.53%
12/11/2020,23920,"22,927.70","23,920.00","22,771.00",8.37M,4.21%
12/10/2020,22953.8,"22,875.50","23,397.80","22,823.30",7.02M,0.34%
12/9/2020,22875.5,"22,405.50","22,980.00","22,327.10",6.74M,2.58%
12/8/2020,22301,"22,614.40","22,614.40","22,170.40",3.94M,-0.70%
12/7/2020,22457.7,"21,935.40","22,562.10","21,857.10",7.55M,3.24%
12/4/2020,21752.6,"21,726.50","22,092.10","21,674.30",4.70M,0.12%
12/3/2020,21726.5,"21,700.40","21,883.20","21,622.00",3.37M,0.24%
12/2/2020,21674.3,"21,804.80","21,935.40","21,622.00",3.36M,-0.48%
12/1/2020,21778.7,"21,413.10","21,831.00","21,308.70",5.34M,0.00%
11/30/2020,21778.7,"22,170.40","22,196.50","21,778.70",3.13M,-1.77%
11/27/2020,22170.4,"22,353.20","22,379.30","21,961.50",4.26M,-0.35%
11/26/2020,22248.8,"21,569.80","22,248.80","21,413.10",7.98M,3.15%
11/25/2020,21569.8,"21,413.10","21,648.20","21,178.10",5.08M,1.47%
11/24/2020,21256.5,"21,439.30","21,465.40","21,099.80",3.59M,-0.97%
11/23/2020,21465.4,"21,674.30","21,674.30","21,178.10",2.41M,-0.24%
11/20/2020,21517.6,"21,256.50","21,543.70","21,256.50",4.62M,1.98%
11/19/2020,21099.8,"20,943.10","21,308.70","20,943.10",3.28M,0.87%
11/18/2020,20917,"21,047.50","21,073.70","20,890.90",2.88M,-0.62%
11/17/2020,21047.5,"20,890.90","21,047.50","20,760.30",2.67M,1.00%
11/16/2020,20838.6,"21,073.70","21,308.70","20,838.60",3.55M,-0.99%
11/13/2020,21047.5,"20,734.20","21,047.50","20,708.10",3.36M,1.77%
11/12/2020,20682,"20,629.70","20,786.40","20,577.50",2.06M,0.51%
11/11/2020,20577.5,"20,577.50","20,708.10","20,446.90",1.33M,0.00%
11/10/2020,20577.5,"20,812.50","20,890.90","20,577.50",2.49M,0.38%
11/9/2020,20499.2,"20,603.60","20,603.60","20,420.80",2.18M,0.51%
11/6/2020,20394.7,"20,603.60","20,603.60","20,290.30",1.18M,0.00%
11/5/2020,20394.7,"20,760.30","20,760.30","20,394.70",2.35M,-1.76%
11/4/2020,20760.3,"20,577.50","20,943.10","20,551.40",1.97M,0.89%
11/3/2020,20577.5,"20,368.60","20,629.70","20,368.60",1.90M,1.29%
11/2/2020,20316.4,"20,107.50","20,420.80","20,107.50",1.99M,1.04%
10/30/2020,20107.5,"20,368.60","20,473.00","19,924.70",3.08M,-0.39%
10/29/2020,20185.8,"20,264.10","20,629.70","20,081.30",5.17M,-1.65%
10/28/2020,20525.3,"21,152.00","21,256.50","20,525.30",5.31M,-3.44%
10/27/2020,21256.5,"21,413.10","21,674.30","21,256.50",4.83M,-0.73%
10/26/2020,21413.1,"22,196.50","22,457.70","21,413.10",6.19M,-4.21%
10/23/2020,22353.2,"22,666.60","22,666.60","22,353.20",3.55M,-0.35%
10/22/2020,22431.6,"22,092.10","22,431.60","21,883.20",3.18M,1.42%
10/21/2020,22118.2,"22,144.30","22,718.80","22,013.80",5.53M,0.83%
10/20/2020,21935.4,"21,674.30","22,196.50","21,674.30",3.52M,0.24%
10/19/2020,21883.2,"22,170.40","22,170.40","21,778.70",4.93M,-0.71%
10/16/2020,22039.9,"22,066.00","22,562.10","21,831.00",4.42M,-0.12%
10/15/2020,22066,"22,692.70","22,692.70","22,039.90",5.42M,-1.52%
10/14/2020,22405.5,"21,831.00","22,431.60","21,674.30",12.50M,4.00%
10/13/2020,21543.7,"21,413.10","21,857.10","21,204.20",3.63M,0.73%
10/12/2020,21387,"21,726.50","21,909.30","21,256.50",6.47M,1.49%
10/9/2020,21073.7,"21,047.50","21,152.00","20,943.10",1.56M,-0.12%
10/8/2020,21099.8,"21,204.20","21,230.30","20,786.40",3.47M,-0.12%
10/7/2020,21125.9,"21,099.80","21,360.90","21,047.50",2.16M,0.00%
10/6/2020,21125.9,"21,178.10","21,308.70","21,047.50",2.76M,0.12%
10/5/2020,21099.8,"21,413.10","21,413.10","20,995.30",2.87M,-0.62%
10/2/2020,21230.3,"21,413.10","21,648.20","20,107.50",3.22M,-0.73%
10/1/2020,21387,"21,308.70","21,491.50","21,308.70",2.12M,0.37%
9/30/2020,21308.7,"21,256.50","21,360.90","21,152.00",1.71M,0.37%
9/29/2020,21230.3,"21,674.30","21,909.30","21,204.20",3.70M,-1.57%
9/28/2020,21569.8,"21,439.30","21,778.70","21,308.70",3.58M,1.23%
9/25/2020,21308.7,"21,413.10","21,465.40","21,178.10",2.45M,-0.24%
9/24/2020,21360.9,"21,517.60","21,700.40","21,308.70",2.79M,-1.21%
9/23/2020,21622,"21,308.70","21,883.20","21,308.70",3.86M,1.72%
9/22/2020,21256.5,"21,256.50","21,360.90","21,125.90",2.13M,-0.25%
9/21/2020,21308.7,"21,517.60","21,674.30","21,256.50",1.84M,-0.49%
9/18/2020,21413.1,"21,204.20","21,413.10","21,152.00",2.57M,1.23%
9/17/2020,21152,"21,256.50","21,465.40","21,047.50",2.79M,-0.12%
9/16/2020,21178.1,"21,360.90","21,360.90","21,125.90",1.00M,-0.49%
9/15/2020,21282.6,"21,256.50","21,517.60","21,099.80",2.03M,0.62%
9/14/2020,21152,"21,178.10","21,308.70","21,125.90",1.71M,0.12%
9/11/2020,21125.9,"21,152.00","21,230.30","21,021.40",1.42M,-0.12%
9/10/2020,21152,"21,465.40","21,491.50","21,152.00",1.55M,-0.74%
9/9/2020,21308.7,"20,995.30","21,387.00","20,943.10",1.47M,-0.12%
9/8/2020,21334.8,"21,308.70","21,413.10","20,917.00",2.31M,0.62%
9/7/2020,21204.2,"22,039.90","22,039.90","21,204.20",4.12M,-3.56%
9/4/2020,21987.6,"21,569.80","22,092.10","21,543.70",3.67M,-0.24%
9/3/2020,22039.9,"21,674.30","22,039.90","21,517.60",4.89M,1.93%
9/1/2020,21622,"21,152.00","21,622.00","21,099.80",3.89M,1.10%
8/31/2020,21387,"21,204.20","21,569.80","21,178.10",3.68M,0.99%
8/28/2020,21178.1,"20,629.70","21,413.10","20,525.30",5.56M,3.71%
8/27/2020,20420.8,"20,525.30","20,577.50","20,368.60",2.01M,-0.64%
8/26/2020,20551.4,"20,629.70","20,629.70","20,525.30",1.52M,-0.38%
8/25/2020,20629.7,"20,838.60","20,890.90","20,577.50",1.62M,-0.38%
8/24/2020,20708.1,"20,629.70","20,838.60","20,473.00",1.72M,1.80%
8/21/2020,20342.5,"20,055.20","20,499.20","20,055.20",2.01M,1.83%
8/20/2020,19976.9,"20,159.70","20,290.30","19,976.90",1.57M,-0.91%
8/19/2020,20159.7,"20,055.20","20,290.30","20,055.20",634.63K,0.52%
8/18/2020,20055.2,"20,368.60","20,368.60","20,055.20",1.22M,-0.78%
8/17/2020,20211.9,"20,316.40","20,368.60","20,081.30",1.16M,-0.77%
8/14/2020,20368.6,"20,551.40","20,682.00","20,264.10",1.81M,-1.64%
8/13/2020,20708.1,"20,629.70","20,734.20","20,525.30",1.23M,1.15%
8/12/2020,20473,"20,159.70","20,551.40","20,159.70",1.77M,1.82%
8/11/2020,20107.5,"20,029.10","20,159.70","19,898.60",1.43M,1.05%
8/10/2020,19898.6,"20,081.30","20,211.90","19,898.60",979.95K,0.00%
8/7/2020,19898.6,"19,976.90","20,159.70","19,820.20",974.89K,-0.39%
8/6/2020,19976.9,"20,185.80","20,316.40","19,950.80",1.09M,-1.29%
8/5/2020,20238,"19,741.90","20,368.60","19,637.40",1.67M,2.24%
8/4/2020,19794.1,"19,846.30","19,846.30","19,585.20",905.21K,1.88%
8/3/2020,19428.5,"18,958.50","19,506.80","18,958.50",1.18M,1.50%
7/31/2020,19141.3,"18,801.80","19,454.60","18,801.80",879.30K,-1.48%
7/30/2020,19428.5,"19,585.20","19,585.20","18,801.80",769.42K,0.68%
7/29/2020,19297.9,"19,219.60","19,428.50","18,697.30",1.33M,-2.38%
7/28/2020,19768,"18,801.80","19,768.00","18,801.80",2.19M,6.47%
7/27/2020,18566.8,"18,801.80","19,741.90","18,566.80",2.83M,-6.94%
7/24/2020,19950.8,"20,812.50","20,812.50","19,715.80",3.31M,-4.14%
7/23/2020,20812.5,"20,890.90","21,125.90","20,708.10",1.40M,-0.38%
7/22/2020,20890.9,"21,413.10","21,413.10","20,629.70",1.38M,-1.96%
7/21/2020,21308.7,"21,413.10","21,413.10","21,073.70",686.34K,0.00%
7/20/2020,21308.7,"21,778.70","21,804.80","21,308.70",1.53M,-1.92%
7/17/2020,21726.5,"21,622.00","21,857.10","21,622.00",2.46M,0.60%
7/16/2020,21595.9,"21,595.90","21,622.00","21,413.10",867.21K,0.00%
7/15/2020,21595.9,"21,778.70","21,778.70","21,569.80",1.27M,0.24%
7/14/2020,21543.7,"21,334.80","21,569.80","21,256.50",1.82M,-0.12%
7/13/2020,21569.8,"21,752.60","21,857.10","21,413.10",1.90M,-0.48%
7/10/2020,21674.3,"21,517.60","21,752.60","21,282.60",1.89M,-0.24%
7/9/2020,21726.5,"21,178.10","21,883.20","21,178.10",2.81M,2.59%
7/8/2020,21178.1,"21,152.00","21,256.50","20,890.90",1.41M,-0.12%
7/7/2020,21204.2,"21,099.80","21,334.80","21,021.40",2.01M,1.25%
7/6/2020,20943.1,"20,577.50","20,995.30","20,420.80",1.39M,2.56%
7/3/2020,20420.8,"20,499.20","20,525.30","20,264.10",1.00M,0.26%
7/2/2020,20368.6,"20,603.60","20,603.60","20,211.90",918.90K,-0.51%
7/1/2020,20473,"19,794.10","20,577.50","19,794.10",1.41M,3.43%
6/30/2020,19794.1,"20,368.60","20,394.70","19,741.90",1.58M,-1.56%
6/29/2020,20107.5,"20,525.30","20,629.70","20,055.20",2.44M,-3.51%
6/26/2020,20838.6,"21,360.90","21,360.90","20,734.20",1.31M,-0.25%
6/25/2020,20890.9,"20,890.90","21,021.40","20,786.40",1.45M,-0.74%
6/24/2020,21047.5,"21,256.50","21,517.60","20,995.30",1.27M,-0.98%
6/23/2020,21256.5,"21,439.30","21,595.90","21,152.00",2.03M,-1.45%
6/22/2020,21569.8,"21,674.30","21,857.10","21,308.70",1.14M,-0.36%
6/19/2020,21648.2,"21,517.60","21,648.20","21,256.50",1.32M,2.35%
6/18/2020,21152,"21,047.50","21,204.20","20,890.90",1.15M,0.50%
6/17/2020,21047.5,"21,256.50","21,465.40","20,812.50",1.50M,-0.98%
6/16/2020,21256.5,"21,674.30","21,726.50","21,152.00",1.76M,2.01%
6/15/2020,20838.6,"22,092.10","22,092.10","20,838.60",2.75M,-6.12%
6/12/2020,22196.5,"20,629.70","22,196.50","20,629.70",3.51M,4.94%
6/11/2020,21152,"22,718.80","22,823.30","21,152.00",4.37M,-6.90%
6/10/2020,22718.8,"22,509.90","23,032.20","22,196.50",2.38M,0.35%
6/9/2020,22640.5,"23,032.20","23,032.20","22,614.40",2.05M,-1.48%
6/8/2020,22980,"22,301.00","22,980.00","22,196.50",4.56M,4.51%
6/5/2020,21987.6,"21,831.00","22,039.90","21,543.70",2.23M,0.72%
6/4/2020,21831,"21,517.60","22,092.10","21,465.40",3.69M,1.95%
6/3/2020,21413.1,"21,360.90","21,517.60","21,152.00",1.64M,1.11%
6/2/2020,21178.1,"21,674.30","21,883.20","21,152.00",2.74M,-2.17%
6/1/2020,21648.2,"21,047.50","21,700.40","21,021.40",2.02M,3.37%
5/29/2020,20943.1,"21,099.80","21,152.00","20,786.40",3.06M,-1.47%
5/28/2020,21256.5,"20,890.90","21,387.00","20,786.40",3.51M,2.26%
5/27/2020,20786.4,"22,327.10","22,327.10","20,786.40",4.20M,-5.24%
5/26/2020,21935.4,"20,760.30","21,935.40","20,760.30",5.41M,5.93%
5/25/2020,20708.1,"20,525.30","20,786.40","20,368.60",1.63M,0.89%
5/22/2020,20525.3,"20,734.20","20,890.90","20,525.30",2.09M,-1.01%
5/21/2020,20734.2,"20,629.70","20,969.20","20,603.60",4.53M,1.40%
5/20/2020,20446.9,"20,368.60","20,525.30","20,107.50",1.65M,0.13%
5/19/2020,20420.8,"20,838.60","20,838.60","20,316.40",3.09M,0.51%
5/18/2020,20316.4,"20,081.30","20,316.40","19,846.30",3.42M,0.78%
5/15/2020,20159.7,"20,786.40","20,943.10","20,055.20",3.50M,-2.77%
5/14/2020,20734.2,"20,368.60","21,152.00","20,368.60",3.66M,0.25%
5/13/2020,20682,"20,003.00","20,786.40","19,741.90",4.99M,2.72%
5/12/2020,20133.6,"20,003.00","20,185.80","19,820.20",3.02M,0.13%
5/11/2020,20107.5,"20,107.50","20,368.60","19,820.20",2.22M,1.32%
5/8/2020,19846.3,"19,820.20","20,525.30","19,611.30",4.70M,1.20%
5/7/2020,19611.3,"18,958.50","19,637.40","18,958.50",4.63M,4.31%
5/6/2020,18801.8,"18,514.50","18,801.80","18,436.20",1.35M,1.98%
5/5/2020,18436.2,"18,436.20","18,697.30","18,384.00",783.58K,0.00%
5/4/2020,18436.2,"18,592.90","19,010.70","18,331.70",1.20M,-0.84%
4/29/2020,18592.9,"18,279.50","18,749.60","18,279.50",1.09M,1.28%
4/28/2020,18357.8,"18,331.70","18,697.30","18,018.40",1.08M,0.14%
4/27/2020,18331.7,"18,906.20","19,010.70","18,331.70",2.21M,-2.50%
4/24/2020,18801.8,"19,036.80","19,036.80","18,436.20",1.09M,-0.55%
4/23/2020,18906.2,"19,324.10","19,428.50","18,854.00",1.45M,0.00%
4/22/2020,18906.2,"17,287.20","19,350.20","17,287.20",2.59M,4.32%
4/21/2020,18122.8,"18,801.80","19,219.60","18,122.80",4.10M,-6.47%
4/20/2020,19376.3,"19,794.10","19,846.30","19,297.90",2.51M,-0.80%
4/17/2020,19533,"19,768.00","19,950.80","19,428.50",2.11M,0.27%
4/16/2020,19480.7,"19,428.50","19,480.70","19,193.50",2.22M,0.00%
4/15/2020,19480.7,"19,167.40","19,689.60","19,167.40",2.03M,2.19%
4/14/2020,19062.9,"19,350.20","19,611.30","18,697.30",2.24M,-1.75%
4/13/2020,19402.4,"19,167.40","19,689.60","19,115.10",1.94M,0.68%
4/10/2020,19271.8,"19,480.70","19,741.90","19,167.40",2.20M,-2.12%
4/9/2020,19689.6,"19,820.20","20,159.70","19,663.50",2.47M,-0.66%
4/8/2020,19820.2,"18,697.30","19,846.30","18,331.70",2.67M,2.57%
4/7/2020,19324.1,"19,585.20","19,689.60","18,801.80",3.29M,0.82%
4/6/2020,19167.4,"18,645.10","19,167.40","18,331.70",3.45M,7.00%
4/3/2020,17913.9,"17,026.10","17,913.90","17,026.10",2.83M,6.85%
4/1/2020,16764.9,"16,138.20","17,235.00","16,086.00",2.18M,4.05%
3/31/2020,16112.1,"16,712.70","16,791.00","15,407.00",1.87M,-0.16%
3/30/2020,16138.2,"16,190.40","16,660.50","16,033.70",2.51M,-6.36%
3/27/2020,17235,"17,287.20","17,626.70","16,921.60",2.07M,-0.90%
3/26/2020,17391.6,"17,235.00","17,861.70","16,791.00",2.10M,0.30%
3/25/2020,17339.4,"17,443.90","17,470.00","17,130.50",2.95M,5.06%
3/24/2020,16503.8,"16,190.40","16,686.60","16,033.70",2.25M,2.60%
3/23/2020,16086,"16,190.40","16,660.50","16,086.00",5.00M,-6.95%
3/20/2020,17287.2,"17,548.30","17,783.30","17,182.70",1.41M,-0.90%
3/19/2020,17443.9,"17,731.10","17,861.70","17,104.40",1.66M,-3.33%
3/18/2020,18044.5,"17,757.20","18,540.60","17,731.10",3.20M,2.22%
3/17/2020,17652.8,"15,981.50","17,705.00","15,981.50",3.25M,3.05%
3/16/2020,17130.5,"18,279.50","18,775.70","16,999.90",4.02M,-6.29%
3/13/2020,18279.5,"17,835.60","19,167.40","17,835.60",4.27M,-4.63%
3/12/2020,19167.4,"19,193.50","19,689.60","19,167.40",2.81M,-6.97%
3/11/2020,20603.6,"22,718.80","22,718.80","20,603.60",2.79M,-6.96%
3/10/2020,22144.3,"22,196.50","22,980.00","21,569.80",2.50M,-2.75%
3/9/2020,22771,"22,823.30","23,345.50","22,771.00",1.73M,-6.94%
3/6/2020,24468.4,"23,763.40","24,625.10","23,763.40",1.02M,0.43%
3/5/2020,24364,"24,311.70","24,677.30","24,285.60",1.60M,1.08%
3/4/2020,24102.8,"24,546.80","24,546.80","23,972.30",1.21M,-1.60%
3/3/2020,24494.5,"24,442.30","24,938.50","23,867.80",1.86M,3.88%
3/2/2020,23580.6,"23,972.30","23,972.30","23,502.20",1.04M,-0.77%
2/28/2020,23763.4,"24,024.50","24,233.40","23,528.30",1.78M,-3.40%
2/27/2020,24599,"24,546.80","24,912.40","24,259.50",1.32M,0.21%
2/26/2020,24546.8,"24,860.10","25,225.70","24,468.40",1.15M,-3.69%
2/25/2020,25486.9,"23,502.20","25,486.90","23,502.20",1.61M,5.40%
2/24/2020,24181.2,"25,173.50","25,486.90","24,181.20",1.98M,-6.46%
2/21/2020,25852.4,"26,792.50","26,792.50","25,460.70",4.80M,-3.51%
2/20/2020,26792.5,"27,105.90","27,158.10","26,740.30",1.01M,0.00%
2/19/2020,26792.5,"27,158.10","27,210.40","26,740.30",682.07K,-1.35%
2/18/2020,27158.1,"27,105.90","27,471.50","26,897.00",1.61M,0.97%
2/17/2020,26897,"26,218.00","26,897.00","26,165.80",1.58M,3.00%
2/14/2020,26113.6,"26,165.80","26,426.90","26,113.60",1.15M,-0.79%
2/13/2020,26322.5,"26,479.20","26,635.90","26,061.40",1.06M,-0.79%
2/12/2020,26531.4,"26,897.00","27,053.70","26,479.20",1.29M,0.00%
2/11/2020,26531.4,"25,643.50","26,844.80","25,643.50",1.68M,3.46%
2/10/2020,25643.5,"26,583.60","26,740.30","25,643.50",2.04M,-5.03%
2/7/2020,27001.4,"27,523.70","27,837.10","26,949.20",2.75M,-2.82%
2/6/2020,27784.9,"27,889.30","28,254.90","27,680.40",2.69M,-0.56%
2/5/2020,27941.5,"28,672.70","28,829.40","27,941.50",1.32M,-1.65%
2/4/2020,28411.6,"28,411.60","28,568.30","27,993.80",2.58M,1.68%
2/3/2020,27941.5,"26,009.10","28,724.90","25,016.80",2.86M,3.88%
1/31/2020,26897,"27,314.80","27,993.80","26,897.00",2.12M,-2.28%
1/30/2020,27523.7,"28,463.80","28,672.70","27,158.10",2.54M,-5.05%
1/22/2020,28986.1,"28,202.70","29,142.80","28,098.20",1.43M,2.78%
1/21/2020,28202.7,"27,837.10","28,463.80","27,837.10",1.12M,1.31%
1/20/2020,27837.1,"27,941.50","28,307.10","27,784.90",1.40M,-0.37%
1/17/2020,27941.5,"28,254.90","28,516.00","27,732.60",1.18M,-0.93%
1/16/2020,28202.7,"26,635.90","28,254.90","26,635.90",1.84M,5.88%
1/15/2020,26635.9,"26,061.40","26,792.50","26,061.40",1.27M,1.80%
1/14/2020,26165.8,"26,165.80","26,897.00","26,061.40",1.38M,0.00%
1/13/2020,26165.8,"26,061.40","26,897.00","25,852.40",998.12K,-2.34%
1/10/2020,26792.5,"25,930.80","27,158.10","25,904.70",2.76M,3.32%
1/9/2020,25930.8,"24,938.50","26,061.40","24,860.10",2.88M,5.41%
1/8/2020,24599,"24,024.50","25,016.80","23,920.00",2.26M,0.86%
1/7/2020,24390.1,"23,920.00","24,390.10","23,606.70",965.42K,1.97%
1/6/2020,23920,"24,390.10","24,390.10","23,920.00",1.46M,-1.93%
1/3/2020,24390.1,"24,729.60","24,807.90","24,390.10",1.11M,-0.43%
1/2/2020,24494.5,"24,024.50","24,651.20","23,972.30",1.60M,1.63%
12/31/2019,24102.8,"24,129.00","24,285.60","23,972.30",1.16M,0.11%
12/30/2019,24076.7,"24,181.20","24,625.10","24,024.50",1.60M,-0.22%
12/27/2019,24129,"23,084.40","24,129.00","22,980.00",2.01M,4.52%
12/26/2019,23084.4,"23,528.30","23,685.00","23,084.40",963.49K,-2.21%
12/25/2019,23606.7,"23,032.20","23,632.80","23,032.20",1.07M,0.67%
12/24/2019,23450,"23,267.20","23,580.60","23,136.60",1.36M,0.34%
12/23/2019,23371.7,"22,327.10","23,476.10","22,327.10",4.48M,4.68%
12/20/2019,22327.1,"21,935.40","22,353.20","21,935.40",1.31M,1.30%
12/19/2019,22039.9,"21,987.60","22,170.40","21,622.00",1.29M,0.48%
12/18/2019,21935.4,"21,465.40","22,222.70","21,465.40",2.71M,1.33%
12/17/2019,21648.2,"21,831.00","21,883.20","21,569.80",1.06M,-1.07%
12/16/2019,21883.2,"22,039.90","22,066.00","21,674.30",1.54M,0.00%
12/13/2019,21883.2,"21,413.10","21,909.30","21,413.10",2.61M,2.20%
12/12/2019,21413.1,"21,204.20","21,413.10","20,995.30",1.33M,2.24%
12/11/2019,20943.1,"20,838.60","20,943.10","20,786.40",513.28K,0.50%
12/10/2019,20838.6,"20,890.90","21,073.70","20,760.30",761.61K,-0.25%
12/9/2019,20890.9,"20,890.90","20,890.90","20,708.10",657.01K,0.88%
12/6/2019,20708.1,"20,734.20","20,995.30","20,655.80",686.98K,-0.87%
12/5/2019,20890.9,"21,178.10","21,204.20","20,708.10",721.26K,-0.87%
12/4/2019,21073.7,"20,734.20","21,178.10","20,682.00",645.54K,1.64%
12/3/2019,20734.2,"20,577.50","20,917.00","20,368.60",1.44M,0.76%
12/2/2019,20577.5,"21,047.50","21,047.50","20,577.50",1.29M,-2.72%
11/29/2019,21152,"21,152.00","21,360.90","21,152.00",717.56K,-0.37%
11/28/2019,21230.3,"21,413.10","21,413.10","21,125.90",726.10K,-0.37%
11/27/2019,21308.7,"20,943.10","21,622.00","20,943.10",1.94M,2.00%
11/26/2019,20890.9,"21,047.50","21,178.10","20,786.40",744.90K,0.76%
11/25/2019,20734.2,"20,995.30","21,204.20","20,629.70",1.51M,-1.24%
11/22/2019,20995.3,"21,674.30","21,674.30","20,786.40",1.91M,-2.43%
11/21/2019,21517.6,"21,674.30","21,778.70","21,491.50",1.12M,-0.84%
11/20/2019,21700.4,"21,883.20","21,883.20","21,543.70",451.70K,-0.24%
11/19/2019,21752.6,"21,569.80","21,778.70","21,465.40",1.24M,0.85%
11/18/2019,21569.8,"21,831.00","22,039.90","21,543.70",1.76M,-1.67%
11/15/2019,21935.4,"22,274.90","22,301.00","21,935.40",1.15M,-1.18%
11/14/2019,22196.5,"22,457.70","22,457.70","21,987.60",1.49M,-0.93%
11/13/2019,22405.5,"22,039.90","22,405.50","22,039.90",3.31M,1.90%
11/12/2019,21987.6,"21,622.00","22,039.90","21,569.80",2.75M,1.94%
11/11/2019,21569.8,"21,543.70","21,883.20","21,465.40",1.33M,0.00%
11/8/2019,21569.8,"21,831.00","21,935.40","21,517.60",1.34M,-0.72%
11/7/2019,21726.5,"21,569.80","21,831.00","21,308.70",2.02M,1.93%
11/6/2019,21314.7,"21,390.50","21,567.30","21,314.70",1.50M,-0.71%
11/5/2019,21466.3,"21,365.20","21,466.30","21,289.50",1.65M,0.71%
11/4/2019,21314.7,"20,759.10","21,441.00","20,759.10",3.20M,2.93%
11/1/2019,20708.6,"20,456.10","20,759.10","20,355.10",2.16M,0.99%
10/31/2019,20506.6,"20,304.60","20,557.10","20,228.80",1.42M,1.00%
10/30/2019,20304.6,"20,456.10","20,607.60","20,279.30",1.39M,-0.99%
10/29/2019,20506.6,"20,658.10","20,658.10","20,203.50",1.69M,0.00%
10/28/2019,20506.6,"20,759.10","20,809.60","20,506.60",1.47M,1.00%
10/25/2019,20304.6,"20,203.50","20,481.30","20,102.50",1.78M,-0.25%
10/24/2019,20355.1,"20,254.00","20,456.10","20,077.30",940.28K,0.50%
10/23/2019,20254,"20,203.50","20,355.10","20,127.80",835.09K,0.25%
10/22/2019,20203.5,"19,850.00","20,203.50","19,850.00",1.04M,1.78%
10/21/2019,19850,"20,052.00","20,203.50","19,850.00",2.35M,-2.00%
10/18/2019,20254,"20,607.60","20,607.60","20,203.50",2.25M,-1.72%
10/17/2019,20607.6,"20,885.40","20,885.40","20,607.60",1.47M,-0.85%
10/16/2019,20784.4,"20,910.70","21,036.90","20,784.40",1.19M,-0.60%
10/15/2019,20910.7,"20,708.60","20,986.40","20,708.60",1.16M,0.61%
10/14/2019,20784.4,"20,708.60","21,188.50","20,632.90",2.53M,0.86%
10/11/2019,20607.6,"20,708.60","20,809.60","20,557.10",1.01M,-0.49%
10/10/2019,20708.6,"20,834.90","21,062.20","20,708.60",1.93M,-0.61%
10/9/2019,20834.9,"20,759.10","21,112.70","20,607.60",2.59M,0.36%
10/8/2019,20759.1,"20,405.60","20,759.10","20,254.00",1.19M,1.73%
10/7/2019,20405.6,"20,658.10","20,658.10","20,203.50",1.48M,-0.25%
10/4/2019,20456.1,"20,860.20","21,036.90","20,456.10",1.62M,-1.82%
10/3/2019,20834.9,"20,102.50","20,834.90","20,077.30",3.55M,2.61%
10/2/2019,20304.6,"20,203.50","20,607.60","20,178.30",2.76M,0.50%
10/1/2019,20203.5,"19,900.50","20,203.50","19,900.50",1.58M,1.52%
9/30/2019,19900.5,"20,304.60","20,531.80","19,900.50",2.62M,-2.11%
9/27/2019,20329.8,"20,355.10","20,405.60","20,228.80",1.61M,0.25%
9/26/2019,20279.3,"20,153.00","20,557.10","20,153.00",1.63M,0.63%
9/25/2019,20153,"19,824.70","20,153.00","19,647.90",2.65M,1.14%
9/24/2019,19925.7,"20,102.50","20,203.50","19,925.70",1.50M,-0.50%
9/23/2019,20026.8,"20,052.00","20,456.10","20,001.50",2.00M,-0.87%
9/20/2019,20203.5,"20,607.60","20,759.10","20,102.50",4.04M,-1.96%
9/19/2019,20607.6,"20,809.60","20,834.90","20,582.40",1.89M,-0.85%
9/18/2019,20784.4,"20,658.10","20,834.90","20,481.30",2.99M,0.37%
9/17/2019,20708.6,"20,052.00","20,708.60","19,900.50",2.87M,2.50%
9/16/2019,20203.5,"20,127.80","20,607.60","20,102.50",2.29M,0.38%
9/13/2019,20127.8,"19,622.70","20,127.80","19,496.40",4.22M,3.10%
9/12/2019,19521.7,"19,370.10","19,572.20","19,193.40",3.23M,1.18%
9/11/2019,19294.4,"19,193.40","19,395.40","19,168.10",951.46K,-0.26%
9/10/2019,19344.9,"19,168.10","19,496.40","19,092.30",1.84M,0.52%
9/9/2019,19243.9,"19,193.40","19,243.90","19,067.10",1.47M,0.26%
9/6/2019,19193.4,"19,445.90","19,445.90","18,966.10",2.80M,-1.30%
9/5/2019,19445.9,"19,597.40","19,723.70","19,445.90",1.72M,-0.26%
9/4/2019,19496.4,"19,546.90","19,597.40","19,193.40",1.69M,-0.26%
9/3/2019,19546.9,"19,597.40","19,749.00","19,521.70",1.52M,-0.13%
8/30/2019,19572.2,"19,294.40","19,597.40","19,168.10",4.01M,2.24%
8/29/2019,19142.9,"18,991.30","19,142.90","18,865.10",2.44M,0.80%
8/28/2019,18991.3,"18,940.80","19,193.40","18,890.30",1.71M,0.27%
8/27/2019,18940.8,"19,344.90","19,395.40","18,940.80",2.15M,-0.92%
8/26/2019,19117.6,"18,637.80","19,117.60","18,486.20",3.31M,0.80%
8/23/2019,18966.1,"19,092.30","19,092.30","18,764.00",1.79M,-0.13%
8/22/2019,18991.3,"19,193.40","19,243.90","18,940.80",2.97M,-0.66%
8/21/2019,19117.6,"18,435.70","19,319.60","18,435.70",4.93M,2.85%
8/20/2019,18587.3,"18,663.00","18,663.00","18,461.00",1.47M,0.27%
8/19/2019,18536.7,"18,435.70","18,688.30","18,334.70",2.08M,1.94%
8/16/2019,18183.2,"17,678.10","18,536.70","17,627.60",5.93M,2.56%
8/15/2019,17728.6,"17,425.60","17,728.60","17,425.60",1.01M,0.00%
8/14/2019,17728.6,"17,829.60","17,880.10","17,551.80",953.98K,0.57%
8/13/2019,17627.6,"17,703.40","17,880.10","17,551.80",1.50M,-1.27%
8/12/2019,17854.9,"17,602.30","17,880.10","17,198.30",2.52M,1.87%
8/9/2019,17526.6,"17,678.10","17,678.10","17,274.00",1.83M,0.00%
8/8/2019,17526.6,"17,526.60","17,753.90","17,501.30",1.67M,0.00%
8/7/2019,17526.6,"17,854.90","17,930.60","17,526.60",1.98M,-1.42%
8/6/2019,17779.1,"17,425.60","18,006.40","17,425.60",2.25M,-1.68%
8/5/2019,18082.2,"17,930.60","18,082.20","17,905.40",3.61M,0.00%
8/2/2019,18082.2,"17,678.10","18,183.20","17,627.60",3.34M,0.99%
8/1/2019,17905.4,"17,930.60","17,930.60","17,703.40",1.36M,-0.14%
7/31/2019,17930.6,"17,678.10","17,930.60","17,526.60",1.71M,1.43%
7/30/2019,17678.1,"17,981.20","17,981.20","17,652.80",2.97M,-2.23%
7/29/2019,18082.2,"18,031.70","18,082.20","17,829.60",2.48M,0.00%
7/26/2019,18082.2,"17,678.10","18,132.70","17,678.10",4.00M,1.70%
7/25/2019,17779.1,"17,324.50","17,779.10","17,324.50",2.41M,2.18%
7/24/2019,17400.3,"17,880.10","17,880.10","17,274.00",3.46M,-2.27%
7/23/2019,17804.4,"18,056.90","18,056.90","17,526.60",3.91M,-1.40%
7/22/2019,18056.9,"17,779.10","18,157.90","17,678.10",5.25M,2.44%
7/19/2019,17627.6,"17,678.10","17,880.10","17,526.60",3.14M,0.58%
7/18/2019,17526.6,"17,400.30","17,526.60","17,274.00",2.64M,0.43%
7/17/2019,17450.8,"17,425.60","17,627.60","17,299.30",2.84M,0.00%
7/16/2019,17450.8,"16,895.20","17,450.80","16,895.20",6.02M,3.75%
7/15/2019,16819.4,"16,819.40","16,920.50","16,794.20",1.67M,-0.30%
7/12/2019,16870,"16,920.50","17,072.00","16,819.40",2.60M,-0.15%
7/11/2019,16895.2,"16,465.90","16,920.50","16,364.90",4.51M,3.24%
7/10/2019,16364.9,"16,465.90","16,592.20","16,364.90",1.28M,-0.61%
7/9/2019,16465.9,"16,364.90","16,516.40","16,364.90",739.66K,0.15%
7/8/2019,16440.6,"16,617.40","16,617.40","16,364.90",1.03M,-0.76%
7/5/2019,16566.9,"16,491.10","16,768.90","16,465.90",2.21M,0.00%
7/4/2019,16566.9,"16,364.90","16,592.20","16,263.80",2.10M,2.18%
7/3/2019,16213.3,"16,162.80","16,364.90","16,162.80",751.02K,0.16%
7/2/2019,16188.1,"16,213.30","16,364.90","16,188.10",833.22K,-0.93%
7/1/2019,16339.6,"16,263.80","16,415.40","16,213.30",1.01M,2.05%
6/28/2019,16011.3,"16,162.80","16,263.80","15,859.80",1.20M,-0.94%
6/27/2019,16162.8,"16,390.10","16,390.10","16,162.80",1.22M,-1.54%
6/26/2019,16415.4,"16,162.80","16,440.60","16,112.30",1.93M,1.25%
6/25/2019,16213.3,"16,465.90","16,516.40","16,213.30",1.35M,-1.53%
6/24/2019,16465.9,"16,491.10","16,667.90","16,364.90",1.37M,0.31%
6/21/2019,16415.4,"16,516.40","16,642.70","16,390.10",919.19K,-0.46%
6/20/2019,16491.1,"16,162.80","16,516.40","16,112.30",2.09M,2.03%
6/19/2019,16162.8,"16,364.90","16,364.90","16,137.60",846.19K,0.00%
6/18/2019,16162.8,"16,112.30","16,213.30","16,011.30",501.46K,-0.31%
6/17/2019,16213.3,"16,263.80","16,440.60","16,137.60",1.27M,-0.16%
6/14/2019,16238.6,"16,011.30","16,289.10","15,910.30",2.91M,2.06%
6/13/2019,15910.3,"15,859.80","16,036.60","15,859.80",529.79K,0.00%
6/12/2019,15910.3,"16,011.30","16,112.30","15,885.00",643.70K,-1.25%
6/11/2019,16112.3,"16,061.80","16,162.80","15,960.80",1.07M,0.63%
6/10/2019,16011.3,"16,061.80","16,213.30","16,011.30",863.98K,0.00%
6/7/2019,16011.3,"15,809.30","16,011.30","15,809.30",841.59K,1.28%
6/6/2019,15809.3,"15,859.80","16,011.30","15,607.20",603.92K,-0.32%
6/5/2019,15859.8,"16,162.80","16,263.80","15,859.80",884.50K,-1.88%
6/4/2019,16162.8,"15,455.70","16,162.80","15,430.50",1.59M,4.58%
6/3/2019,15455.7,"15,859.80","15,910.30","15,455.70",2.38M,-2.86%
5/31/2019,15910.3,"15,986.10","16,112.30","15,885.00",1.67M,-0.94%
5/30/2019,16061.8,"16,263.80","16,314.40","16,061.80",1.23M,-0.62%
5/29/2019,16162.8,"16,314.40","16,390.10","16,137.60",1.64M,-0.93%
5/28/2019,16314.4,"16,415.40","16,566.90","16,238.60",1.62M,-0.92%
5/27/2019,16465.9,"16,415.40","16,516.40","16,364.90",963.84K,0.31%
5/24/2019,16415.4,"16,718.40","16,794.20","16,415.40",2.77M,-2.69%
5/23/2019,16870,"16,667.90","16,870.00","16,465.90",1.46M,0.60%
5/22/2019,16768.9,"16,693.20","16,971.00","16,693.20",2.31M,0.45%
5/21/2019,16693.2,"16,516.40","16,794.20","16,465.90",3.14M,1.07%
5/20/2019,16516.4,"16,213.30","16,617.40","16,213.30",1.76M,1.71%
5/17/2019,16238.6,"16,516.40","16,516.40","16,162.80",1.72M,-1.38%
5/16/2019,16465.9,"16,642.70","16,667.90","16,390.10",1.42M,-0.91%
5/15/2019,16617.4,"16,465.90","16,718.40","16,314.40",2.68M,1.54%
5/14/2019,16364.9,"16,390.10","16,465.90","16,162.80",2.00M,-0.92%
5/13/2019,16516.4,"16,162.80","16,566.90","16,162.80",1.43M,2.19%
5/10/2019,16162.8,"15,910.30","16,263.80","15,859.80",2.01M,2.89%
5/9/2019,15708.3,"16,491.10","16,566.90","15,657.70",3.55M,-3.86%
5/8/2019,16339.6,"16,516.40","16,667.90","16,339.60",2.07M,-2.27%
5/7/2019,16718.4,"16,819.40","17,122.50","16,617.40",1.74M,0.00%
5/6/2019,16718.4,"16,996.20","17,122.50","16,667.90",2.24M,-3.22%
5/3/2019,17274,"17,425.60","17,577.10","17,274.00",1.02M,-0.87%
5/2/2019,17425.6,"17,678.10","17,678.10","17,425.60",885.84K,-0.86%
4/26/2019,17577.1,"17,425.60","17,627.60","17,425.60",887.20K,0.87%
4/25/2019,17425.6,"17,476.10","17,678.10","17,425.60",851.32K,-0.29%
4/24/2019,17476.1,"17,425.60","17,577.10","17,324.50",985.96K,1.17%
4/23/2019,17274,"17,476.10","17,476.10","17,147.80",1.84M,0.00%
4/22/2019,17274,"17,602.30","17,602.30","17,147.80",1.26M,-1.87%
4/19/2019,17602.3,"17,577.10","17,779.10","17,526.60",538.46K,0.14%
4/18/2019,17577.1,"17,577.10","17,880.10","17,501.30",1.86M,0.00%
4/17/2019,17577.1,"17,930.60","17,930.60","17,577.10",1.56M,-1.97%
4/16/2019,17930.6,"17,476.10","17,981.20","17,274.00",2.57M,2.16%
4/12/2019,17551.8,"17,728.60","17,779.10","17,526.60",1.64M,-1.14%
4/11/2019,17753.9,"17,829.60","17,930.60","17,652.80",1.18M,-0.14%
4/10/2019,17779.1,"18,056.90","18,082.20","17,779.10",957.41K,-1.54%
4/9/2019,18056.9,"17,930.60","18,284.20","17,930.60",3.81M,0.70%
4/8/2019,17930.6,"17,577.10","17,955.90","17,577.10",1.91M,1.28%
4/5/2019,17703.4,"17,829.60","18,031.70","17,577.10",1.35M,-0.71%
4/4/2019,17829.6,"18,183.20","18,183.20","17,753.90",1.94M,-1.12%
4/3/2019,18031.7,"17,577.10","18,233.70","17,400.30",3.47M,2.59%
4/2/2019,17577.1,"18,183.20","18,183.20","17,577.10",2.66M,-1.97%
4/1/2019,17930.6,"18,082.20","18,334.70","17,829.60",1.67M,-0.84%
3/29/2019,18082.2,"17,981.20","18,183.20","17,981.20",3.03M,0.56%
3/28/2019,17981.2,"17,400.30","18,107.40","17,400.30",4.02M,2.01%
3/27/2019,17627.6,"17,602.30","17,728.60","17,324.50",2.27M,1.75%
3/26/2019,17324.5,"17,627.60","17,728.60","17,274.00",1.91M,-0.58%
3/25/2019,17425.6,"17,223.50","17,678.10","16,920.50",3.83M,-1.71%
3/22/2019,17728.6,"17,880.10","18,031.70","17,577.10",3.44M,0.86%
3/21/2019,17577.1,"18,309.50","18,511.50","17,577.10",4.10M,-3.60%
3/20/2019,18233.7,"18,258.90","18,435.70","17,930.60",4.95M,-1.37%
3/19/2019,18486.2,"18,764.00","18,839.80","18,435.70",5.17M,-1.88%
3/18/2019,18839.8,"18,789.30","18,991.30","18,637.80",5.36M,0.27%
3/15/2019,18789.3,"18,284.20","18,940.80","18,132.70",5.83M,2.76%
3/14/2019,18284.2,"17,981.20","18,536.70","17,779.10",4.86M,1.69%
3/13/2019,17981.2,"17,829.60","18,157.90","17,779.10",5.24M,0.28%
3/12/2019,17930.6,"17,223.50","17,930.60","17,072.00",3.10M,5.50%
3/11/2019,16996.2,"17,223.50","17,223.50","16,895.20",2.08M,-1.03%
3/8/2019,17173,"17,400.30","17,526.60","17,122.50",3.31M,-2.58%
3/7/2019,17627.6,"17,678.10","17,804.40","17,526.60",3.12M,0.43%
3/6/2019,17551.8,"17,476.10","17,627.60","17,375.00",2.93M,0.43%
3/5/2019,17476.1,"16,768.90","17,829.60","16,768.90",7.72M,2.98%
3/4/2019,16971,"16,718.40","17,046.70","16,667.90",1.68M,2.28%
3/1/2019,16592.2,"16,465.90","16,718.40","16,465.90",2.11M,1.08%
2/28/2019,16415.4,"16,971.00","17,046.70","16,415.40",3.29M,-3.27%
2/27/2019,16971,"16,971.00","17,147.80","16,920.50",1.37M,0.00%
2/26/2019,16971,"17,021.50","17,173.00","16,920.50",2.58M,-1.18%
2/25/2019,17173,"17,425.60","17,425.60","17,021.50",3.09M,0.00%
2/22/2019,17173,"17,274.00","17,526.60","17,173.00",2.67M,-0.73%
2/21/2019,17299.3,"17,299.30","17,501.30","17,173.00",3.95M,0.74%
2/20/2019,17173,"16,566.90","17,627.60","16,491.10",4.33M,3.34%
2/19/2019,16617.4,"16,920.50","17,046.70","16,617.40",2.09M,-1.79%
2/18/2019,16920.5,"16,920.50","17,021.50","16,768.90",1.75M,1.06%
2/15/2019,16743.7,"16,339.60","17,072.00","16,213.30",2.97M,2.31%
2/14/2019,16364.9,"16,415.40","16,440.60","16,339.60",1.87M,-0.31%
2/13/2019,16415.4,"16,440.60","16,465.90","16,289.10",2.85M,0.15%
2/12/2019,16390.1,"16,188.10","16,516.40","16,188.10",2.56M,1.56%
2/11/2019,16137.6,"16,213.30","16,289.10","16,061.80",1.16M,1.11%
2/1/2019,15960.8,"15,885.00","16,087.10","15,859.80",984.03K,0.32%
1/31/2019,15910.3,"16,263.80","16,263.80","15,910.30",1.24M,-0.63%
1/30/2019,16011.3,"16,112.30","16,289.10","15,960.80",786.81K,0.00%
1/29/2019,16011.3,"16,112.30","16,112.30","15,935.50",1.17M,-0.63%
1/28/2019,16112.3,"16,188.10","16,339.60","16,061.80",998.95K,-0.47%
1/25/2019,16188.1,"16,516.40","16,516.40","16,162.80",1.05M,-1.38%
1/24/2019,16415.4,"16,440.60","16,592.20","16,415.40",1.06M,-0.61%
1/23/2019,16516.4,"16,364.90","16,592.20","16,213.30",838.75K,-0.15%
1/22/2019,16541.6,"16,617.40","16,718.40","16,516.40",1.03M,-0.30%
1/21/2019,16592.2,"16,162.80","16,844.70","16,011.30",2.21M,3.63%
1/18/2019,16011.3,"16,137.60","16,314.40","15,986.10",932.89K,-0.78%
1/17/2019,16137.6,"16,263.80","16,364.90","16,112.30",545.22K,-0.78%
1/16/2019,16263.8,"16,516.40","16,541.60","16,263.80",666.37K,-0.92%
1/15/2019,16415.4,"16,036.60","16,566.90","16,036.60",1.06M,1.88%
1/14/2019,16112.3,"16,112.30","16,339.60","15,885.00",1.39M,0.00%
1/11/2019,16112.3,"16,415.40","16,566.90","16,087.10",1.73M,-1.85%
1/10/2019,16415.4,"16,667.90","16,718.40","16,415.40",752.51K,-1.52%
1/9/2019,16667.9,"16,314.40","16,693.20","16,213.30",1.97M,3.12%
1/8/2019,16162.8,"16,465.90","16,465.90","16,112.30",1.02M,-0.93%
1/7/2019,16314.4,"16,162.80","16,667.90","16,162.80",1.48M,2.38%
1/4/2019,15935.5,"15,910.30","16,137.60","15,556.70",2.67M,-1.41%
1/3/2019,16162.8,"16,920.50","17,072.00","16,162.80",2.03M,-4.48%
1/2/2019,16920.5,"17,375.00","17,375.00","16,895.20",1.48M,-2.62%
12/28/2018,17375,"17,072.00","17,375.00","16,996.20",3.91M,1.18%
12/27/2018,17173,"17,072.00","17,400.30","16,945.70",3.01M,4.29%
12/26/2018,16465.9,"16,541.60","16,895.20","16,440.60",1.90M,-0.46%
12/25/2018,16541.6,"16,768.90","17,046.70","16,011.30",3.35M,-3.68%
12/24/2018,17173,"17,173.00","17,551.80","17,072.00",3.40M,0.00%
12/21/2018,17173,"17,072.00","17,198.30","16,870.00",1.29M,0.15%
12/20/2018,17147.8,"16,920.50","17,299.30","16,870.00",3.00M,1.95%
12/19/2018,16819.4,"16,996.20","17,147.80","16,819.40",2.41M,-1.04%
12/18/2018,16996.2,"16,516.40","16,996.20","16,415.40",4.30M,1.36%
12/17/2018,16768.9,"16,895.20","17,198.30","16,768.90",4.16M,-2.06%
12/14/2018,17122.5,"17,274.00","17,577.10","17,072.00",2.23M,-1.17%
12/13/2018,17324.5,"17,652.80","17,652.80","17,324.50",2.95M,-1.01%
12/12/2018,17501.3,"17,021.50","17,501.30","16,870.00",4.08M,3.28%
12/11/2018,16945.7,"17,021.50","17,097.20","16,870.00",2.10M,-0.45%
12/10/2018,17021.5,"17,021.50","17,223.50","16,794.20",2.85M,0.00%
12/7/2018,17021.5,"17,072.00","17,375.00","16,996.20",2.24M,0.00%
12/6/2018,17021.5,"17,021.50","17,097.20","16,768.90",3.64M,-0.44%
12/5/2018,17097.2,"16,667.90","17,198.30","16,566.90",4.72M,1.35%
12/4/2018,16870,"16,945.70","17,223.50","16,768.90",4.35M,-0.45%
12/3/2018,16945.7,"16,162.80","16,945.70","16,061.80",6.35M,6.85%
11/30/2018,15859.8,"15,455.70","16,061.80","15,455.70",4.78M,0.48%
11/29/2018,15784,"15,935.50","16,162.80","15,784.00",4.55M,-0.95%
11/28/2018,15935.5,"15,885.00","15,986.10","15,809.30",1.40M,0.32%
11/27/2018,15885,"16,112.30","16,162.80","15,657.70",2.53M,-0.63%
11/26/2018,15986.1,"15,859.80","16,137.60","15,859.80",1.45M,-0.16%
11/23/2018,16011.3,"16,061.80","16,213.30","15,960.80",2.46M,-0.47%
11/22/2018,16087.1,"16,263.80","16,390.10","16,061.80",3.42M,-0.47%
11/21/2018,16162.8,"15,758.80","16,263.80","15,733.50",3.20M,0.95%
11/20/2018,16011.3,"15,885.00","16,162.80","15,885.00",2.39M,-1.55%
11/19/2018,16263.8,"16,263.80","16,440.60","16,162.80",2.79M,0.00%
11/16/2018,16263.8,"15,910.30","16,390.10","15,910.30",4.29M,3.87%
11/15/2018,15657.7,"15,152.70","16,061.80","15,102.10",2.88M,3.33%
11/14/2018,15152.7,"15,657.70","15,910.30","15,152.70",2.77M,-3.23%
11/13/2018,15657.7,"15,809.30","16,036.60","15,657.70",3.76M,-3.73%
11/12/2018,16263.8,"15,708.30","16,390.10","15,708.30",2.44M,1.58%
11/9/2018,16011.3,"16,263.80","16,415.40","15,986.10",3.28M,-2.31%
11/8/2018,16390.1,"16,920.50","16,920.50","16,364.90",3.17M,0.00%
11/7/2018,16390.1,"16,162.80","16,592.20","16,112.30",3.88M,1.41%
11/6/2018,16162.8,"16,667.90","16,743.70","16,087.10",3.36M,-2.44%
11/5/2018,16566.9,"16,162.80","16,566.90","15,960.80",3.17M,1.08%
11/2/2018,16390.1,"15,657.70","16,390.10","15,556.70",6.36M,6.92%
11/1/2018,15329.4,"15,885.00","15,910.30","15,304.20",5.45M,2.88%
10/31/2018,14900.1,"14,395.00","14,900.10","14,243.50",3.06M,6.88%
10/30/2018,13940.4,"14,395.00","15,001.10","13,940.40",5.75M,-4.50%
10/29/2018,14597.1,"15,405.20","15,556.70","14,546.50",4.55M,-5.56%
10/26/2018,15455.7,"16,162.80","16,314.40","15,455.70",3.44M,-1.92%
10/25/2018,15758.8,"15,329.40","16,162.80","15,329.40",8.41M,-4.29%
10/24/2018,16465.9,"17,627.60","17,678.10","16,465.90",4.09M,-6.59%
10/23/2018,17627.6,"17,577.10","17,779.10","16,920.50",6.69M,-0.29%
10/22/2018,17678.1,"17,678.10","17,905.40","17,526.60",6.68M,1.16%
10/19/2018,17476.1,"17,173.00","17,551.80","17,072.00",3.68M,0.00%
10/18/2018,17476.1,"17,375.00","17,753.90","17,072.00",6.14M,0.00%
10/17/2018,17476.1,"17,173.00","17,577.10","17,147.80",5.26M,3.28%
10/16/2018,16920.5,"16,465.90","16,920.50","16,465.90",2.88M,2.76%
10/15/2018,16465.9,"17,173.00","17,173.00","16,465.90",2.20M,-3.55%
10/12/2018,17072,"16,667.90","17,248.80","16,162.80",4.88M,2.74%
10/11/2018,16617.4,"16,718.40","17,324.50","16,617.40",12.04M,-6.93%
10/10/2018,17854.9,"18,284.20","18,284.20","17,779.10",3.81M,-2.08%
10/9/2018,18233.7,"18,233.70","18,435.70","18,082.20",2.33M,0.28%
10/8/2018,18183.2,"17,779.10","18,284.20","17,627.60",5.99M,1.41%
10/5/2018,17930.6,"18,385.20","18,486.20","17,930.60",5.19M,-3.40%
10/4/2018,18562,"18,536.70","18,587.30","18,334.70",3.44M,0.27%
10/3/2018,18511.5,"18,334.70","18,562.00","18,284.20",4.33M,1.24%
10/2/2018,18284.2,"17,577.10","18,385.20","17,425.60",9.53M,4.17%
10/1/2018,17551.8,"17,779.10","17,930.60","17,476.10",3.18M,-1.28%
9/28/2018,17779.1,"17,627.60","18,006.40","17,526.60",5.17M,1.59%
9/27/2018,17501.3,"17,678.10","17,703.40","17,501.30",3.80M,-0.72%
9/26/2018,17627.6,"17,652.80","17,905.40","17,627.60",3.58M,-0.29%
9/25/2018,17678.1,"17,551.80","17,981.20","17,476.10",3.33M,0.29%
9/24/2018,17627.6,"17,829.60","17,981.20","17,602.30",4.44M,-1.13%
9/21/2018,17829.6,"18,031.70","18,056.90","17,501.30",8.49M,-0.56%
9/20/2018,17930.6,"17,829.60","18,056.90","17,602.30",4.22M,0.57%
9/19/2018,17829.6,"17,930.60","18,157.90","17,779.10",5.39M,0.14%
9/18/2018,17804.4,"17,072.00","17,829.60","16,920.50",7.56M,3.07%
9/17/2018,17274,"17,526.60","17,728.60","17,274.00",3.97M,-1.87%
9/14/2018,17602.3,"17,829.60","17,930.60","17,526.60",3.03M,-0.43%
9/13/2018,17678.1,"17,779.10","17,930.60","17,425.60",5.47M,0.72%
9/12/2018,17551.8,"17,930.60","17,981.20","17,551.80",4.63M,-1.56%
9/11/2018,17829.6,"17,173.00","17,880.10","17,122.50",8.01M,3.82%
9/10/2018,17173,"17,072.00","17,425.60","16,920.50",5.64M,0.29%
9/7/2018,17122.5,"16,415.40","17,248.80","16,415.40",5.81M,3.51%
9/6/2018,16541.6,"16,718.40","16,768.90","16,364.90",3.52M,-1.06%
9/5/2018,16718.4,"16,263.80","16,844.70","16,238.60",6.02M,1.85%
9/4/2018,16415.4,"17,173.00","17,173.00","16,263.80",7.49M,-5.52%
8/31/2018,17375,"17,577.10","17,678.10","17,324.50",4.28M,-1.43%
8/30/2018,17627.6,"16,971.00","17,627.60","16,920.50",6.02M,3.71%
8/29/2018,16996.2,"17,021.50","17,223.50","16,945.70",4.25M,-0.15%
8/28/2018,17021.5,"17,324.50","17,324.50","16,819.40",4.73M,-0.88%
8/27/2018,17173,"17,021.50","17,223.50","16,895.20",4.66M,1.80%
8/24/2018,16870,"16,465.90","16,945.70","16,465.90",5.09M,1.06%
8/23/2018,16693.2,"16,516.40","16,920.50","16,263.80",6.11M,1.69%
8/22/2018,16415.4,"16,768.90","17,021.50","16,364.90",7.96M,-1.52%
8/21/2018,16667.9,"15,657.70","16,667.90","15,657.70",7.46M,5.10%
8/20/2018,15859.8,"15,657.70","16,061.80","15,556.70",6.55M,0.96%
8/17/2018,15708.3,"15,455.70","16,011.30","15,203.20",8.55M,3.67%
8/16/2018,15152.7,"14,622.30","15,177.90","14,142.50",9.19M,2.39%
8/15/2018,14799.1,"15,405.20","15,506.20","14,445.50",9.06M,-2.33%
8/14/2018,15152.7,"15,405.20","15,481.00","15,102.10",4.01M,-1.64%
8/13/2018,15405.2,"15,001.10","15,582.00","14,950.60",6.72M,2.01%
8/10/2018,15102.1,"14,445.50","15,102.10","14,395.00",8.11M,3.64%
8/9/2018,14571.8,"14,900.10","15,051.60","14,546.50",6.31M,-1.20%
8/8/2018,14748.6,"13,889.90","14,748.60","13,889.90",8.26M,6.38%
8/7/2018,13864.7,"13,283.80","13,991.00","13,283.80",6.79M,2.23%
8/6/2018,13561.6,"13,435.40","13,940.40","13,157.60",5.98M,1.13%
8/3/2018,13410.1,"13,435.40","13,485.90","13,283.80",4.74M,1.34%
8/2/2018,13233.3,"13,132.30","13,233.30","12,778.70",6.46M,-0.38%
8/1/2018,13283.8,"13,283.80","13,536.40","13,132.30",6.39M,0.00%
7/31/2018,13283.8,"13,233.30","13,612.10","13,056.50",9.72M,0.00%
7/30/2018,13283.8,"12,728.20","13,283.80","12,627.20",6.95M,6.05%
7/27/2018,12526.2,"12,172.60","12,602.00","12,122.10",3.72M,2.90%
7/26/2018,12172.6,"11,920.10","12,172.60","11,743.30",4.33M,2.12%
7/25/2018,11920.1,"12,627.20","12,703.00","11,920.10",5.08M,-4.84%
7/24/2018,12526.2,"12,475.70","12,879.80","12,122.10",4.75M,0.00%
7/23/2018,12526.2,"12,829.20","13,233.30","12,526.20",5.72M,-2.36%
7/20/2018,12829.2,"12,829.20","13,081.80","12,526.20",7.84M,-1.55%
7/19/2018,13031.3,"13,132.30","13,233.30","12,879.80",6.13M,-1.34%
7/18/2018,13208.1,"12,627.20","13,233.30","12,576.70",7.35M,5.02%
7/17/2018,12576.7,"11,920.10","12,703.00","11,920.10",7.31M,3.11%
7/16/2018,12197.9,"12,122.10","12,324.20","11,970.60",5.34M,2.77%
7/13/2018,11869.6,"11,869.60","12,122.10","11,768.60",5.75M,2.17%
7/12/2018,11617,"11,314.00","11,920.10","11,137.20",4.60M,4.07%
7/11/2018,11162.5,"11,516.00","11,617.00","11,111.90",9.97M,-6.55%
7/10/2018,11945.3,"11,970.60","12,298.90","11,819.10",6.62M,1.50%
7/9/2018,11768.6,"11,920.10","12,324.20","11,743.30",9.94M,0.87%
7/6/2018,11667.5,"10,808.90","11,667.50","10,531.10",9.27M,6.94%
7/5/2018,10909.9,"11,389.70","11,642.30","10,758.40",5.58M,-5.68%
7/4/2018,11566.5,"11,642.30","11,692.80","11,086.70",8.50M,-0.65%
7/3/2018,11642.3,"12,526.20","12,703.00","11,642.30",9.06M,-6.87%
7/2/2018,12500.9,"12,879.80","13,132.30","12,298.90",6.49M,-4.81%
6/29/2018,13132.3,"13,132.30","13,485.90","12,980.80",3.87M,0.39%
6/28/2018,13081.8,"13,334.30","13,536.40","13,031.30",7.02M,-3.36%
6/27/2018,13536.4,"14,041.50","14,243.50","13,536.40",3.54M,-3.60%
6/26/2018,14041.5,"13,889.90","14,193.00","13,788.90",2.35M,-1.42%
6/25/2018,14243.5,"14,167.70","14,470.80","14,092.00",3.55M,2.55%
6/22/2018,13889.9,"13,157.60","13,965.70","13,157.60",4.18M,2.61%
6/21/2018,13536.4,"13,940.40","14,142.50","13,435.40",3.80M,-4.29%
6/20/2018,14142.5,"13,687.90","14,142.50","13,460.60",4.33M,4.48%
6/19/2018,13536.4,"13,536.40","13,637.40","12,829.20",10.00M,-1.83%
6/18/2018,13788.9,"14,647.60","14,672.80","13,738.40",5.26M,-5.86%
6/15/2018,14647.6,"14,142.50","14,647.60","14,041.50",4.14M,2.47%
6/14/2018,14294,"15,001.10","15,102.10","14,294.00",7.09M,-4.55%
6/13/2018,14975.9,"14,950.60","15,152.70","14,723.30",3.06M,0.17%
6/12/2018,14950.6,"15,304.20","15,405.20","14,571.80",7.91M,-4.52%
6/11/2018,15657.7,"15,708.30","16,137.60","15,657.70",4.25M,-1.59%
6/8/2018,15910.3,"15,758.80","16,011.30","15,556.70",4.92M,0.96%
6/7/2018,15758.8,"16,061.80","16,263.80","15,758.80",6.79M,-1.89%
6/6/2018,16061.8,"15,379.90","16,061.80","15,051.60",4.64M,4.61%
6/5/2018,15354.7,"15,304.20","15,758.80","14,950.60",5.62M,-0.33%
6/4/2018,15405.2,"14,647.60","15,455.70","14,344.50",8.94M,2.69%
6/1/2018,15001.1,"14,647.60","15,506.20","14,546.50",6.66M,1.54%
5/31/2018,14773.8,"13,788.90","14,849.60","13,788.90",6.25M,5.98%
5/30/2018,13940.4,"14,142.50","14,395.00","13,814.20",3.93M,0.00%
5/29/2018,13940.4,"13,384.80","13,940.40","13,031.30",5.27M,6.98%
5/28/2018,13031.3,"13,687.90","13,738.40","13,031.30",7.15M,-6.86%
5/25/2018,13991,"15,076.90","15,203.20","13,991.00",3.96M,-6.58%
5/24/2018,14975.9,"15,405.20","15,531.50","14,874.90",2.00M,-2.63%
5/23/2018,15379.9,"14,546.50","15,405.20","14,521.30",3.33M,3.92%
5/22/2018,14799.1,"15,657.70","15,859.80","14,799.10",5.72M,-6.98%
5/21/2018,15910.3,"16,642.70","16,642.70","15,910.30",4.41M,-4.40%
5/18/2018,16642.7,"16,667.90","16,870.00","15,657.70",5.38M,-0.15%
5/17/2018,16667.9,"16,768.90","16,920.50","16,516.40",2.75M,-0.60%
5/16/2018,16768.9,"17,223.50","17,324.50","16,743.70",3.40M,-4.05%
5/15/2018,17476.1,"17,324.50","17,678.10","17,173.00",4.07M,0.87%
5/14/2018,17324.5,"17,476.10","17,526.60","17,021.50",1.68M,0.88%
5/11/2018,17173,"16,516.40","17,274.00","15,910.30",3.88M,3.98%
5/10/2018,16516.4,"17,375.00","17,981.20","16,440.60",5.19M,-6.57%
5/9/2018,17678.1,"17,678.10","18,309.50","17,425.60",3.38M,-1.41%
5/8/2018,17930.6,"17,551.80","18,663.00","17,375.00",5.52M,2.16%
5/7/2018,17551.8,"16,642.70","17,551.80","16,011.30",6.52M,6.92%
5/4/2018,16415.4,"17,223.50","17,425.60","16,415.40",2.93M,-3.56%
5/3/2018,17021.5,"16,263.80","17,627.60","15,784.00",7.64M,0.30%
5/2/2018,16971,"18,536.70","18,637.80","16,971.00",3.42M,-6.93%
4/27/2018,18233.7,"18,385.20","19,243.90","18,183.20",3.71M,-1.10%
4/26/2018,18435.7,"19,092.30","19,445.90","17,930.60",4.04M,-3.95%
4/24/2018,19193.4,"18,688.30","19,445.90","18,132.70",4.59M,3.54%
4/23/2018,18536.7,"20,102.50","20,531.80","18,536.70",5.88M,-6.97%
4/20/2018,19925.7,"19,445.90","19,976.30","18,688.30",4.43M,3.82%
4/19/2018,19193.4,"20,304.60","20,405.60","19,092.30",5.05M,-5.47%
4/18/2018,20304.6,"21,567.30","21,567.30","20,304.60",2.19M,-4.06%
4/17/2018,21163.2,"20,203.50","21,163.20","20,052.00",4.61M,4.75%
4/16/2018,20203.5,"20,708.60","21,213.70","20,203.50",4.04M,-4.76%
4/13/2018,21213.7,"22,476.40","22,628.00","21,062.20",6.17M,-5.41%
4/12/2018,22425.9,"22,375.40","22,729.00","22,021.90",3.33M,-0.22%
4/11/2018,22476.4,"23,638.10","23,638.10","22,223.90",4.37M,-2.20%
4/10/2018,22981.5,"22,678.50","23,436.10","22,628.00",7.66M,2.48%
4/9/2018,22425.9,"22,375.40","22,729.00","21,920.80",4.99M,0.91%
4/6/2018,22223.9,"22,324.90","22,577.50","22,122.90",2.69M,0.00%
4/5/2018,22223.9,"22,628.00","22,628.00","22,097.60",3.20M,-1.79%
4/4/2018,22628,"22,779.50","22,956.30","22,628.00",2.77M,-0.67%
4/3/2018,22779.5,"22,880.50","23,133.10","22,577.50",2.46M,0.22%
4/2/2018,22729,"22,122.90","22,729.00","21,693.60",4.78M,3.69%
3/30/2018,21920.8,"22,122.90","22,198.60","21,542.00",4.05M,-1.36%
3/29/2018,22223.9,"22,501.70","22,577.50","22,122.90",1.64M,-1.23%
3/28/2018,22501.7,"22,223.90","22,602.70","21,920.80",3.06M,1.02%
3/27/2018,22274.4,"23,234.10","23,537.10","22,274.40",5.39M,-1.78%
3/26/2018,22678.5,"21,213.70","22,678.50","21,213.70",3.54M,6.02%
3/23/2018,21390.5,"21,971.30","22,021.90","20,910.70",6.71M,-4.40%
3/22/2018,22375.4,"21,971.30","22,476.40","21,845.10",4.63M,1.84%
3/21/2018,21971.3,"21,971.30","22,122.90","21,516.80",2.94M,2.35%
3/20/2018,21466.3,"20,809.60","21,769.30","20,708.60",3.42M,1.92%
3/19/2018,21062.2,"21,718.80","21,769.30","20,809.60",4.34M,-2.57%
3/16/2018,21617.8,"21,365.20","21,971.30","21,112.70",4.82M,2.64%
3/15/2018,21062.2,"19,698.50","21,062.20","19,546.90",6.46M,6.92%
3/14/2018,19698.5,"20,102.50","20,102.50","19,647.90",3.66M,-0.51%
3/13/2018,19799.5,"19,496.40","19,799.50","19,193.40",3.63M,1.55%
3/12/2018,19496.4,"19,546.90","19,698.50","19,193.40",3.69M,3.62%
3/9/2018,18814.5,"18,940.80","19,193.40","18,688.30",4.15M,0.13%
3/8/2018,18789.3,"18,940.80","19,193.40","18,688.30",2.07M,-0.80%
3/7/2018,18940.8,"19,193.40","19,243.90","18,637.80",3.76M,-0.40%
3/6/2018,19016.6,"18,183.20","19,016.60","17,905.40",4.63M,6.96%
3/5/2018,17779.1,"19,319.60","19,395.40","17,779.10",4.74M,-6.88%
3/2/2018,19092.3,"18,688.30","19,193.40","18,637.80",4.36M,0.00%
3/1/2018,19092.3,"19,496.40","20,001.50","18,940.80",4.83M,-3.08%
2/28/2018,19698.5,"19,142.90","19,951.00","19,016.60",8.29M,2.23%
2/27/2018,19269.1,"19,243.90","19,597.40","18,991.30",4.06M,0.13%
2/26/2018,19243.9,"19,142.90","19,572.20","18,890.30",6.44M,2.70%
2/23/2018,18738.8,"18,688.30","18,940.80","18,132.70",6.64M,0.82%
2/22/2018,18587.3,"18,688.30","19,496.40","18,562.00",5.23M,-1.60%
2/21/2018,18890.3,"18,183.20","19,117.60","17,981.20",3.92M,5.65%
2/13/2018,17880.1,"18,385.20","18,435.70","17,678.10",4.50M,2.46%
2/12/2018,17450.8,"16,667.90","17,450.80","16,415.40",4.33M,6.97%
2/9/2018,16314.4,"15,152.70","16,667.90","15,127.40",3.30M,0.31%
2/8/2018,16263.8,"15,758.80","16,566.90","15,758.80",3.74M,3.21%
2/7/2018,15758.8,"15,758.80","15,758.80","15,152.70",3.77M,6.85%
2/6/2018,14748.6,"14,748.60","15,556.70","14,748.60",6.08M,-6.86%
2/5/2018,15834.5,"16,768.90","16,870.00","15,834.50",5.11M,-6.97%
2/2/2018,17021.5,"16,819.40","17,324.50","16,718.40",3.25M,0.00%
2/1/2018,17021.5,"17,425.60","17,450.80","16,617.40",3.47M,-1.46%
1/31/2018,17274,"18,789.30","18,814.50","17,274.00",3.22M,-5.00%
1/30/2018,18183.2,"16,592.20","18,183.20","16,592.20",6.02M,4.05%
1/29/2018,17476.1,"16,667.90","17,551.80","16,667.90",8.05M,6.46%
1/26/2018,16415.4,"16,415.40","16,415.40","15,910.30",10.40M,6.91%
1/25/2018,15354.7,"14,698.10","15,354.70","14,546.50",14.63M,6.85%
1/22/2018,14369.8,"13,586.90","14,445.50","13,561.60",9.23M,5.76%
1/19/2018,13586.9,"13,738.40","13,788.90","13,435.40",6.51M,-0.74%
1/18/2018,13687.9,"13,435.40","13,687.90","13,283.80",3.36M,0.37%
1/17/2018,13637.4,"13,991.00","14,193.00","13,637.40",5.22M,-2.53%
1/16/2018,13991,"13,814.20","14,092.00","13,763.70",4.34M,1.47%
1/15/2018,13788.9,"13,662.60","13,991.00","13,511.10",3.27M,0.18%
1/12/2018,13763.7,"13,738.40","13,915.20","13,687.90",4.55M,-1.27%
1/11/2018,13940.4,"13,889.90","14,016.20","13,713.20",2.87M,0.55%
1/10/2018,13864.7,"13,839.40","14,268.80","13,788.90",5.16M,0.18%
1/9/2018,13839.4,"14,066.70","14,117.20","13,132.30",7.72M,-1.62%
1/8/2018,14066.7,"13,991.00","14,243.50","13,839.40",3.76M,1.64%
1/5/2018,13839.4,"13,889.90","13,915.20","13,612.10",3.50M,-0.54%
1/4/2018,13915.2,"13,536.40","13,991.00","13,410.10",8.11M,2.80%
1/3/2018,13536.4,"13,637.40","13,662.60","13,384.80",4.50M,-0.74%
1/2/2018,13637.4,"12,879.80","13,637.40","12,728.20",5.32M,5.88%
12/29/2017,12879.8,"12,652.50","12,879.80","12,500.90",4.75M,3.03%
12/28/2017,12500.9,"12,324.20","12,677.70","12,324.20",2.53M,1.43%
12/27/2017,12324.2,"12,248.40","12,450.40","12,147.40",2.20M,1.24%
12/26/2017,12172.6,"12,021.10","12,172.60","11,869.60",1.85M,1.26%
12/25/2017,12021.1,"12,223.10","12,273.70","11,970.60",1.05M,-0.21%
12/22/2017,12046.4,"12,071.60","12,223.10","11,869.60",3.54M,-1.45%
12/21/2017,12223.1,"12,374.70","12,526.20","12,223.10",2.40M,-1.22%
12/20/2017,12374.7,"12,172.60","12,475.70","12,147.40",1.60M,1.66%
12/19/2017,12172.6,"12,298.90","12,475.70","12,172.60",1.72M,-1.03%
12/18/2017,12298.9,"12,273.70","12,374.70","12,223.10",1.88M,0.21%
12/15/2017,12273.7,"12,223.10","12,349.40","12,046.40",1.18M,-0.61%
12/14/2017,12349.4,"12,021.10","12,374.70","11,743.30",2.70M,2.30%
12/13/2017,12071.6,"12,172.60","12,223.10","11,945.30",3.70M,-0.83%
12/12/2017,12172.6,"12,122.10","12,324.20","11,288.70",4.80M,0.42%
12/11/2017,12122.1,"12,071.60","12,526.20","12,071.60",2.27M,-4.00%
12/8/2017,12627.2,"12,652.50","12,728.20","12,450.40",1.56M,0.00%
12/7/2017,12627.2,"12,627.20","12,703.00","12,399.90",1.18M,0.60%
12/6/2017,12551.4,"12,475.70","12,576.70","12,374.70",3.40M,-0.20%
12/5/2017,12576.7,"12,980.80","12,980.80","12,576.70",4.45M,-2.35%
12/4/2017,12879.8,"12,980.80","13,233.30","12,879.80",1.85M,0.00%
12/1/2017,12879.8,"12,930.30","12,955.50","12,829.20",2.41M,-0.58%
11/30/2017,12955.5,"13,132.30","13,283.80","12,879.80",2.82M,0.20%
11/29/2017,12930.3,"12,576.70","12,930.30","12,576.70",3.01M,2.40%
11/28/2017,12627.2,"12,728.20","12,829.20","12,399.90",3.18M,-0.79%
11/27/2017,12728.2,"12,778.70","12,905.00","12,677.70",2.38M,-0.40%
11/24/2017,12778.7,"12,778.70","12,905.00","12,627.20",3.23M,0.00%
11/23/2017,12778.7,"13,132.30","13,384.80","12,778.70",4.85M,-1.56%
11/22/2017,12980.8,"12,147.40","12,980.80","12,122.10",7.41M,6.86%
11/21/2017,12147.4,"12,122.10","12,374.70","12,122.10",4.39M,0.21%
11/20/2017,12122.1,"12,021.10","12,197.90","11,945.30",2.61M,-0.21%
11/17/2017,12147.4,"12,223.10","12,273.70","11,869.60",4.61M,-0.41%
11/16/2017,12197.9,"12,147.40","12,298.90","11,970.60",4.37M,-0.21%
11/15/2017,12223.1,"12,324.20","12,324.20","12,122.10",2.09M,-0.41%
11/14/2017,12273.7,"12,096.90","12,324.20","11,869.60",3.62M,1.46%
11/13/2017,12096.9,"11,945.30","12,096.90","11,920.10",2.67M,1.48%
11/10/2017,11920.1,"11,768.60","12,223.10","11,768.60",4.87M,0.43%
11/9/2017,11869.6,"12,021.10","12,071.60","11,819.10",4.27M,-1.26%
11/8/2017,12021.1,"11,541.30","12,021.10","11,465.50",5.80M,4.16%
11/7/2017,11541.3,"11,465.50","11,642.30","11,415.00",4.39M,0.00%
11/6/2017,11541.3,"11,314.00","11,541.30","11,238.20",4.12M,2.01%
11/3/2017,11314,"11,010.90","11,314.00","10,859.40",3.66M,2.28%
11/2/2017,11061.4,"11,314.00","11,389.70","10,859.40",4.10M,-2.23%
11/1/2017,11314,"11,036.20","11,339.20","11,036.20",4.65M,2.52%
10/31/2017,11036.2,"11,010.90","11,187.70","10,859.40",5.24M,0.00%
10/30/2017,11036.2,"10,707.90","11,263.50","10,707.90",10.11M,3.07%
10/27/2017,10707.9,"10,455.30","10,707.90","10,379.60",2.79M,2.42%
10/26/2017,10455.3,"10,556.30","10,707.90","10,253.30",3.57M,-1.43%
10/25/2017,10606.9,"10,455.30","10,758.40","10,455.30",2.60M,1.20%
10/24/2017,10480.6,"10,430.10","10,556.30","10,404.80",1.82M,-0.72%
10/23/2017,10556.3,"10,707.90","10,834.10","10,505.80",3.86M,-2.34%
10/20/2017,10808.9,"10,657.40","10,834.10","10,657.40",5.12M,0.71%
10/19/2017,10733.1,"10,707.90","10,783.60","10,505.80",4.07M,-0.70%
10/18/2017,10808.9,"10,859.40","10,960.40","10,758.40",7.10M,-0.47%
10/17/2017,10859.4,"10,303.80","10,859.40","10,303.80",10.72M,5.65%
10/16/2017,10278.6,"10,202.80","10,329.10","10,202.80",3.16M,0.74%
10/13/2017,10202.8,"10,152.30","10,228.00","10,127.00",1.32M,0.25%
10/12/2017,10177.5,"10,253.30","10,329.10","10,177.50",2.27M,-0.74%
10/11/2017,10253.3,"10,152.30","10,329.10","10,127.00",3.76M,1.50%
10/10/2017,10101.8,"10,101.80","10,202.80","10,076.50",1.44M,0.00%
10/9/2017,10101.8,"10,202.80","10,253.30","10,101.80",3.54M,0.25%
10/6/2017,10076.5,"10,026.00","10,202.80","10,000.80",4.60M,0.25%
10/5/2017,10051.3,"10,202.80","10,228.00","10,026.00",2.31M,-0.75%
10/4/2017,10127,"10,051.30","10,202.80","10,026.00",3.30M,1.01%
10/3/2017,10026,"10,000.80","10,202.80","9,950.20",5.03M,0.76%
10/2/2017,9950.2,"9,899.70","10,101.80","9,899.70",2.41M,0.51%
9/29/2017,9899.7,"9,925.00","10,026.00","9,899.70",3.75M,-0.25%
9/28/2017,9925,"10,202.80","10,303.80","9,925.00",4.80M,-2.72%
9/27/2017,10202.8,"10,303.80","10,354.30","10,202.80",2.33M,-0.98%
9/26/2017,10303.8,"10,303.80","10,404.80","10,278.60",2.57M,0.00%
9/25/2017,10303.8,"10,404.80","10,430.10","10,253.30",2.38M,-0.97%
9/22/2017,10404.8,"10,455.30","10,556.30","10,404.80",2.82M,-1.20%
9/21/2017,10531.1,"10,303.80","10,556.30","10,278.60",6.49M,1.71%
9/20/2017,10354.3,"10,430.10","10,430.10","10,303.80",2.13M,-0.73%
9/19/2017,10430.1,"10,404.80","10,531.10","10,329.10",3.25M,0.73%
9/18/2017,10354.3,"10,303.80","10,455.30","10,278.60",3.42M,0.49%
9/15/2017,10303.8,"10,430.10","10,430.10","10,278.60",1.40M,-1.21%
9/14/2017,10430.1,"10,278.60","10,531.10","10,253.30",2.99M,0.73%
9/13/2017,10354.3,"10,430.10","10,455.30","10,278.60",1.59M,0.00%
9/12/2017,10354.3,"10,152.30","10,455.30","10,127.00",1.99M,1.49%
9/11/2017,10202.8,"10,202.80","10,404.80","10,101.80",2.92M,-0.74%
9/8/2017,10278.6,"10,531.10","10,531.10","10,278.60",3.94M,-2.40%
9/7/2017,10531.1,"10,379.60","10,707.90","10,379.60",4.38M,1.21%
9/6/2017,10404.8,"10,455.30","10,556.30","10,329.10",4.83M,-1.67%
9/5/2017,10581.6,"10,606.90","10,606.90","10,404.80",3.24M,-0.48%
9/1/2017,10632.1,"10,657.40","10,909.90","10,480.60",6.91M,1.69%
8/31/2017,10455.3,"9,798.70","10,455.30","9,773.50",9.93M,6.98%
8/30/2017,9773.5,"9,950.20","9,950.20","9,773.50",3.17M,-1.53%
8/29/2017,9925,"9,925.00","10,051.30","9,899.70",3.00M,0.00%
8/28/2017,9925,"9,975.50","10,051.30","9,874.50",2.18M,-0.51%
8/25/2017,9975.5,"10,051.30","10,152.30","9,950.20",3.25M,-0.25%
8/24/2017,10000.8,"9,824.00","10,051.30","9,798.70",3.69M,2.06%
8/23/2017,9798.7,"9,672.40","9,849.20","9,621.90",2.16M,1.31%
8/22/2017,9672.4,"9,899.70","9,899.70","9,672.40",3.30M,-2.54%
8/21/2017,9925,"9,975.50","10,026.00","9,697.70",1.88M,-0.51%
8/18/2017,9975.5,"9,596.70","10,101.80","9,495.70",4.12M,2.86%
8/17/2017,9697.7,"10,101.80","10,177.50","9,647.20",10.33M,-4.00%
8/16/2017,10101.8,"10,253.30","10,303.80","10,000.80",3.67M,-1.48%
8/15/2017,10253.3,"10,480.60","10,505.80","10,253.30",3.27M,-2.40%
8/14/2017,10505.8,"10,253.30","10,505.80","10,101.80",3.18M,2.46%
8/11/2017,10253.3,"10,202.80","10,303.80","10,000.80",4.47M,0.00%
8/10/2017,10253.3,"10,202.80","10,505.80","9,798.70",8.15M,-0.49%
8/9/2017,10303.8,"11,162.50","11,162.50","10,303.80",17.74M,-6.85%
8/8/2017,11061.4,"11,061.40","11,110.40","10,963.60",5.43M,0.44%
8/7/2017,11012.5,"10,865.70","11,037.00","10,865.70",5.69M,0.45%
8/4/2017,10963.6,"11,208.30","11,208.30","10,963.60",4.70M,-2.18%
8/3/2017,11208.3,"10,963.60","11,257.20","10,963.60",8.10M,2.00%
8/2/2017,10988,"10,694.40","11,232.70","10,596.50",12.51M,1.13%
8/1/2017,10865.7,"10,767.80","10,939.10","10,669.90",6.51M,0.00%
7/31/2017,10865.7,"10,327.30","10,939.10","10,327.30",12.33M,5.71%
7/28/2017,10278.3,"10,204.90","10,376.20","10,082.60",9.91M,1.45%
7/27/2017,10131.5,"10,082.60","10,204.90","9,984.70",7.25M,0.49%
7/26/2017,10082.6,"9,984.70","10,229.40","9,960.20",9.05M,0.49%
7/25/2017,10033.6,"9,495.20","10,033.60","9,495.20",8.90M,5.67%
7/24/2017,9495.2,"9,397.30","9,544.20","9,275.00",2.79M,0.78%
7/21/2017,9421.8,"9,642.10","9,691.00","9,421.80",5.22M,-1.79%
7/20/2017,9593.1,"9,421.80","9,593.10","9,299.40",5.29M,2.89%
7/19/2017,9323.9,"9,372.90","9,421.80","9,299.40",3.27M,0.53%
7/18/2017,9275,"9,226.00","9,348.40","9,152.60",3.64M,0.26%
7/17/2017,9250.5,"9,519.70","9,544.20","9,226.00",4.60M,-2.07%
7/14/2017,9446.3,"9,642.10","9,642.10","9,446.30",2.96M,-1.28%
7/13/2017,9568.6,"9,446.30","9,617.60","9,421.80",2.62M,1.30%
7/12/2017,9446.3,"9,642.10","9,642.10","9,446.30",4.07M,-2.03%
7/11/2017,9642.1,"9,642.10","9,666.50","9,323.90",4.41M,0.00%
7/10/2017,9642.1,"9,886.80","9,935.70","9,642.10",7.84M,-2.48%
7/7/2017,9886.8,"9,935.70","10,082.60","9,862.30",8.95M,-0.49%
7/6/2017,9935.7,"10,033.60","10,131.50","9,862.30",9.31M,-0.49%
7/5/2017,9984.7,"9,960.20","10,009.10","9,886.80",6.95M,0.49%
7/4/2017,9935.7,"10,229.40","10,229.40","9,886.80",7.26M,-1.93%
7/3/2017,10131.5,"9,984.70","10,253.90","9,984.70",6.78M,1.47%
6/30/2017,9984.7,"9,886.80","9,984.70","9,886.80",4.98M,0.49%
6/29/2017,9935.7,"9,862.30","10,082.60","9,862.30",9.92M,1.75%
6/28/2017,9764.4,"9,715.50","9,886.80","9,642.10",6.57M,0.25%
6/27/2017,9739.9,"9,886.80","9,960.20","9,739.90",7.25M,-1.49%
6/26/2017,9886.8,"9,739.90","9,960.20","9,691.00",7.47M,1.51%
6/23/2017,9739.9,"9,642.10","9,739.90","9,593.10",7.45M,0.25%
6/22/2017,9715.5,"9,984.70","10,033.60","9,715.50",8.61M,-2.22%
6/21/2017,9935.7,"9,984.70","10,082.60","9,715.50",13.28M,-1.22%
6/20/2017,10058.1,"9,935.70","10,082.60","9,837.80",12.18M,2.75%
6/19/2017,9788.9,"9,788.90","9,813.40","9,691.00",8.82M,1.27%
6/16/2017,9666.5,"9,642.10","9,739.90","9,617.60",6.85M,-0.25%
6/15/2017,9691,"9,837.80","9,837.80","9,617.60",10.68M,-1.00%
6/14/2017,9788.9,"9,642.10","9,837.80","9,617.60",13.63M,2.56%
6/13/2017,9544.2,"9,299.40","9,642.10","9,250.50",8.10M,2.90%
6/12/2017,9275,"9,250.50","9,421.80","9,177.10",8.17M,0.53%
6/9/2017,9226,"9,348.40","9,421.80","9,201.60",8.76M,-1.31%
6/8/2017,9348.4,"9,446.30","9,495.20","9,250.50",6.92M,-1.55%
6/7/2017,9495.2,"9,544.20","9,666.50","9,446.30",12.21M,0.00%
6/6/2017,9495.2,"9,103.70","9,519.70","9,054.70",15.94M,3.74%
6/5/2017,9152.6,"9,054.70","9,201.60","9,005.80",5.81M,2.47%
6/2/2017,8932.4,"8,956.80","9,005.80","8,785.50",9.24M,-0.27%
6/1/2017,8956.8,"9,054.70","9,128.10","8,956.80",5.83M,-0.81%
5/31/2017,9030.2,"8,981.30","9,103.70","8,883.40",8.55M,0.54%
5/30/2017,8981.3,"9,250.50","9,397.30","8,981.30",13.78M,-3.42%
5/29/2017,9299.4,"9,544.20","9,691.00","9,250.50",12.52M,-2.56%
5/26/2017,9544.2,"9,299.40","9,544.20","9,299.40",12.21M,2.09%
5/25/2017,9348.4,"9,421.80","9,642.10","9,299.40",15.69M,-0.78%
5/24/2017,9421.8,"9,030.20","9,470.70","8,956.80",17.63M,3.77%
5/23/2017,9079.2,"9,005.80","9,372.90","8,883.40",18.52M,0.82%
5/22/2017,9005.8,"8,516.30","9,005.80","8,516.30",28.77M,6.98%
5/19/2017,8418.4,"8,247.10","8,418.40","8,198.20",9.87M,2.38%
5/18/2017,8222.7,"8,173.70","8,345.00","8,149.20",5.99M,0.60%
5/17/2017,8173.7,"8,222.70","8,271.60","8,149.20",4.20M,-1.18%
5/16/2017,8271.6,"8,320.60","8,345.00","8,173.70",6.52M,0.00%
5/15/2017,8271.6,"8,271.60","8,296.10","8,173.70",5.67M,-0.29%
5/12/2017,8296.1,"8,320.60","8,467.40","8,271.60",5.92M,-0.29%
5/11/2017,8320.6,"8,369.50","8,442.90","8,320.60",6.30M,-0.58%
5/10/2017,8369.5,"8,124.80","8,467.40","8,124.80",11.37M,3.01%
5/9/2017,8124.8,"8,026.90","8,173.70","8,002.40",6.21M,0.61%
5/8/2017,8075.8,"8,149.20","8,149.20","7,977.90",5.04M,-0.30%
5/5/2017,8100.3,"8,222.70","8,222.70","8,026.90",4.69M,-1.49%
5/4/2017,8222.7,"8,124.80","8,345.00","8,051.40",6.60M,1.20%
5/3/2017,8124.8,"8,124.80","8,222.70","8,075.80",3.91M,0.00%
4/28/2017,8124.8,"7,977.90","8,173.70","7,977.90",7.43M,0.00%
4/27/2017,8124.8,"8,075.80","8,173.70","8,051.40",2.39M,0.61%
4/26/2017,8075.8,"7,977.90","8,198.20","7,904.50",5.67M,0.92%
4/25/2017,8002.4,"8,026.90","8,075.80","7,929.00",3.74M,0.00%
4/24/2017,8002.4,"8,075.80","8,124.80","7,977.90",1.68M,-1.21%
4/21/2017,8100.3,"8,198.20","8,271.60","8,075.80",4.25M,-0.30%
4/20/2017,8124.8,"7,977.90","8,271.60","7,904.50",6.00M,1.84%
4/19/2017,7977.9,"8,075.80","8,075.80","7,977.90",4.03M,-1.21%
4/18/2017,8075.8,"8,026.90","8,075.80","7,929.00",6.22M,0.61%
4/17/2017,8026.9,"8,320.60","8,345.00","8,026.90",4.84M,-3.81%
4/14/2017,8345,"8,173.70","8,345.00","8,051.40",7.49M,0.89%
4/13/2017,8271.6,"8,271.60","8,369.50","8,222.70",7.36M,-0.59%
4/12/2017,8320.6,"8,320.60","8,418.40","8,222.70",6.00M,0.00%
4/11/2017,8320.6,"8,320.60","8,345.00","8,198.20",6.00M,0.00%
4/10/2017,8320.6,"8,418.40","8,442.90","8,320.60",5.88M,-0.58%
4/7/2017,8369.5,"8,369.50","8,442.90","8,222.70",7.45M,-0.29%
4/5/2017,8394,"8,418.40","8,491.90","8,369.50",5.97M,-0.29%
4/4/2017,8418.4,"8,467.40","8,540.80","8,345.00",5.79M,0.29%
4/3/2017,8394,"8,540.80","8,589.70","8,394.00",5.58M,-2.28%
3/31/2017,8589.7,"8,687.60","8,687.60","8,516.30",4.40M,-1.13%
3/30/2017,8687.6,"8,516.30","8,736.60","8,491.90",10.02M,2.01%
3/29/2017,8516.3,"8,540.80","8,540.80","8,369.50",7.38M,0.00%
3/28/2017,8516.3,"8,614.20","8,712.10","8,516.30",5.73M,-1.97%
3/27/2017,8687.6,"8,810.00","8,883.40","8,638.70",13.22M,-0.84%
3/24/2017,8761.1,"8,638.70","8,761.10","8,516.30",15.10M,2.58%
3/23/2017,8540.8,"8,516.30","8,638.70","8,418.40",6.33M,0.29%
3/22/2017,8516.3,"8,516.30","8,638.70","8,467.40",17.08M,0.00%
3/21/2017,8516.3,"8,222.70","8,516.30","8,222.70",18.34M,3.88%
3/20/2017,8198.2,"8,173.70","8,222.70","8,051.40",5.53M,0.30%
3/17/2017,8173.7,"8,002.40","8,198.20","7,977.90",8.51M,2.14%
3/16/2017,8002.4,"8,051.40","8,100.30","7,953.50",3.41M,-0.61%
3/15/2017,8051.4,"7,977.90","8,051.40","7,953.50",2.16M,0.30%
3/14/2017,8026.9,"8,002.40","8,075.80","7,977.90",4.01M,-0.61%
3/13/2017,8075.8,"8,075.80","8,100.30","7,977.90",2.52M,-0.30%
3/10/2017,8100.3,"8,271.60","8,271.60","8,100.30",4.05M,-1.49%
3/9/2017,8222.7,"8,124.80","8,296.10","8,100.30",8.49M,1.20%
3/8/2017,8124.8,"8,026.90","8,198.20","7,977.90",3.83M,0.61%
3/7/2017,8075.8,"8,124.80","8,124.80","8,026.90",2.25M,-0.60%
3/6/2017,8124.8,"8,124.80","8,173.70","8,026.90",4.88M,1.22%
3/3/2017,8026.9,"7,880.10","8,026.90","7,733.20",6.03M,2.18%
3/2/2017,7855.6,"8,026.90","8,075.80","7,855.60",4.32M,-1.53%
3/1/2017,7977.9,"8,051.40","8,051.40","7,880.10",5.44M,-0.91%
2/28/2017,8051.4,"8,149.20","8,173.70","8,026.90",2.52M,-1.50%
2/27/2017,8173.7,"8,075.80","8,173.70","8,051.40",2.38M,0.30%
2/24/2017,8149.2,"8,075.80","8,222.70","8,075.80",4.98M,0.00%
2/23/2017,8149.2,"8,124.80","8,173.70","8,002.40",3.51M,0.30%
2/22/2017,8124.8,"8,198.20","8,222.70","8,075.80",3.71M,-0.60%
2/21/2017,8173.7,"8,149.20","8,247.10","8,149.20",6.35M,0.60%
2/20/2017,8124.8,"8,222.70","8,247.10","8,075.80",7.91M,-1.78%
2/17/2017,8271.6,"8,271.60","8,345.00","8,198.20",4.24M,-0.59%
2/16/2017,8320.6,"8,442.90","8,540.80","8,320.60",7.71M,-2.02%
2/15/2017,8491.9,"8,296.10","8,516.30","8,247.10",7.08M,2.06%
2/14/2017,8320.6,"8,271.60","8,345.00","8,247.10",6.33M,0.89%
2/13/2017,8247.1,"8,369.50","8,394.00","8,247.10",4.32M,-1.46%
2/10/2017,8369.5,"8,247.10","8,394.00","8,222.70",7.11M,1.48%
2/9/2017,8247.1,"8,320.60","8,394.00","8,247.10",7.14M,-0.88%
2/8/2017,8320.6,"8,369.50","8,418.40","8,247.10",6.81M,-0.58%
2/7/2017,8369.5,"8,345.00","8,491.90","8,296.10",6.51M,-0.58%
2/6/2017,8418.4,"8,418.40","8,516.30","8,320.60",5.31M,0.00%
2/3/2017,8418.4,"8,418.40","8,589.70","8,345.00",7.43M,0.00%
2/2/2017,8418.4,"8,271.60","8,418.40","8,149.20",5.56M,1.78%
1/25/2017,8271.6,"8,320.60","8,320.60","8,075.80",4.44M,-0.59%
1/24/2017,8320.6,"8,247.10","8,394.00","8,247.10",5.74M,0.89%
1/23/2017,8247.1,"8,173.70","8,320.60","8,124.80",6.25M,1.20%
1/20/2017,8149.2,"8,075.80","8,271.60","8,026.90",5.91M,1.22%
1/19/2017,8051.4,"8,002.40","8,149.20","7,977.90",3.66M,0.00%
1/18/2017,8051.4,"8,222.70","8,467.40","8,051.40",10.12M,-2.08%
1/17/2017,8222.7,"7,880.10","8,247.10","7,806.60",11.98M,6.33%
1/16/2017,7733.2,"7,953.50","7,977.90","7,733.20",5.02M,-2.77%
1/13/2017,7953.5,"8,075.80","8,100.30","7,904.50",6.26M,-1.52%
1/12/2017,8075.8,"8,124.80","8,124.80","8,026.90",6.49M,-0.60%
1/11/2017,8124.8,"7,929.00","8,124.80","7,855.60",13.36M,3.11%
1/10/2017,7880.1,"7,880.10","7,929.00","7,806.60",4.53M,-0.62%
1/9/2017,7929,"7,733.20","8,026.90","7,733.20",11.29M,2.86%
1/6/2017,7708.7,"7,439.60","7,855.60","7,439.60",11.61M,2.27%
1/5/2017,7537.4,"7,513.00","7,684.30","7,439.60",3.64M,-0.32%
1/4/2017,7561.9,"7,488.50","7,684.30","7,488.50",8.57M,1.98%
1/3/2017,7415.1,"7,023.50","7,415.10","7,023.50",9.08M,6.69%
12/30/2016,6950.1,"6,974.60","7,048.00","6,950.10",2.64M,-0.70%
12/29/2016,6999.1,"7,048.00","7,072.50","6,950.10",3.13M,-1.04%
12/28/2016,7072.5,"7,121.40","7,121.40","6,999.10",3.31M,-0.34%
12/27/2016,7096.9,"7,145.90","7,145.90","7,023.50",2.68M,-0.68%
12/26/2016,7145.9,"7,145.90","7,219.30","7,121.40",2.07M,0.00%
12/23/2016,7145.9,"7,145.90","7,145.90","7,023.50",3.37M,0.00%
12/22/2016,7145.9,"7,219.30","7,219.30","7,096.90",1.77M,-2.01%
12/21/2016,7292.7,"7,219.30","7,292.70","7,121.40",3.26M,1.02%
12/20/2016,7219.3,"7,243.80","7,268.20","7,170.40",2.38M,0.00%
12/19/2016,7219.3,"7,170.40","7,341.70","7,170.40",3.34M,0.68%
12/16/2016,7170.4,"7,121.40","7,243.80","7,121.40",3.05M,-2.33%
12/15/2016,7341.7,"7,243.80","7,341.70","7,096.90",3.95M,-1.32%
12/14/2016,7439.6,"6,901.20","7,439.60","6,876.70",3.23M,6.29%
12/13/2016,6999.1,"7,096.90","7,096.90","6,852.20",4.56M,-2.05%
12/12/2016,7145.9,"7,145.90","7,219.30","7,072.50",2.87M,-1.02%
12/9/2016,7219.3,"7,243.80","7,292.70","7,170.40",1.42M,-0.34%
12/8/2016,7243.8,"7,219.30","7,268.20","7,170.40",2.97M,0.34%
12/7/2016,7219.3,"7,219.30","7,268.20","7,170.40",3.27M,0.00%
12/6/2016,7219.3,"7,366.10","7,390.60","7,096.90",4.18M,-2.96%
12/5/2016,7439.6,"7,488.50","7,488.50","7,341.70",3.01M,-0.65%
12/2/2016,7488.5,"7,513.00","7,537.40","7,439.60",2.45M,-0.65%
12/1/2016,7537.4,"7,537.40","7,537.40","7,464.00",5.38M,0.65%
11/30/2016,7488.5,"7,537.40","7,561.90","7,415.10",4.34M,0.66%
11/29/2016,7439.6,"7,684.30","7,708.70","7,439.60",3.05M,-3.18%
11/28/2016,7684.3,"7,733.20","7,733.20","7,610.90",3.33M,-1.26%
11/25/2016,7782.2,"7,831.10","7,831.10","7,684.30",1.54M,-0.62%
11/24/2016,7831.1,"7,880.10","7,880.10","7,684.30",1.13M,-0.62%
11/23/2016,7880.1,"7,929.00","8,002.40","7,880.10",5.90M,0.00%
11/22/2016,7880.1,"7,586.40","7,880.10","7,586.40",3.49M,3.87%
11/21/2016,7586.4,"7,537.40","7,684.30","7,537.40",3.67M,1.31%
11/18/2016,7488.5,"7,513.00","7,513.00","7,439.60",1.53M,0.00%
11/17/2016,7488.5,"7,561.90","7,561.90","7,488.50",1.25M,-0.97%
11/16/2016,7561.9,"7,513.00","7,586.40","7,513.00",1.02M,0.65%
11/15/2016,7513,"7,513.00","7,586.40","7,488.50",1.73M,0.00%
11/14/2016,7513,"7,708.70","7,708.70","7,488.50",2.05M,-2.23%
11/11/2016,7684.3,"7,684.30","7,757.70","7,610.90",1.34M,-0.63%
11/10/2016,7733.2,"7,782.20","7,782.20","7,684.30",1.92M,0.00%
11/9/2016,7733.2,"7,733.20","7,733.20","7,243.80",2.65M,0.32%
11/8/2016,7708.7,"7,733.20","7,831.10","7,708.70",1.19M,-0.32%
11/7/2016,7733.2,"7,806.60","7,929.00","7,733.20",2.37M,-2.47%
11/4/2016,7929,"7,782.20","7,929.00","7,733.20",2.91M,0.62%
11/3/2016,7880.1,"7,929.00","7,929.00","7,757.70",3.51M,0.62%
11/2/2016,7831.1,"7,900.80","7,900.80","7,761.40",2.61M,-0.88%
11/1/2016,7900.8,"7,761.40","7,900.80","7,738.20",2.58M,1.80%
10/31/2016,7761.4,"7,947.30","7,993.80","7,761.40",2.00M,-2.34%
10/28/2016,7947.3,"7,807.90","7,993.80","7,784.60",3.53M,2.40%
10/27/2016,7761.4,"7,947.30","7,970.50","7,761.40",4.23M,-3.19%
10/26/2016,8017,"8,040.30","8,133.20","7,900.80",2.26M,-1.15%
10/25/2016,8110,"8,202.90","8,202.90","7,993.80",4.09M,-1.13%
10/24/2016,8202.9,"8,272.60","8,319.10","8,179.70",6.34M,0.28%
10/21/2016,8179.7,"8,086.70","8,226.20","8,086.70",1.70M,0.00%
10/20/2016,8179.7,"8,272.60","8,272.60","8,133.20",4.18M,-0.56%
10/19/2016,8226.2,"7,831.10","8,226.20","7,831.10",10.92M,4.12%
10/18/2016,7900.8,"7,947.30","7,947.30","7,784.60",460.14K,-0.58%
10/17/2016,7947.3,"7,854.30","7,970.50","7,854.30",1.64M,0.59%
10/14/2016,7900.8,"7,761.40","7,947.30","7,738.20",4.31M,1.19%
10/13/2016,7807.9,"7,784.60","7,807.90","7,761.40",773.06K,0.00%
10/12/2016,7807.9,"7,807.90","7,854.30","7,761.40",773.67K,0.00%
10/11/2016,7807.9,"7,784.60","7,807.90","7,622.00",3.62M,0.30%
10/10/2016,7784.6,"7,877.60","7,947.30","7,761.40",1.43M,-1.47%
10/7/2016,7900.8,"7,993.80","8,040.30","7,877.60",1.66M,-1.73%
10/6/2016,8040.3,"8,017.00","8,063.50","7,924.10",4.54M,0.00%
10/5/2016,8040.3,"7,947.30","8,110.00","7,900.80",2.93M,1.17%
10/4/2016,7947.3,"7,854.30","8,063.50","7,831.10",3.09M,0.59%
10/3/2016,7900.8,"7,900.80","7,947.30","7,784.60",3.07M,0.00%
9/30/2016,7900.8,"7,761.40","7,947.30","7,738.20",3.06M,0.00%
9/29/2016,7900.8,"8,040.30","8,040.30","7,784.60",2.33M,-2.02%
9/28/2016,8063.5,"7,807.90","8,063.50","7,761.40",6.58M,3.27%
9/27/2016,7807.9,"7,343.10","7,807.90","7,343.10",8.24M,5.33%
9/26/2016,7412.8,"7,459.30","7,459.30","7,343.10",1.42M,-0.62%
9/23/2016,7459.3,"7,459.30","7,459.30","7,366.40",1.38M,0.00%
9/22/2016,7459.3,"7,482.50","7,575.50","7,436.10",921.22K,-0.31%
9/21/2016,7482.5,"7,343.10","7,575.50","7,343.10",1.76M,0.63%
9/20/2016,7436.1,"7,319.90","7,436.10","7,226.90",1.80M,1.27%
9/19/2016,7343.1,"7,389.60","7,412.80","7,319.90",673.94K,-0.32%
9/16/2016,7366.4,"7,389.60","7,389.60","7,250.20",1.39M,-0.31%
9/15/2016,7389.6,"7,389.60","7,436.10","7,319.90",1.68M,0.00%
9/14/2016,7389.6,"7,436.10","7,482.50","7,389.60",1.20M,-1.85%
9/13/2016,7529,"7,529.00","7,575.50","7,482.50",874.88K,-0.61%
9/12/2016,7575.5,"7,622.00","7,645.20","7,482.50",1.49M,0.00%
9/9/2016,7575.5,"7,529.00","7,575.50","7,529.00",820.67K,0.00%
9/8/2016,7575.5,"7,575.50","7,575.50","7,436.10",992.44K,1.24%
9/7/2016,7482.5,"7,482.50","7,529.00","7,389.60",2.44M,0.00%
9/6/2016,7482.5,"7,482.50","7,575.50","7,482.50",1.52M,-1.83%
9/5/2016,7622,"7,575.50","7,622.00","7,389.60",2.39M,0.00%
9/1/2016,7622,"7,622.00","7,622.00","7,482.50",1.65M,0.00%
8/31/2016,7622,"7,622.00","7,668.40","7,575.50",1.35M,-0.61%
8/30/2016,7668.4,"7,622.00","7,668.40","7,575.50",854.23K,0.00%
8/29/2016,7668.4,"7,668.40","7,714.90","7,622.00",2.00M,0.61%
8/26/2016,7622,"7,622.00","7,761.40","7,575.50",2.38M,0.61%
8/25/2016,7575.5,"7,575.50","7,622.00","7,482.50",1.29M,0.00%
8/24/2016,7575.5,"7,668.40","7,668.40","7,529.00",2.95M,-1.21%
8/23/2016,7668.4,"7,622.00","7,668.40","7,575.50",1.66M,0.00%
8/22/2016,7668.4,"7,622.00","7,714.90","7,622.00",2.30M,-0.60%
8/19/2016,7714.9,"7,761.40","7,761.40","7,575.50",3.72M,-0.60%
8/18/2016,7761.4,"7,807.90","7,807.90","7,668.40",2.46M,-1.18%
8/17/2016,7854.3,"7,854.30","7,900.80","7,761.40",522.57K,0.00%
8/16/2016,7854.3,"7,947.30","7,947.30","7,807.90",1.52M,-1.17%
8/15/2016,7947.3,"7,854.30","7,947.30","7,807.90",1.16M,0.00%
8/12/2016,7947.3,"7,947.30","8,040.30","7,807.90",796.68K,-1.16%
8/11/2016,8040.3,"7,854.30","8,040.30","7,761.40",2.25M,2.37%
8/10/2016,7854.3,"7,575.50","7,854.30","7,575.50",2.10M,2.42%
8/9/2016,7668.4,"7,714.90","7,761.40","7,622.00",952.61K,-0.60%
8/8/2016,7714.9,"7,668.40","7,714.90","7,529.00",2.84M,-0.60%
8/5/2016,7761.4,"7,761.40","7,807.90","7,575.50",3.10M,-1.18%
8/4/2016,7854.3,"7,947.30","7,993.80","7,854.30",2.07M,-1.17%
8/3/2016,7947.3,"7,993.80","7,993.80","7,807.90",2.41M,0.00%
8/2/2016,7947.3,"8,133.20","8,133.20","7,900.80",2.14M,-2.84%
8/1/2016,8179.7,"8,272.60","8,272.60","8,086.70",1.30M,0.00%
7/29/2016,8179.7,"8,133.20","8,179.70","8,086.70",1.48M,0.00%
7/28/2016,8179.7,"8,179.70","8,272.60","8,133.20",919.06K,-0.56%
7/27/2016,8226.2,"8,086.70","8,272.60","8,086.70",2.00M,1.14%
7/26/2016,8133.2,"8,179.70","8,226.20","8,086.70",1.57M,-0.57%
7/25/2016,8179.7,"8,226.20","8,272.60","8,133.20",1.07M,-0.56%
7/22/2016,8226.2,"8,179.70","8,226.20","8,040.30",3.68M,0.00%
7/21/2016,8226.2,"8,226.20","8,319.10","8,179.70",3.12M,0.00%
7/20/2016,8226.2,"8,365.60","8,412.10","8,226.20",2.50M,-1.67%
7/19/2016,8365.6,"8,644.40","8,644.40","8,272.60",5.05M,-3.23%
7/18/2016,8644.4,"8,505.00","8,690.90","8,412.10",3.81M,0.54%
7/15/2016,8598,"8,598.00","8,644.40","8,505.00",2.06M,-0.54%
7/14/2016,8644.4,"8,644.40","8,876.80","8,644.40",7.91M,0.54%
7/13/2016,8598,"8,272.60","8,690.90","8,272.60",7.93M,3.93%
7/12/2016,8272.6,"8,319.10","8,319.10","8,179.70",1.26M,0.00%
7/11/2016,8272.6,"8,272.60","8,412.10","8,133.20",3.69M,0.00%
7/8/2016,8272.6,"8,319.10","8,319.10","8,040.30",2.32M,-0.56%
7/7/2016,8319.1,"8,272.60","8,319.10","8,226.20",1.10M,0.00%
7/6/2016,8319.1,"8,272.60","8,319.10","8,226.20",1.10M,-0.56%
7/5/2016,8365.6,"8,133.20","8,458.50","8,086.70",3.79M,2.86%
7/4/2016,8133.2,"8,086.70","8,133.20","7,947.30",2.85M,0.57%
7/1/2016,8086.7,"8,086.70","8,179.70","8,040.30",1.44M,-0.57%
6/30/2016,8133.2,"8,179.70","8,226.20","8,086.70",1.17M,-0.57%
6/29/2016,8179.7,"8,133.20","8,272.60","8,086.70",1.99M,0.57%
6/28/2016,8133.2,"8,133.20","8,133.20","7,993.80",644.45K,0.00%
6/27/2016,8133.2,"8,040.30","8,133.20","7,947.30",1.47M,-1.13%
6/24/2016,8226.2,"8,319.10","8,319.10","7,854.30",3.55M,-1.67%
6/23/2016,8365.6,"8,319.10","8,412.10","8,272.60",1.40M,0.56%
6/22/2016,8319.1,"8,365.60","8,365.60","8,272.60",680.31K,-0.56%
6/21/2016,8365.6,"8,458.50","8,458.50","8,319.10",1.06M,0.00%
6/20/2016,8365.6,"8,319.10","8,365.60","8,272.60",1.09M,0.00%
6/17/2016,8365.6,"8,365.60","8,412.10","8,226.20",1.77M,0.00%
6/16/2016,8365.6,"8,458.50","8,505.00","8,365.60",1.50M,-0.55%
6/15/2016,8412.1,"8,365.60","8,505.00","8,365.60",1.59M,0.00%
6/14/2016,8412.1,"8,412.10","8,505.00","8,365.60",2.04M,-1.09%
6/13/2016,8505,"8,598.00","8,644.40","8,458.50",1.62M,-1.61%
6/10/2016,8644.4,"8,690.90","8,830.30","8,644.40",7.21M,-1.06%
6/9/2016,8737.4,"8,505.00","8,783.90","8,458.50",5.39M,2.73%
6/8/2016,8505,"8,365.60","8,598.00","8,365.60",3.11M,1.10%
6/7/2016,8412.1,"8,505.00","8,505.00","8,365.60",2.11M,-0.55%
6/6/2016,8458.5,"8,505.00","8,505.00","8,365.60",1.98M,-0.55%
6/3/2016,8505,"8,598.00","8,644.40","8,505.00",2.04M,-1.08%
6/2/2016,8598,"8,505.00","8,598.00","8,458.50",1.53M,1.09%
6/1/2016,8505,"8,365.60","8,551.50","8,365.60",1.89M,0.55%
5/31/2016,8458.5,"8,458.50","8,551.50","8,412.10",3.32M,0.55%
5/30/2016,8412.1,"8,272.60","8,458.50","8,226.20",1.21M,1.69%
5/27/2016,8272.6,"8,133.20","8,272.60","8,040.30",2.69M,1.71%
5/26/2016,8133.2,"8,272.60","8,319.10","8,086.70",2.94M,-2.23%
5/25/2016,8319.1,"8,365.60","8,458.50","8,319.10",1.72M,0.00%
5/24/2016,8319.1,"8,319.10","8,412.10","8,226.20",3.01M,0.00%
5/23/2016,8319.1,"8,505.00","8,551.50","8,319.10",2.80M,-2.19%
5/20/2016,8505,"8,644.40","8,737.40","8,458.50",3.62M,-1.61%
5/19/2016,8644.4,"8,783.90","8,830.30","8,644.40",1.77M,-2.11%
5/18/2016,8830.3,"8,830.30","8,969.80","8,783.90",3.64M,0.00%
5/17/2016,8830.3,"8,737.40","8,923.30","8,690.90",5.88M,2.15%
5/16/2016,8644.4,"8,644.40","8,737.40","8,598.00",2.88M,-0.53%
5/13/2016,8690.9,"8,644.40","8,783.90","8,598.00",5.69M,0.00%
5/12/2016,8690.9,"8,690.90","8,690.90","8,551.50",3.94M,0.54%
5/11/2016,8644.4,"8,598.00","8,690.90","8,551.50",5.72M,1.64%
5/10/2016,8505,"8,226.20","8,598.00","8,133.20",6.81M,2.81%
5/9/2016,8272.6,"8,458.50","8,551.50","8,226.20",3.88M,-1.66%
5/6/2016,8412.1,"8,226.20","8,551.50","8,226.20",8.00M,2.26%
5/5/2016,8226.2,"7,993.80","8,365.60","7,993.80",5.56M,2.31%
5/4/2016,8040.3,"8,040.30","8,226.20","7,900.80",2.61M,-1.14%
4/29/2016,8133.2,"7,668.40","8,133.20","7,668.40",5.57M,6.06%
4/28/2016,7668.4,"7,900.80","7,947.30","7,668.40",1.59M,-2.94%
4/27/2016,7900.8,"8,086.70","8,086.70","7,807.90",2.24M,-1.73%
4/26/2016,8040.3,"8,133.20","8,133.20","7,947.30",1.75M,-1.14%
4/25/2016,8133.2,"8,133.20","8,365.60","8,133.20",7.25M,2.94%
4/22/2016,7900.8,"7,343.10","7,900.80","7,296.60",5.16M,6.92%
4/21/2016,7389.6,"7,343.10","7,389.60","7,250.20",1.57M,1.27%
4/20/2016,7296.6,"7,296.60","7,389.60","7,250.20",1.96M,0.64%
4/19/2016,7250.2,"7,389.60","7,389.60","7,250.20",2.02M,-2.50%
4/15/2016,7436.1,"7,529.00","7,529.00","7,389.60",1.29M,0.63%
4/14/2016,7389.6,"7,343.10","7,575.50","7,296.60",3.01M,0.63%
4/13/2016,7343.1,"7,436.10","7,482.50","7,203.70",3.82M,-2.47%
4/12/2016,7529,"7,668.40","7,714.90","7,482.50",2.81M,-2.99%
4/11/2016,7761.4,"7,807.90","7,854.30","7,668.40",2.40M,-0.60%
4/8/2016,7807.9,"7,854.30","7,854.30","7,807.90",476.09K,-0.59%
4/7/2016,7854.3,"7,900.80","7,900.80","7,807.90",830.01K,0.00%
4/6/2016,7854.3,"7,714.90","7,854.30","7,714.90",2.19M,1.81%
4/5/2016,7714.9,"7,668.40","7,761.40","7,668.40",801.39K,0.61%
4/4/2016,7668.4,"7,714.90","7,900.80","7,668.40",1.40M,-0.60%
4/1/2016,7714.9,"7,807.90","7,900.80","7,714.90",2.18M,-0.60%
3/31/2016,7761.4,"7,947.30","7,993.80","7,761.40",1.41M,-1.18%
3/30/2016,7854.3,"7,854.30","7,900.80","7,761.40",1.51M,0.00%
3/29/2016,7854.3,"7,900.80","7,993.80","7,854.30",1.28M,-1.74%
3/28/2016,7993.8,"8,086.70","8,086.70","7,947.30",1.06M,-0.58%
3/25/2016,8040.3,"7,993.80","8,040.30","7,854.30",2.70M,0.58%
3/24/2016,7993.8,"8,133.20","8,133.20","7,993.80",1.73M,-2.27%
3/23/2016,8179.7,"8,040.30","8,179.70","8,040.30",1.82M,1.73%
3/22/2016,8040.3,"8,179.70","8,179.70","8,040.30",2.41M,-1.70%
3/21/2016,8179.7,"8,226.20","8,319.10","8,179.70",2.68M,0.00%
3/18/2016,8179.7,"8,226.20","8,226.20","8,040.30",1.75M,-0.56%
3/17/2016,8226.2,"8,272.60","8,319.10","8,226.20",1.78M,0.00%
3/16/2016,8226.2,"8,133.20","8,272.60","8,086.70",2.56M,1.14%
3/15/2016,8133.2,"8,226.20","8,226.20","8,086.70",2.21M,-1.13%
3/14/2016,8226.2,"8,272.60","8,319.10","8,179.70",1.77M,0.00%
3/11/2016,8226.2,"8,319.10","8,365.60","8,226.20",2.38M,0.00%
3/10/2016,8226.2,"8,179.70","8,226.20","8,086.70",1.74M,1.72%
3/9/2016,8086.7,"8,272.60","8,319.10","8,040.30",2.27M,-2.25%
3/8/2016,8272.6,"8,319.10","8,365.60","8,226.20",2.72M,-0.56%
3/7/2016,8319.1,"8,458.50","8,458.50","8,319.10",3.14M,-1.10%
3/4/2016,8412.1,"8,458.50","8,505.00","8,412.10",2.16M,-0.55%
3/3/2016,8458.5,"8,505.00","8,551.50","8,365.60",2.34M,-0.55%
3/2/2016,8505,"8,365.60","8,505.00","8,319.10",3.32M,3.39%
3/1/2016,8226.2,"8,226.20","8,412.10","8,226.20",3.42M,0.00%
2/29/2016,8226.2,"8,458.50","8,505.00","8,226.20",4.55M,-3.80%
2/26/2016,8551.5,"8,598.00","8,690.90","8,458.50",3.32M,0.55%
2/25/2016,8505,"8,644.40","8,830.30","8,412.10",5.98M,1.10%
2/24/2016,8412.1,"7,854.30","8,412.10","7,807.90",10.59M,6.47%
2/23/2016,7900.8,"8,040.30","8,086.70","7,854.30",3.43M,-1.16%
2/22/2016,7993.8,"7,761.40","7,993.80","7,714.90",4.12M,4.24%
2/19/2016,7668.4,"7,529.00","7,761.40","7,482.50",3.02M,2.48%
2/18/2016,7482.5,"7,529.00","7,622.00","7,482.50",2.34M,0.63%
2/17/2016,7436.1,"7,575.50","7,575.50","7,436.10",2.77M,-1.84%
2/16/2016,7575.5,"7,668.40","7,668.40","7,529.00",1.43M,-0.61%
2/15/2016,7622,"7,575.50","7,668.40","7,482.50",829.83K,0.00%
2/5/2016,7622,"7,529.00","7,622.00","7,482.50",899.20K,1.23%
2/4/2016,7529,"7,668.40","7,714.90","7,529.00",2.01M,-1.22%
2/3/2016,7622,"7,482.50","7,622.00","7,436.10",1.32M,1.23%
2/2/2016,7529,"7,575.50","7,807.90","7,436.10",1.51M,-0.61%
2/1/2016,7575.5,"7,668.40","7,854.30","7,575.50",2.98M,-2.98%
1/29/2016,7807.9,"7,668.40","7,854.30","7,622.00",3.23M,1.82%
1/28/2016,7668.4,"8,133.20","8,133.20","7,668.40",3.40M,-4.07%
1/27/2016,7993.8,"7,668.40","8,040.30","7,622.00",4.24M,4.24%
1/26/2016,7668.4,"7,575.50","7,807.90","7,203.70",4.91M,3.13%
1/25/2016,7436.1,"7,250.20","7,436.10","7,203.70",3.60M,6.67%
1/22/2016,6971.3,"7,343.10","7,389.60","6,831.90",9.85M,-5.06%
1/21/2016,7343.1,"7,807.90","7,854.30","7,343.10",4.95M,-6.51%
1/20/2016,7854.3,"7,947.30","7,947.30","7,807.90",1.39M,-1.17%
1/19/2016,7947.3,"7,714.90","7,993.80","7,714.90",2.94M,3.01%
1/18/2016,7714.9,"8,086.70","8,086.70","7,714.90",6.71M,-6.74%
1/15/2016,8272.6,"8,598.00","8,737.40","8,272.60",2.44M,-3.78%
1/14/2016,8598,"8,737.40","8,783.90","8,551.50",2.04M,-2.63%
1/13/2016,8830.3,"9,016.20","9,062.70","8,783.90",968.44K,-1.55%
1/12/2016,8969.8,"8,830.30","8,969.80","8,830.30",1.13M,1.58%
1/11/2016,8830.3,"8,830.30","8,969.80","8,783.90",1.65M,1.06%
1/8/2016,8737.4,"8,969.80","8,969.80","8,505.00",2.23M,-2.59%
1/7/2016,8969.8,"9,341.60","9,388.00","8,830.30",4.73M,-4.46%
1/6/2016,9388,"9,295.10","9,434.50","9,295.10",1.64M,0.50%
1/5/2016,9341.6,"9,388.00","9,481.00","9,295.10",2.02M,-0.50%
1/4/2016,9388,"9,666.90","9,666.90","9,388.00",1.87M,-1.94%
12/31/2015,9573.9,"9,620.40","9,713.40","9,527.50",1.83M,-0.96%
12/30/2015,9666.9,"9,620.40","9,806.30","9,620.40",2.28M,0.48%
12/29/2015,9620.4,"9,434.50","9,620.40","9,341.60",1.79M,2.48%
12/28/2015,9388,"9,481.00","9,527.50","9,295.10",2.87M,-0.98%
12/25/2015,9481,"9,527.50","9,666.90","9,481.00",2.16M,-0.49%
12/24/2015,9527.5,"9,713.40","9,713.40","9,527.50",1.15M,-0.97%
12/23/2015,9620.4,"9,713.40","9,852.80","9,620.40",1.21M,-0.96%
12/22/2015,9713.4,"9,620.40","9,899.30","9,573.90",2.64M,0.97%
12/21/2015,9620.4,"9,713.40","9,759.80","9,573.90",4.20M,-2.82%
12/18/2015,9899.3,"9,806.30","9,992.20","9,806.30",2.38M,-0.93%
12/17/2015,9992.2,"10,131.60","10,131.60","9,852.80",3.60M,4.37%
12/16/2015,9573.9,"9,295.10","9,666.90","9,295.10",11.83M,3.00%
12/15/2015,9295.1,"9,295.10","9,434.50","9,202.10",3.13M,0.00%
12/14/2015,9295.1,"9,295.10","9,481.00","9,248.60",878.77K,-0.50%
12/11/2015,9341.6,"9,388.00","9,481.00","9,341.60",1.72M,-0.99%
12/10/2015,9434.5,"9,434.50","9,573.90","9,388.00",1.26M,-1.46%
12/9/2015,9573.9,"9,852.80","9,852.80","9,573.90",581.24K,-1.90%
12/8/2015,9759.8,"9,434.50","9,759.80","9,388.00",1.57M,2.44%
12/7/2015,9527.5,"9,527.50","9,666.90","9,481.00",1.13M,-1.44%
12/4/2015,9666.9,"9,806.30","9,852.80","9,666.90",1.06M,-2.35%
12/3/2015,9899.3,"9,945.70","9,945.70","9,852.80",1.65M,0.47%
12/2/2015,9852.8,"9,666.90","10,085.20","9,666.90",2.46M,2.42%
12/1/2015,9620.4,"9,434.50","9,666.90","9,388.00",1.46M,1.47%
11/30/2015,9481,"9,759.80","9,759.80","9,341.60",2.28M,-4.23%
11/27/2015,9899.3,"10,085.20","10,085.20","9,852.80",1.89M,-1.39%
11/26/2015,10038.7,"9,945.70","10,224.60","9,945.70",4.52M,-4.42%
11/25/2015,10503.4,"10,549.90","10,689.40","10,410.50",823.98K,-1.31%
11/24/2015,10642.9,"10,735.80","10,782.30","10,596.40",1.05M,-1.29%
11/23/2015,10782.3,"10,828.80","10,921.70","10,782.30",885.07K,-1.28%
11/20/2015,10921.7,"10,875.30","10,921.70","10,782.30",1.46M,0.43%
11/19/2015,10875.3,"10,921.70","10,968.20","10,828.80",407.17K,0.00%
11/18/2015,10875.3,"10,875.30","10,921.70","10,828.80",689.88K,0.00%
11/17/2015,10875.3,"10,968.20","10,968.20","10,828.80",893.74K,-0.43%
11/16/2015,10921.7,"10,968.20","11,014.70","10,828.80",375.07K,-0.84%
11/13/2015,11014.7,"10,828.80","11,014.70","10,689.40",1.06M,1.72%
11/12/2015,10828.8,"10,735.80","10,875.30","10,642.90",1.32M,0.87%
11/11/2015,10735.8,"10,875.30","10,921.70","10,735.80",522.72K,-1.28%
11/10/2015,10875.3,"11,014.70","11,014.70","10,828.80",1.18M,-1.27%
11/9/2015,11014.7,"10,968.20","11,107.60","10,921.70",660.19K,0.42%
11/6/2015,10968.2,"10,968.20","11,154.10","10,875.30",1.28M,0.00%
11/5/2015,10968.2,"10,968.20","11,061.20","10,921.70",1.06M,-0.42%
11/4/2015,11014.7,"11,154.10","11,247.10","11,014.70",1.38M,-1.25%
11/3/2015,11154.1,"11,200.60","11,200.60","11,061.20",1.26M,-0.41%
11/2/2015,11200.6,"11,154.10","11,340.00","11,154.10",1.57M,0.00%
10/30/2015,11200.6,"11,200.60","11,293.50","11,154.10",814.90K,-0.41%
10/29/2015,11247.1,"11,247.10","11,293.50","11,154.10",1.34M,0.83%
10/28/2015,11154.1,"11,293.50","11,386.50","11,154.10",1.07M,-1.64%
10/27/2015,11340,"11,340.00","11,433.00","11,293.50",1.39M,0.41%
10/26/2015,11293.5,"11,479.40","11,479.40","11,293.50",1.36M,-1.22%
10/23/2015,11433,"11,386.50","11,479.40","11,293.50",1.97M,2.07%
10/22/2015,11200.6,"11,154.10","11,340.00","11,061.20",572.45K,0.42%
10/21/2015,11154.1,"11,154.10","11,293.50","11,061.20",1.37M,0.00%
10/20/2015,11154.1,"11,340.00","11,386.50","11,154.10",1.82M,-2.04%
10/19/2015,11386.5,"11,386.50","11,433.00","11,293.50",1.08M,0.00%
10/16/2015,11386.5,"11,340.00","11,479.40","11,293.50",1.94M,0.41%
10/15/2015,11340,"11,386.50","11,479.40","11,247.10",2.26M,0.00%
10/14/2015,11340,"11,433.00","11,433.00","11,293.50",1.42M,-0.81%
10/13/2015,11433,"11,386.50","11,525.90","11,340.00",1.44M,0.41%
10/12/2015,11386.5,"11,247.10","11,572.40","11,247.10",1.88M,0.41%
10/9/2015,11340,"11,386.50","11,572.40","11,247.10",3.31M,0.83%
10/8/2015,11247.1,"11,154.10","11,386.50","11,154.10",1.64M,0.83%
10/7/2015,11154.1,"11,525.90","11,525.90","11,154.10",1.40M,-2.44%
10/6/2015,11433,"11,154.10","11,479.40","11,154.10",3.28M,4.24%
10/5/2015,10968.2,"10,875.30","11,014.70","10,828.80",915.34K,1.72%
10/2/2015,10782.3,"10,921.70","10,921.70","10,782.30",1.06M,-1.28%
10/1/2015,10921.7,"10,968.20","11,107.60","10,921.70",368.29K,-0.84%
9/30/2015,11014.7,"10,921.70","11,107.60","10,921.70",1.10M,0.85%
9/29/2015,10921.7,"10,782.30","10,968.20","10,735.80",2.43M,0.00%
9/28/2015,10921.7,"11,154.10","11,154.10","10,921.70",1.51M,-2.08%
9/25/2015,11154.1,"11,107.60","11,247.10","11,061.20",1.40M,0.42%
9/24/2015,11107.6,"11,293.50","11,386.50","11,107.60",2.16M,-1.24%
9/23/2015,11247.1,"11,200.60","11,293.50","11,061.20",4.26M,-1.63%
9/22/2015,11433,"11,525.90","11,572.40","11,340.00",1.64M,-0.81%
9/21/2015,11525.9,"11,386.50","11,618.90","11,154.10",1.40M,1.22%
9/18/2015,11386.5,"10,735.80","11,525.90","10,735.80",12.67M,-1.21%
9/17/2015,11525.9,"11,525.90","11,525.90","11,525.90",124.91K,-6.77%
9/16/2015,12362.5,"12,362.50","12,362.50","12,362.50",239.22K,-6.67%
9/15/2015,13245.5,"13,245.50","13,245.50","12,920.20",16.68M,6.74%
9/14/2015,12408.9,"12,408.90","12,408.90","12,408.90",2.45M,6.80%
9/11/2015,11618.9,"11,758.30","11,897.70","11,572.40",3.25M,-1.57%
9/10/2015,11804.8,"11,758.30","12,037.10","11,711.80",3.48M,-1.55%
9/9/2015,11990.7,"12,316.00","12,316.00","11,944.20",5.48M,1.57%
9/8/2015,11804.8,"11,061.20","11,804.80","11,061.20",7.86M,6.72%
9/7/2015,11061.2,"10,968.20","11,293.50","10,875.30",4.02M,3.48%
9/4/2015,10689.4,"10,689.40","10,921.70","10,689.40",1.68M,-1.29%
9/3/2015,10828.8,"10,968.20","10,968.20","10,642.90",2.98M,-1.27%
9/1/2015,10968.2,"10,689.40","11,014.70","10,642.90",3.08M,1.72%
8/31/2015,10782.3,"10,828.80","10,875.30","10,596.40",3.13M,-0.43%
8/28/2015,10828.8,"10,503.40","10,828.80","10,457.00",4.56M,3.10%
8/27/2015,10503.4,"10,364.00","10,549.90","10,271.10",4.65M,3.67%
8/26/2015,10131.6,"9,481.00","10,131.60","9,481.00",3.41M,6.86%
8/25/2015,9481,"8,830.30","9,573.90","8,830.30",4.26M,3.03%
8/24/2015,9202.1,"9,852.80","9,852.80","9,202.10",7.04M,-6.60%
8/21/2015,9852.8,"9,666.90","9,945.70","9,295.10",4.77M,-0.93%
8/20/2015,9945.7,"9,992.20","10,271.10","9,852.80",2.09M,-2.73%
8/19/2015,10224.6,"9,806.30","10,457.00","9,806.30",2.40M,0.00%
8/18/2015,10224.6,"9,666.90","10,224.60","9,573.90",3.91M,4.76%
8/17/2015,9759.8,"10,364.00","10,410.50","9,713.40",5.33M,-6.25%
8/14/2015,10410.5,"10,271.10","10,596.40","10,178.10",2.22M,1.95%
8/13/2015,10211.1,"10,610.70","10,610.70","10,211.10",4.97M,-3.77%
8/12/2015,10610.7,"10,743.90","10,832.70","10,566.30",3.33M,-2.45%
8/11/2015,10877.1,"10,655.10","11,143.50","10,610.70",5.59M,2.51%
8/10/2015,10610.7,"10,388.70","10,610.70","10,344.30",1.42M,2.14%
8/7/2015,10388.7,"10,388.70","10,477.50","10,211.10",2.63M,0.00%
8/6/2015,10388.7,"10,743.90","10,788.30","10,255.50",4.77M,-2.90%
8/5/2015,10699.5,"10,566.30","10,788.30","10,566.30",3.24M,1.69%
8/4/2015,10521.9,"11,054.70","11,099.10","10,477.50",5.75M,-4.82%
8/3/2015,11054.7,"11,232.30","11,232.30","10,788.30",6.81M,-2.35%
7/31/2015,11321,"11,631.80","11,720.60","11,321.00",2.99M,-1.54%
7/30/2015,11498.6,"11,454.20","11,587.40","11,365.40",1.96M,0.39%
7/29/2015,11454.2,"11,631.80","11,720.60","11,409.80",3.55M,-0.77%
7/28/2015,11543,"11,676.20","11,853.80","11,543.00",3.52M,-1.14%
7/27/2015,11676.2,"11,365.40","11,765.00","11,365.40",3.35M,2.33%
7/24/2015,11409.8,"11,498.60","11,587.40","11,365.40",2.80M,-0.77%
7/23/2015,11498.6,"11,765.00","11,898.20","11,498.60",5.83M,-1.89%
7/22/2015,11720.6,"11,010.30","11,720.60","11,010.30",3.44M,5.60%
7/21/2015,11099.1,"11,099.10","11,276.70","11,010.30",3.84M,0.00%
7/20/2015,11099.1,"11,099.10","11,232.30","10,877.10",5.15M,-1.57%
7/17/2015,11276.7,"11,409.80","11,454.20","11,276.70",3.07M,-1.55%
7/16/2015,11454.2,"11,454.20","11,543.00","11,232.30",3.84M,-0.77%
7/15/2015,11543,"11,765.00","11,942.60","11,454.20",5.60M,-1.52%
7/14/2015,11720.6,"11,409.80","11,942.60","11,321.00",5.93M,2.33%
7/13/2015,11454.2,"11,409.80","11,631.80","11,187.90",4.64M,0.39%
7/10/2015,11409.8,"11,409.80","11,498.60","11,232.30",7.51M,1.58%
7/9/2015,11232.3,"11,187.90","11,631.80","11,143.50",10.09M,-2.32%
7/8/2015,11498.6,"11,676.20","12,164.60","11,143.50",8.50M,-3.00%
7/7/2015,11853.8,"11,232.30","11,987.00","10,965.90",6.00M,5.53%
7/6/2015,11232.3,"11,054.70","11,365.40","10,965.90",5.52M,2.85%
7/3/2015,10921.5,"10,655.10","11,099.10","10,433.10",5.18M,5.13%
7/2/2015,10388.7,"9,678.40","10,388.70","9,678.40",7.75M,6.85%
7/1/2015,9722.8,"9,856.00","9,900.40","9,634.00",2.76M,-0.90%
6/30/2015,9811.6,"9,767.20","10,078.00","9,767.20",3.92M,-0.45%
6/29/2015,9856,"9,456.40","9,900.40","9,412.00",4.13M,3.26%
6/26/2015,9545.2,"10,078.00","10,078.00","9,545.20",5.69M,-5.29%
6/25/2015,10078,"9,989.20","10,122.30","9,811.60",2.99M,0.44%
6/24/2015,10033.6,"10,033.60","10,078.00","9,944.80",3.40M,-0.44%
6/23/2015,10078,"9,989.20","10,122.30","9,900.40",3.76M,0.89%
6/22/2015,9989.2,"9,678.40","9,989.20","9,678.40",6.25M,3.21%
6/19/2015,9678.4,"9,589.60","9,856.00","9,545.20",3.74M,2.35%
6/18/2015,9456.4,"9,545.20","9,634.00","9,456.40",1.34M,-0.93%
6/17/2015,9545.2,"9,412.00","9,634.00","9,367.60",2.68M,0.00%
6/16/2015,9545.2,"9,856.00","9,944.80","9,545.20",3.23M,-2.27%
6/15/2015,9767.2,"9,456.40","9,767.20","9,412.00",3.91M,3.77%
6/12/2015,9412,"9,500.80","9,589.60","9,367.60",2.48M,-0.93%
6/11/2015,9500.8,"9,500.80","9,634.00","9,323.20",2.78M,0.94%
6/10/2015,9412,"9,412.00","9,456.40","9,145.60",5.02M,0.00%
6/9/2015,9412,"9,678.40","9,767.20","9,323.20",5.98M,-2.75%
6/8/2015,9678.4,"9,900.40","10,033.60","9,678.40",5.70M,0.00%
6/5/2015,9678.4,"9,101.20","9,722.80","9,101.20",5.63M,5.83%
6/4/2015,9145.6,"9,145.60","9,367.60","9,056.80",5.30M,0.00%
6/3/2015,9145.6,"9,190.00","9,412.00","8,968.00",3.28M,0.00%
6/2/2015,9145.6,"9,278.80","9,722.80","9,101.20",7.10M,-1.44%
6/1/2015,9278.8,"8,968.00","9,589.60","8,834.90",4.83M,3.47%
5/29/2015,8968,"8,968.00","9,190.00","8,879.30",4.25M,-0.49%
5/28/2015,9012.4,"8,701.70","9,190.00","8,612.90",5.79M,4.10%
5/27/2015,8657.3,"8,479.70","8,834.90","8,435.30",4.34M,1.56%
5/26/2015,8524.1,"8,257.70","8,568.50","8,213.30",5.48M,3.23%
5/25/2015,8257.7,"8,080.10","8,302.10","8,080.10",2.25M,1.64%
5/22/2015,8124.5,"7,902.50","8,168.90","7,902.50",3.62M,2.81%
5/21/2015,7902.5,"7,946.90","8,035.70","7,902.50",1.89M,0.00%
5/20/2015,7902.5,"7,680.60","7,946.90","7,680.60",2.12M,2.89%
5/19/2015,7680.6,"7,680.60","7,725.00","7,591.80",923.64K,1.17%
5/18/2015,7591.8,"7,680.60","7,725.00","7,547.40",1.30M,-1.16%
5/15/2015,7680.6,"7,813.70","7,858.10","7,680.60",1.94M,-1.14%
5/14/2015,7769.3,"7,680.60","7,858.10","7,591.80",1.54M,1.16%
5/13/2015,7680.6,"7,769.30","7,813.70","7,547.40",3.11M,-1.14%
5/12/2015,7769.3,"7,858.10","7,902.50","7,591.80",2.74M,-1.13%
5/11/2015,7858.1,"7,946.90","7,991.30","7,858.10",892.65K,-1.12%
5/8/2015,7946.9,"7,902.50","7,991.30","7,769.30",2.64M,2.99%
5/7/2015,7716.1,"7,380.60","7,758.00","7,380.60",1.48M,3.37%
5/6/2015,7464.5,"7,548.30","7,632.20","7,380.60",1.46M,-1.11%
5/5/2015,7548.3,"7,422.50","7,590.30","7,170.90",3.80M,2.86%
5/4/2015,7338.7,"7,883.80","7,883.80","7,338.70",3.61M,-6.91%
4/27/2015,7883.8,"7,967.70","8,051.60","7,883.80",1.82M,-1.05%
4/24/2015,7967.7,"7,841.90","7,967.70","7,841.90",1.31M,2.15%
4/23/2015,7799.9,"7,841.90","7,883.80","7,716.10",2.16M,0.00%
4/22/2015,7799.9,"7,883.80","7,967.70","7,716.10",5.19M,-1.06%
4/21/2015,7883.8,"7,967.70","8,093.50","7,883.80",4.23M,-1.57%
4/20/2015,8009.6,"8,051.60","8,093.50","7,967.70",2.46M,-1.04%
4/17/2015,8093.5,"8,219.30","8,303.20","8,093.50",5.15M,-1.53%
4/16/2015,8219.3,"7,967.70","8,261.20","7,967.70",9.44M,3.16%
4/15/2015,7967.7,"7,883.80","8,009.60","7,883.80",3.97M,0.00%
4/14/2015,7967.7,"7,967.70","8,135.40","7,925.70",9.78M,0.00%
4/13/2015,7967.7,"7,967.70","8,051.60","7,841.90",2.85M,0.00%
4/10/2015,7967.7,"7,883.80","8,093.50","7,883.80",7.39M,0.53%
4/9/2015,7925.7,"7,716.10","7,925.70","7,716.10",4.71M,2.16%
4/8/2015,7758,"7,716.10","7,799.90","7,674.10",1.75M,0.54%
4/7/2015,7716.1,"7,422.50","7,716.10","7,422.50",5.06M,3.37%
4/6/2015,7464.5,"7,464.50","7,506.40","7,422.50",1.09M,0.00%
4/3/2015,7464.5,"7,506.40","7,548.30","7,422.50",2.78M,-0.56%
4/2/2015,7506.4,"7,338.70","7,506.40","7,254.80",2.44M,3.47%
4/1/2015,7254.8,"7,380.60","7,422.50","7,254.80",2.43M,-1.70%
3/31/2015,7380.6,"7,170.90","7,464.50","7,170.90",2.24M,1.73%
3/30/2015,7254.8,"7,422.50","7,464.50","7,254.80",2.42M,-2.26%
3/27/2015,7422.5,"7,506.40","7,548.30","7,380.60",2.83M,-0.56%
3/26/2015,7464.5,"7,212.80","7,548.30","7,212.80",4.04M,2.30%
3/25/2015,7296.7,"7,254.80","7,380.60","7,170.90",2.11M,1.16%
3/24/2015,7212.8,"7,170.90","7,212.80","7,003.20",5.34M,-0.58%
3/23/2015,7254.8,"7,506.40","7,590.30","7,212.80",3.39M,-3.35%
3/20/2015,7506.4,"7,380.60","7,548.30","7,380.60",2.25M,1.13%
3/19/2015,7422.5,"7,590.30","7,632.20","7,380.60",3.49M,-1.67%
3/18/2015,7548.3,"7,632.20","7,674.10","7,506.40",4.79M,-1.64%
3/17/2015,7674.1,"7,674.10","7,758.00","7,632.20",2.32M,0.00%
3/16/2015,7674.1,"7,758.00","7,799.90","7,674.10",2.69M,-1.61%
3/13/2015,7799.9,"7,758.00","7,883.80","7,758.00",4.67M,1.09%
3/12/2015,7716.1,"7,674.10","7,758.00","7,674.10",2.40M,0.55%
3/11/2015,7674.1,"7,590.30","7,799.90","7,590.30",3.51M,0.00%
3/10/2015,7674.1,"7,548.30","7,716.10","7,548.30",3.26M,1.10%
3/9/2015,7590.3,"7,758.00","7,799.90","7,548.30",3.22M,-2.16%
3/6/2015,7758,"7,548.30","7,841.90","7,506.40",7.05M,2.21%
3/5/2015,7590.3,"7,799.90","7,841.90","7,590.30",5.40M,-2.69%
3/4/2015,7799.9,"7,799.90","7,841.90","7,674.10",6.07M,0.00%
3/3/2015,7799.9,"7,758.00","7,883.80","7,758.00",3.97M,0.54%
3/2/2015,7758,"7,716.10","7,841.90","7,674.10",4.45M,-0.54%
2/27/2015,7799.9,"7,925.70","8,009.60","7,758.00",3.97M,-1.59%
2/26/2015,7925.7,"7,758.00","7,967.70","7,758.00",4.36M,2.16%
2/25/2015,7758,"7,883.80","8,051.60","7,716.10",13.13M,0.00%
2/24/2015,7758,"7,590.30","7,799.90","7,548.30",5.00M,3.93%
2/13/2015,7464.5,"7,464.50","7,590.30","7,338.70",4.29M,0.00%
2/12/2015,7464.5,"7,590.30","7,632.20","7,338.70",5.15M,-1.66%
2/11/2015,7590.3,"7,464.50","7,632.20","7,422.50",4.01M,1.12%
2/10/2015,7506.4,"7,464.50","7,590.30","7,380.60",7.07M,3.47%
2/9/2015,7254.8,"7,212.80","7,422.50","7,170.90",8.71M,-0.57%
2/6/2015,7296.7,"6,919.30","7,296.70","6,835.40",5.22M,6.10%
2/5/2015,6877.4,"6,625.80","6,919.30","6,625.80",3.62M,4.46%
2/4/2015,6583.8,"6,583.80","6,667.70","6,332.20",8.74M,-1.88%
2/3/2015,6709.6,"7,338.70","7,338.70","6,709.60",9.12M,-6.98%
2/2/2015,7212.8,"7,296.70","7,422.50","7,212.80",4.64M,-1.71%
1/30/2015,7338.7,"7,548.30","7,590.30","7,296.70",8.10M,-3.85%
1/29/2015,7632.2,"7,758.00","7,883.80","7,506.40",8.61M,-2.15%
1/28/2015,7799.9,"7,296.70","7,799.90","7,296.70",14.70M,6.90%
1/27/2015,7296.7,"7,254.80","7,548.30","7,170.90",12.10M,0.00%
1/26/2015,7296.7,"7,296.70","7,380.60","7,212.80",5.38M,0.00%
1/23/2015,7296.7,"7,212.80","7,422.50","7,170.90",10.91M,4.19%
1/22/2015,7003.2,"6,583.80","7,003.20","6,458.00",9.43M,6.37%
1/21/2015,6583.8,"6,793.50","6,835.40","6,583.80",3.31M,-3.09%
1/20/2015,6793.5,"6,835.40","6,877.40","6,709.60",2.82M,-1.22%
1/19/2015,6877.4,"6,919.30","7,045.10","6,793.50",6.17M,1.23%
1/16/2015,6793.5,"6,919.30","7,003.20","6,793.50",4.32M,-1.22%
1/15/2015,6877.4,"6,835.40","7,087.00","6,835.40",7.39M,0.61%
1/14/2015,6835.4,"6,793.50","7,087.00","6,667.70",6.96M,-0.61%
1/13/2015,6877.4,"6,541.90","6,919.30","6,541.90",8.13M,5.81%
1/12/2015,6499.9,"6,290.30","6,499.90","6,248.30",6.73M,6.90%
1/9/2015,6080.6,"5,703.20","6,080.60","5,703.20",6.31M,6.62%
1/8/2015,5703.2,"5,703.20","5,787.10","5,619.30",1.53M,0.00%
1/7/2015,5703.2,"5,535.40","5,703.20","5,493.50",1.59M,3.03%
1/6/2015,5535.4,"5,367.70","5,577.40","5,367.70",773.32K,2.33%
1/5/2015,5409.6,"5,409.60","5,451.60","5,409.60",127.32K,1.57%
12/31/2014,5325.8,"5,409.60","5,493.50","5,325.80",410.70K,-1.55%
12/30/2014,5409.6,"5,325.80","5,409.60","5,325.80",246.30K,1.57%
12/29/2014,5325.8,"5,409.60","5,451.60","5,325.80",165.69K,-0.78%
12/26/2014,5367.7,"5,451.60","5,451.60","5,367.70",161.45K,-1.54%
12/25/2014,5451.6,"5,409.60","5,451.60","5,367.70",197.05K,0.00%
12/24/2014,5451.6,"5,451.60","5,493.50","5,409.60",177.65K,-0.76%
12/23/2014,5493.5,"5,493.50","5,535.40","5,451.60",281.65K,0.00%
12/22/2014,5493.5,"5,409.60","5,535.40","5,409.60",699.09K,1.55%
12/19/2014,5409.6,"5,409.60","5,451.60","5,325.80",98.65K,0.00%
12/18/2014,5409.6,"5,367.70","5,409.60","5,325.80",138.79K,1.57%
12/17/2014,5325.8,"5,367.70","5,451.60","5,241.90",716.87K,-1.55%
12/16/2014,5409.6,"5,451.60","5,493.50","5,409.60",379.69K,-1.53%
12/15/2014,5493.5,"5,493.50","5,535.40","5,493.50",238.06K,0.00%
12/12/2014,5493.5,"5,493.50","5,577.40","5,493.50",362.10K,0.00%
12/11/2014,5493.5,"5,451.60","5,535.40","5,409.60",595.57K,0.77%
12/10/2014,5451.6,"5,409.60","5,535.40","5,325.80",879.76K,0.78%
12/9/2014,5409.6,"5,535.40","5,535.40","5,367.70",822.08K,-2.27%
12/8/2014,5535.4,"5,619.30","5,619.30","5,535.40",423.42K,-1.49%
12/5/2014,5619.3,"5,577.40","5,661.20","5,535.40",832.48K,0.75%
12/4/2014,5577.4,"5,493.50","5,703.20","5,451.60",1.54M,1.53%
12/3/2014,5493.5,"5,451.60","5,493.50","5,409.60",409.55K,0.00%
12/2/2014,5493.5,"5,409.60","5,493.50","5,325.80",950.69K,1.55%
12/1/2014,5409.6,"5,325.80","5,409.60","5,325.80",187.05K,1.57%
11/28/2014,5325.8,"5,325.80","5,367.70","5,325.80",361.77K,0.00%
11/27/2014,5325.8,"5,367.70","5,367.70","5,283.80",694.14K,-0.78%
11/26/2014,5367.7,"5,409.60","5,451.60","5,367.70",525.77K,-0.78%
11/25/2014,5409.6,"5,409.60","5,451.60","5,409.60",289.58K,0.00%
11/24/2014,5409.6,"5,451.60","5,451.60","5,367.70",389.30K,-0.77%
11/21/2014,5451.6,"5,451.60","5,493.50","5,451.60",666.43K,0.00%
11/20/2014,5451.6,"5,493.50","5,493.50","5,451.60",269.01K,-0.76%
11/19/2014,5493.5,"5,451.60","5,493.50","5,451.60",199.77K,0.00%
11/18/2014,5493.5,"5,451.60","5,535.40","5,451.60",468.52K,-0.76%
11/17/2014,5535.4,"5,535.40","5,535.40","5,451.60",495.08K,1.54%
11/14/2014,5451.6,"5,535.40","5,535.40","5,451.60",429.08K,-1.52%
11/13/2014,5535.4,"5,493.50","5,535.40","5,451.60",267.36K,1.54%
11/12/2014,5451.6,"5,493.50","5,493.50","5,451.60",238.06K,0.00%
11/11/2014,5451.6,"5,493.50","5,535.40","5,451.60",222.98K,-0.76%
11/10/2014,5493.5,"5,493.50","5,535.40","5,493.50",217.69K,0.00%
11/7/2014,5493.5,"5,493.50","5,535.40","5,451.60",284.22K,0.00%
11/6/2014,5493.5,"5,451.60","5,535.40","5,451.60",455.44K,1.55%
11/5/2014,5409.6,"5,451.60","5,493.50","5,409.60",255.86K,-0.77%
11/4/2014,5451.6,"5,535.40","5,535.40","5,451.60",209.19K,-1.52%
11/3/2014,5535.4,"5,619.30","5,661.20","5,535.40",804.03K,-2.22%
10/31/2014,5661.2,"5,367.70","5,661.20","5,325.80",714.97K,5.47%
10/30/2014,5367.7,"5,409.60","5,409.60","5,325.80",133.69K,0.00%
10/29/2014,5367.7,"5,325.80","5,409.60","5,325.80",362.89K,0.79%
10/28/2014,5325.8,"5,283.80","5,325.80","5,283.80",574.95K,0.79%
10/27/2014,5283.8,"5,409.60","5,451.60","5,283.80",678.64K,-3.08%
10/24/2014,5451.6,"5,451.60","5,535.40","5,451.60",244.64K,-0.76%
10/23/2014,5493.5,"5,535.40","5,535.40","5,451.60",597.57K,-0.76%
10/22/2014,5535.4,"5,535.40","5,577.40","5,493.50",306.59K,0.00%
10/21/2014,5535.4,"5,493.50","5,535.40","5,493.50",298.36K,0.00%
10/20/2014,5535.4,"5,535.40","5,535.40","5,451.60",193.54K,0.76%
10/17/2014,5493.5,"5,493.50","5,535.40","5,409.60",794.84K,0.00%
10/16/2014,5493.5,"5,577.40","5,619.30","5,493.50",425.17K,-1.50%
10/15/2014,5577.4,"5,577.40","5,619.30","5,535.40",522.99K,0.00%
10/14/2014,5577.4,"5,703.20","5,703.20","5,577.40",494.76K,-1.48%
10/13/2014,5661.2,"5,745.10","5,745.10","5,619.30",580.34K,-0.74%
10/10/2014,5703.2,"5,745.10","5,745.10","5,703.20",812.62K,-0.73%
10/9/2014,5745.1,"5,745.10","5,787.10","5,703.20",831.44K,0.00%
10/8/2014,5745.1,"5,787.10","5,787.10","5,703.20",1.28M,-0.72%
10/7/2014,5787.1,"5,829.00","5,829.00","5,787.10",495.39K,-0.72%
10/6/2014,5829,"5,829.00","5,829.00","5,787.10",553.64K,0.00%
10/3/2014,5829,"5,829.00","5,870.90","5,787.10",208.73K,0.00%
10/2/2014,5829,"5,787.10","5,829.00","5,787.10",658.18K,0.72%
10/1/2014,5787.1,"5,787.10","5,829.00","5,787.10",481.18K,0.00%
9/30/2014,5787.1,"5,829.00","5,829.00","5,745.10",442.22K,-0.72%
9/29/2014,5829,"5,787.10","5,870.90","5,787.10",706.00K,0.72%
9/26/2014,5787.1,"5,829.00","5,870.90","5,787.10",187.48K,-0.72%
9/25/2014,5829,"5,787.10","5,870.90","5,745.10",643.33K,1.46%
9/24/2014,5745.1,"5,787.10","5,829.00","5,745.10",395.48K,-0.72%
9/23/2014,5787.1,"5,787.10","5,829.00","5,745.10",516.03K,0.00%
9/22/2014,5787.1,"5,829.00","5,870.90","5,787.10",679.62K,-0.72%
9/19/2014,5829,"5,829.00","5,870.90","5,787.10",432.59K,0.00%
9/18/2014,5829,"5,870.90","5,870.90","5,787.10",424.84K,0.00%
9/17/2014,5829,"5,829.00","5,870.90","5,787.10",833.51K,0.00%
9/16/2014,5829,"5,870.90","5,870.90","5,787.10",908.97K,-0.71%
9/15/2014,5870.9,"5,912.90","5,954.80","5,829.00",752.86K,-0.71%
9/12/2014,5912.9,"5,912.90","5,954.80","5,870.90",480.49K,0.00%
9/11/2014,5912.9,"5,954.80","5,954.80","5,870.90",402.53K,0.00%
9/10/2014,5912.9,"5,912.90","5,954.80","5,870.90",483.82K,-0.70%
9/9/2014,5954.8,"5,954.80","5,996.70","5,870.90",766.99K,0.00%
9/8/2014,5954.8,"6,038.70","6,038.70","5,954.80",1.62M,-1.39%
9/5/2014,6038.7,"6,038.70","6,080.60","5,954.80",1.42M,-0.69%
9/4/2014,6080.6,"6,122.50","6,206.40","6,038.70",748.16K,-1.36%
9/3/2014,6164.5,"6,248.30","6,332.20","6,122.50",1.14M,-1.34%
8/29/2014,6248.3,"5,870.90","6,248.30","5,829.00",4.01M,6.43%
8/28/2014,5870.9,"5,829.00","5,870.90","5,829.00",388.09K,0.72%
8/27/2014,5829,"5,912.90","5,912.90","5,829.00",435.76K,-1.42%
8/26/2014,5912.9,"5,870.90","5,912.90","5,829.00",704.56K,1.44%
8/25/2014,5829,"5,870.90","5,870.90","5,829.00",602.04K,0.00%
8/22/2014,5829,"5,954.80","5,954.80","5,829.00",1.12M,-2.11%
8/21/2014,5954.8,"5,912.90","5,954.80","5,829.00",912.14K,1.43%
8/20/2014,5870.9,"5,829.00","5,870.90","5,829.00",711.23K,0.72%
8/19/2014,5829,"5,829.00","5,870.90","5,829.00",659.69K,0.00%
8/18/2014,5829,"5,912.90","5,954.80","5,787.10",1.38M,-2.11%
8/15/2014,5954.8,"6,038.70","6,038.70","5,954.80",387.65K,-0.70%
8/14/2014,5996.7,"6,038.70","6,122.50","5,996.70",501.37K,-1.38%
8/13/2014,6080.6,"5,996.70","6,080.60","5,954.80",631.94K,0.69%
8/12/2014,6038.7,"6,080.60","6,080.60","5,996.70",484.86K,-0.69%
8/11/2014,6080.6,"6,164.50","6,206.40","6,080.60",491.11K,-2.03%
8/8/2014,6206.4,"6,290.30","6,290.30","6,122.50",1.72M,0.34%
8/7/2014,6185.4,"6,145.80","6,225.10","6,145.80",1.16M,0.00%
8/6/2014,6185.4,"6,225.10","6,225.10","6,145.80",534.44K,-0.64%
8/5/2014,6225.1,"6,225.10","6,264.70","6,185.40",1.40M,0.00%
8/4/2014,6225.1,"6,066.50","6,264.70","6,066.50",2.81M,2.61%
8/1/2014,6066.5,"6,026.80","6,106.10","6,026.80",779.46K,0.66%
7/31/2014,6026.8,"6,026.80","6,066.50","5,987.20",684.53K,0.00%
7/30/2014,6026.8,"5,987.20","6,106.10","5,947.50",2.59M,0.66%
7/29/2014,5987.2,"6,106.10","6,106.10","5,987.20",464.91K,-1.31%
7/28/2014,6066.5,"6,066.50","6,106.10","5,987.20",864.14K,0.00%
7/25/2014,6066.5,"5,868.20","6,225.10","5,868.20",3.33M,3.38%
7/24/2014,5868.2,"5,828.60","5,907.90","5,828.60",356.65K,0.68%
7/23/2014,5828.6,"5,907.90","5,907.90","5,828.60",273.62K,-0.68%
7/22/2014,5868.2,"5,868.20","5,907.90","5,828.60",183.66K,-0.67%
7/21/2014,5907.9,"5,907.90","5,947.50","5,868.20",242.18K,-0.67%
7/18/2014,5947.5,"5,947.50","5,947.50","5,907.90",666.68K,0.67%
7/17/2014,5907.9,"5,907.90","5,947.50","5,868.20",198.81K,0.00%
7/16/2014,5907.9,"5,947.50","5,947.50","5,907.90",683.23K,0.00%
7/15/2014,5907.9,"5,868.20","5,907.90","5,828.60",681.64K,0.68%
7/14/2014,5868.2,"5,868.20","5,907.90","5,828.60",159.18K,-0.67%
7/11/2014,5907.9,"5,907.90","5,907.90","5,868.20",224.86K,0.68%
7/10/2014,5868.2,"5,947.50","5,947.50","5,868.20",661.67K,-1.33%
7/9/2014,5947.5,"5,907.90","5,987.20","5,868.20",584.83K,1.35%
7/8/2014,5868.2,"5,947.50","5,987.20","5,868.20",546.55K,-1.33%
7/7/2014,5947.5,"5,987.20","6,026.80","5,947.50",484.46K,-1.32%
7/4/2014,6026.8,"6,026.80","6,026.80","5,987.20",396.57K,0.00%
7/3/2014,6026.8,"6,026.80","6,066.50","5,987.20",750.48K,0.00%
7/2/2014,6026.8,"5,987.20","6,066.50","5,947.50",1.25M,0.66%
7/1/2014,5987.2,"5,987.20","5,987.20","5,947.50",721.07K,-0.66%
6/30/2014,6026.8,"6,026.80","6,026.80","5,947.50",497.71K,0.00%
6/27/2014,6026.8,"5,947.50","6,026.80","5,947.50",566.69K,0.66%
6/26/2014,5987.2,"5,907.90","6,066.50","5,868.20",1.08M,0.67%
6/25/2014,5947.5,"5,907.90","5,947.50","5,868.20",541.16K,0.00%
6/24/2014,5947.5,"5,868.20","5,947.50","5,868.20",609.09K,0.67%
6/23/2014,5907.9,"5,828.60","5,907.90","5,828.60",404.26K,1.36%
6/20/2014,5828.6,"5,868.20","5,907.90","5,828.60",261.36K,-1.34%
6/19/2014,5907.9,"5,868.20","5,907.90","5,788.90",595.36K,0.00%
6/18/2014,5907.9,"5,907.90","5,947.50","5,868.20",819.18K,0.00%
6/17/2014,5907.9,"5,907.90","5,947.50","5,868.20",463.47K,0.00%
6/16/2014,5907.9,"5,907.90","5,947.50","5,868.20",659.41K,0.00%
6/13/2014,5907.9,"5,868.20","5,947.50","5,828.60",972.54K,0.00%
6/12/2014,5907.9,"5,828.60","5,907.90","5,828.60",871.68K,1.36%
6/11/2014,5828.6,"5,828.60","5,828.60","5,749.30",692.97K,0.00%
6/10/2014,5828.6,"5,749.30","5,868.20","5,709.60",415.17K,1.38%
6/9/2014,5749.3,"5,788.90","5,828.60","5,709.60",310.94K,-0.68%
6/6/2014,5788.9,"5,709.60","5,788.90","5,709.60",176.22K,0.69%
6/5/2014,5749.3,"5,749.30","5,749.30","5,670.00",105.25K,0.00%
6/4/2014,5749.3,"5,749.30","5,788.90","5,670.00",302.01K,0.00%
6/3/2014,5749.3,"5,749.30","5,828.60","5,749.30",323.20K,-0.68%
6/2/2014,5788.9,"5,868.20","5,868.20","5,749.30",535.07K,-1.35%
5/30/2014,5868.2,"5,868.20","5,907.90","5,828.60",369.08K,-0.67%
5/29/2014,5907.9,"5,868.20","5,947.50","5,868.20",811.44K,0.00%
5/28/2014,5907.9,"5,947.50","5,947.50","5,868.20",776.49K,-0.67%
5/27/2014,5947.5,"5,788.90","5,947.50","5,788.90",853.83K,2.74%
5/26/2014,5788.9,"5,749.30","5,828.60","5,749.30",198.43K,-0.68%
5/23/2014,5828.6,"5,828.60","5,828.60","5,749.30",313.34K,0.68%
5/22/2014,5788.9,"5,907.90","5,907.90","5,788.90",447.05K,-2.01%
5/21/2014,5907.9,"5,788.90","5,947.50","5,709.60",1.16M,1.36%
5/20/2014,5828.6,"5,749.30","5,828.60","5,709.60",348.67K,1.38%
5/19/2014,5749.3,"5,709.60","5,828.60","5,709.60",685.88K,-0.68%
5/16/2014,5788.9,"5,630.30","5,788.90","5,590.70",640.01K,2.82%
5/15/2014,5630.3,"5,868.20","5,868.20","5,511.40",1.22M,-3.40%
5/14/2014,5828.6,"5,551.00","5,868.20","5,551.00",908.17K,4.26%
5/13/2014,5590.7,"5,352.80","5,630.30","5,352.80",1.33M,0.71%
5/12/2014,5551,"5,828.60","5,828.60","5,471.70",998.76K,-5.41%
5/9/2014,5868.2,"5,709.60","5,868.20","5,709.60",592.37K,1.37%
5/8/2014,5788.9,"6,066.50","6,066.50","5,749.30",2.91M,-5.81%
5/7/2014,6145.8,"6,026.80","6,185.40","6,026.80",525.79K,1.97%
5/6/2014,6026.8,"6,145.80","6,185.40","5,987.20",919.77K,-2.56%
5/5/2014,6185.4,"6,304.40","6,304.40","6,145.80",578.81K,-1.27%
4/29/2014,6264.7,"6,225.10","6,264.70","6,225.10",389.32K,0.64%
4/28/2014,6225.1,"6,225.10","6,264.70","6,185.40",644.91K,0.00%
4/25/2014,6225.1,"6,225.10","6,344.00","6,225.10",990.20K,-1.26%
4/24/2014,6304.4,"6,225.10","6,304.40","6,225.10",552.59K,0.63%
4/23/2014,6264.7,"6,304.40","6,304.40","6,185.40",418.07K,0.00%
4/22/2014,6264.7,"6,106.10","6,264.70","6,066.50",1.01M,1.94%
4/21/2014,6145.8,"6,304.40","6,304.40","6,106.10",1.09M,-2.52%
4/18/2014,6304.4,"6,383.70","6,423.30","6,304.40",1.46M,-1.24%
4/17/2014,6383.7,"6,344.00","6,502.60","6,344.00",1.31M,0.62%
4/16/2014,6344,"6,542.30","6,542.30","6,264.70",2.04M,-3.03%
4/15/2014,6542.3,"6,581.90","6,621.60","6,542.30",921.38K,-1.20%
4/14/2014,6621.6,"6,621.60","6,661.20","6,581.90",794.29K,0.60%
4/11/2014,6581.9,"6,581.90","6,621.60","6,542.30",1.29M,-0.60%
4/10/2014,6621.6,"6,621.60","6,661.20","6,621.60",931.34K,0.00%
4/8/2014,6621.6,"6,661.20","6,700.90","6,621.60",988.99K,-0.60%
4/7/2014,6661.2,"6,661.20","6,700.90","6,621.60",847.40K,-0.59%
4/4/2014,6700.9,"6,700.90","6,700.90","6,621.60",1.17M,0.60%
4/3/2014,6661.2,"6,621.60","6,700.90","6,581.90",996.84K,0.60%
4/2/2014,6621.6,"6,621.60","6,661.20","6,542.30",2.33M,0.00%
4/1/2014,6621.6,"6,700.90","6,700.90","6,581.90",3.26M,-0.60%
3/31/2014,6661.2,"6,780.20","6,780.20","6,661.20",1.60M,-1.18%
3/28/2014,6740.5,"6,661.20","6,740.50","6,661.20",1.37M,1.19%
3/27/2014,6661.2,"6,700.90","6,700.90","6,621.60",1.97M,0.00%
3/26/2014,6661.2,"6,859.50","6,859.50","6,621.60",3.90M,-2.33%
3/25/2014,6819.8,"7,018.10","7,018.10","6,819.80",3.93M,-2.27%
3/24/2014,6978.4,"7,018.10","7,137.00","6,978.40",4.79M,0.57%
3/21/2014,6938.8,"6,938.80","7,057.70","6,938.80",2.37M,-1.13%
3/20/2014,7018.1,"6,938.80","7,137.00","6,938.80",6.38M,1.72%
3/19/2014,6899.1,"6,700.90","6,899.10","6,700.90",10.79M,3.57%
3/18/2014,6661.2,"6,581.90","6,700.90","6,542.30",4.17M,1.20%
3/17/2014,6581.9,"6,581.90","6,621.60","6,542.30",1.90M,0.00%
3/14/2014,6581.9,"6,581.90","6,621.60","6,502.60",1.77M,0.61%
3/13/2014,6542.3,"6,581.90","6,581.90","6,502.60",1.55M,0.00%
3/12/2014,6542.3,"6,581.90","6,621.60","6,542.30",1.88M,-0.60%
3/11/2014,6581.9,"6,581.90","6,621.60","6,581.90",1.44M,-0.60%
3/10/2014,6621.6,"6,581.90","6,661.20","6,581.90",1.84M,0.60%
3/7/2014,6581.9,"6,581.90","6,621.60","6,581.90",1.48M,0.00%
3/6/2014,6581.9,"6,581.90","6,621.60","6,542.30",1.47M,0.00%
3/5/2014,6581.9,"6,621.60","6,661.20","6,581.90",1.41M,0.00%
3/4/2014,6581.9,"6,581.90","6,621.60","6,542.30",2.98M,-0.60%
3/3/2014,6621.6,"6,700.90","6,740.50","6,621.60",1.83M,-1.76%
2/28/2014,6740.5,"6,661.20","6,740.50","6,661.20",2.21M,0.59%
2/27/2014,6700.9,"6,621.60","6,899.10","6,621.60",7.16M,1.20%
2/26/2014,6621.6,"6,621.60","6,700.90","6,581.90",2.68M,0.00%
2/25/2014,6621.6,"6,581.90","6,621.60","6,542.30",2.40M,0.00%
2/24/2014,6621.6,"6,661.20","6,661.20","6,581.90",1.60M,0.00%
2/21/2014,6621.6,"6,661.20","6,661.20","6,621.60",1.73M,-1.18%
2/20/2014,6700.9,"6,621.60","6,819.80","6,581.90",6.22M,1.81%
2/19/2014,6581.9,"6,621.60","6,661.20","6,542.30",5.73M,0.00%
2/18/2014,6581.9,"6,621.60","6,621.60","6,581.90",3.57M,-0.60%
2/17/2014,6621.6,"6,700.90","6,700.90","6,581.90",2.25M,-0.60%
2/14/2014,6661.2,"6,661.20","6,740.50","6,581.90",2.86M,1.20%
2/13/2014,6581.9,"6,661.20","6,700.90","6,581.90",4.14M,-1.19%
2/12/2014,6661.2,"6,661.20","6,700.90","6,621.60",2.26M,-0.59%
2/11/2014,6700.9,"6,819.80","6,819.80","6,700.90",3.72M,-0.59%
2/10/2014,6740.5,"6,542.30","6,819.80","6,423.30",7.77M,2.41%
2/7/2014,6581.9,"6,899.10","6,938.80","6,542.30",5.73M,-5.68%
2/6/2014,6978.4,"7,216.30","7,256.00","6,978.40",1.84M,-4.35%
1/27/2014,7295.6,"7,414.60","7,454.20","7,176.70",6.22M,-2.13%
